transaction_id,customer_id,amount,fraud_risk_score,risk_bucket,triggered_rules,reasons,run_ts
TXN004698,CUST0066,236.06,40,Medium,amount_anomaly;odd_hour,"amount 236.06 is 3.5 std devs above CUST0066's rolling average of 60.43 (n=7 prior txns) | transaction at 03:00 local (odd-hour window: 1-4am) -- weak signal, contributing factor only",2026-09-17 07:13:11.327262 UTC
TXN003133,CUST0015,279.44,40,Medium,amount_anomaly;odd_hour,"transaction at 04:00 local (odd-hour window: 1-4am) -- weak signal, contributing factor only | amount 279.44 is 3.1 std devs above CUST0015's rolling average of 84.58 (n=9 prior txns)",2026-09-17 07:13:11.327262 UTC
TXN003165,CUST0332,398.68,40,Medium,amount_anomaly;odd_hour,"amount 398.68 is 4.4 std devs above CUST0332's rolling average of 69.24 (n=6 prior txns) | transaction at 01:00 local (odd-hour window: 1-4am) -- weak signal, contributing factor only",2026-09-17 07:13:11.327262 UTC
TXN003012,CUST0015,171.08,40,Medium,amount_anomaly;odd_hour,"transaction at 04:00 local (odd-hour window: 1-4am) -- weak signal, contributing factor only | amount 171.08 is 3.4 std devs above CUST0015's rolling average of 38.57 (n=5 prior txns)",2026-09-17 07:13:11.327262 UTC
TXN003910,CUST0301,162.72,40,Medium,amount_anomaly;odd_hour,"amount 162.72 is 3.1 std devs above CUST0301's rolling average of 40.9 (n=10 prior txns) | transaction at 04:00 local (odd-hour window: 1-4am) -- weak signal, contributing factor only",2026-09-17 07:13:11.327262 UTC
TXN001754,CUST0348,246.76,40,Medium,amount_anomaly;odd_hour,"amount 246.76 is 3.7 std devs above CUST0348's rolling average of 53.1 (n=6 prior txns) | transaction at 01:00 local (odd-hour window: 1-4am) -- weak signal, contributing factor only",2026-09-17 07:13:11.327262 UTC
TXN001360,CUST0288,150.01,40,Medium,amount_anomaly;odd_hour,"transaction at 03:00 local (odd-hour window: 1-4am) -- weak signal, contributing factor only | amount 150.01 is 3.3 std devs above CUST0288's rolling average of 52.32 (n=7 prior txns)",2026-09-17 07:13:11.327262 UTC
TXN003553,CUST0284,244.49,40,Medium,amount_anomaly;odd_hour,"amount 244.49 is 9.3 std devs above CUST0284's rolling average of 33.11 (n=6 prior txns) | transaction at 04:00 local (odd-hour window: 1-4am) -- weak signal, contributing factor only",2026-09-17 07:13:11.327262 UTC
TXN003055,CUST0028,260.79,40,Medium,amount_anomaly;odd_hour,"amount 260.79 is 8.7 std devs above CUST0028's rolling average of 34.77 (n=9 prior txns) | transaction at 02:00 local (odd-hour window: 1-4am) -- weak signal, contributing factor only",2026-09-17 07:13:11.327262 UTC
TXN002904,CUST0274,357.67,40,Medium,amount_anomaly;odd_hour,"transaction at 03:00 local (odd-hour window: 1-4am) -- weak signal, contributing factor only | amount 357.67 is 3.9 std devs above CUST0274's rolling average of 78.75 (n=11 prior txns)",2026-09-17 07:13:11.327262 UTC
TXN001209,CUST0269,386.82,40,Medium,amount_anomaly;odd_hour,"transaction at 03:00 local (odd-hour window: 1-4am) -- weak signal, contributing factor only | amount 386.82 is 3 std devs above CUST0269's rolling average of 94.93 (n=10 prior txns)",2026-09-17 07:13:11.327262 UTC
TXN003242,CUST0261,395.42,40,Medium,amount_anomaly;odd_hour,"transaction at 02:00 local (odd-hour window: 1-4am) -- weak signal, contributing factor only | amount 395.42 is 3.4 std devs above CUST0261's rolling average of 83.73 (n=15 prior txns)",2026-09-17 07:13:11.327262 UTC
TXN004508,CUST0257,311.77,40,Medium,amount_anomaly;odd_hour,"amount 311.77 is 10.7 std devs above CUST0257's rolling average of 33.52 (n=4 prior txns) | transaction at 02:00 local (odd-hour window: 1-4am) -- weak signal, contributing factor only",2026-09-17 07:13:11.327262 UTC
TXN002561,CUST0355,127.34,40,Medium,amount_anomaly;odd_hour,"transaction at 03:00 local (odd-hour window: 1-4am) -- weak signal, contributing factor only | amount 127.34 is 3.7 std devs above CUST0355's rolling average of 35.71 (n=5 prior txns)",2026-09-17 07:13:11.327262 UTC
TXN001973,CUST0245,184.08,40,Medium,amount_anomaly;odd_hour,"amount 184.08 is 3.9 std devs above CUST0245's rolling average of 40.36 (n=10 prior txns) | transaction at 02:00 local (odd-hour window: 1-4am) -- weak signal, contributing factor only",2026-09-17 07:13:11.327262 UTC
TXN002894,CUST0080,250.46,40,Medium,amount_anomaly;odd_hour,"amount 250.46 is 4.3 std devs above CUST0080's rolling average of 51.52 (n=4 prior txns) | transaction at 04:00 local (odd-hour window: 1-4am) -- weak signal, contributing factor only",2026-09-17 07:13:11.327262 UTC
TXN000610,CUST0363,325.65,40,Medium,amount_anomaly;odd_hour,"transaction at 04:00 local (odd-hour window: 1-4am) -- weak signal, contributing factor only | amount 325.65 is 3 std devs above CUST0363's rolling average of 108.3 (n=10 prior txns)",2026-09-17 07:13:11.327262 UTC
TXN003891,CUST0071,207.94,40,Medium,amount_anomaly;odd_hour,"transaction at 03:00 local (odd-hour window: 1-4am) -- weak signal, contributing factor only | amount 207.94 is 3.2 std devs above CUST0071's rolling average of 68.29 (n=12 prior txns)",2026-09-17 07:13:11.327262 UTC
TXN001577,CUST0207,307.7,40,Medium,amount_anomaly;odd_hour,"amount 307.7 is 3.6 std devs above CUST0207's rolling average of 69.98 (n=10 prior txns) | transaction at 03:00 local (odd-hour window: 1-4am) -- weak signal, contributing factor only",2026-09-17 07:13:11.327262 UTC
TXN003184,CUST0334,277.42,40,Medium,amount_anomaly;odd_hour,"transaction at 01:00 local (odd-hour window: 1-4am) -- weak signal, contributing factor only | amount 277.42 is 62.6 std devs above CUST0334's rolling average of 12.76 (n=4 prior txns)",2026-09-17 07:13:11.327262 UTC
TXN004728,CUST0016,130.16,40,Medium,amount_anomaly;odd_hour,"amount 130.16 is 3.5 std devs above CUST0016's rolling average of 35.03 (n=5 prior txns) | transaction at 02:00 local (odd-hour window: 1-4am) -- weak signal, contributing factor only",2026-09-17 07:13:11.327262 UTC
TXN003656,CUST0182,85.87,40,Medium,amount_anomaly;odd_hour,"amount 85.87 is 5.7 std devs above CUST0182's rolling average of 29.03 (n=6 prior txns) | transaction at 01:00 local (odd-hour window: 1-4am) -- weak signal, contributing factor only",2026-09-17 07:13:11.327262 UTC
TXN003572,CUST0055,235.79,40,Medium,amount_anomaly;odd_hour,"amount 235.79 is 11.2 std devs above CUST0055's rolling average of 31.83 (n=4 prior txns) | transaction at 04:00 local (odd-hour window: 1-4am) -- weak signal, contributing factor only",2026-09-17 07:13:11.327262 UTC
TXN003270,CUST0173,236.35,40,Medium,amount_anomaly;odd_hour,"transaction at 01:00 local (odd-hour window: 1-4am) -- weak signal, contributing factor only | amount 236.35 is 5.8 std devs above CUST0173's rolling average of 36.77 (n=6 prior txns)",2026-09-17 07:13:11.327262 UTC
TXN001436,CUST0166,394.49,40,Medium,amount_anomaly;odd_hour,"transaction at 04:00 local (odd-hour window: 1-4am) -- weak signal, contributing factor only | amount 394.49 is 4 std devs above CUST0166's rolling average of 87.15 (n=12 prior txns)",2026-09-17 07:13:11.327262 UTC
TXN000265,CUST0158,386.95,40,Medium,amount_anomaly;odd_hour,"transaction at 01:00 local (odd-hour window: 1-4am) -- weak signal, contributing factor only | amount 386.95 is 3.2 std devs above CUST0158's rolling average of 88.32 (n=16 prior txns)",2026-09-17 07:13:11.327262 UTC
TXN003654,CUST0005,167.97,40,Medium,amount_anomaly;odd_hour,"amount 167.97 is 3.7 std devs above CUST0005's rolling average of 59.08 (n=5 prior txns) | transaction at 01:00 local (odd-hour window: 1-4am) -- weak signal, contributing factor only",2026-09-17 07:13:11.327262 UTC
TXN000404,CUST0143,339.64,40,Medium,amount_anomaly;odd_hour,"transaction at 03:00 local (odd-hour window: 1-4am) -- weak signal, contributing factor only | amount 339.64 is 5.7 std devs above CUST0143's rolling average of 76.14 (n=5 prior txns)",2026-09-17 07:13:11.327262 UTC
TXN003304,CUST0123,215.54,40,Medium,amount_anomaly;odd_hour,"amount 215.54 is 3.2 std devs above CUST0123's rolling average of 66.87 (n=6 prior txns) | transaction at 04:00 local (odd-hour window: 1-4am) -- weak signal, contributing factor only",2026-09-17 07:13:11.327262 UTC
TXN001199,CUST0140,220.47,40,Medium,amount_anomaly;odd_hour,"amount 220.47 is 5.4 std devs above CUST0140's rolling average of 34.5 (n=8 prior txns) | transaction at 03:00 local (odd-hour window: 1-4am) -- weak signal, contributing factor only",2026-09-17 07:13:11.327262 UTC
TXN003996,CUST0134,213.2,40,Medium,amount_anomaly;odd_hour,"amount 213.2 is 4.5 std devs above CUST0134's rolling average of 48.85 (n=12 prior txns) | transaction at 03:00 local (odd-hour window: 1-4am) -- weak signal, contributing factor only",2026-09-17 07:13:11.327262 UTC
TXN003348,CUST0048,259.36,30,Medium,amount_anomaly,amount 259.36 is 5.8 std devs above CUST0048's rolling average of 60.73 (n=5 prior txns),2026-09-17 07:13:11.327262 UTC
TXN003072,CUST0201,370.37,30,Medium,amount_anomaly,amount 370.37 is 11.5 std devs above CUST0201's rolling average of 40.52 (n=4 prior txns),2026-09-17 07:13:11.327262 UTC
TXN003913,CUST0066,160.52,30,Medium,amount_anomaly,amount 160.52 is 3.8 std devs above CUST0066's rolling average of 40.98 (n=4 prior txns),2026-09-17 07:13:11.327262 UTC
TXN002557,CUST0132,386.76,30,Medium,amount_anomaly,amount 386.76 is 3.8 std devs above CUST0132's rolling average of 69.12 (n=9 prior txns),2026-09-17 07:13:11.327262 UTC
TXN002339,CUST0134,126.77,30,Medium,amount_anomaly,amount 126.77 is 4 std devs above CUST0134's rolling average of 38.92 (n=7 prior txns),2026-09-17 07:13:11.327262 UTC
TXN001799,CUST0066,356.5,30,Medium,amount_anomaly,amount 356.5 is 3.5 std devs above CUST0066's rolling average of 82.38 (n=8 prior txns),2026-09-17 07:13:11.327262 UTC
TXN001419,CUST0134,282.13,30,Medium,amount_anomaly,amount 282.13 is 3.8 std devs above CUST0134's rolling average of 61.5 (n=13 prior txns),2026-09-17 07:13:11.327262 UTC
TXN000304,CUST0134,78.91,30,Medium,amount_anomaly,amount 78.91 is 3.3 std devs above CUST0134's rolling average of 32.26 (n=6 prior txns),2026-09-17 07:13:11.327262 UTC
TXN002282,CUST0136,220.06,30,Medium,amount_anomaly,amount 220.06 is 3.3 std devs above CUST0136's rolling average of 73.73 (n=8 prior txns),2026-09-17 07:13:11.327262 UTC
TXN000551,CUST0138,328.47,30,Medium,amount_anomaly,amount 328.47 is 5 std devs above CUST0138's rolling average of 56.67 (n=8 prior txns),2026-09-17 07:13:11.327262 UTC
TXN002783,CUST0064,177.7,30,Medium,amount_anomaly,amount 177.7 is 9.3 std devs above CUST0064's rolling average of 31.33 (n=4 prior txns),2026-09-17 07:13:11.327262 UTC
TXN000342,CUST0386,331.74,30,Medium,amount_anomaly,amount 331.74 is 5.8 std devs above CUST0386's rolling average of 54.4 (n=10 prior txns),2026-09-17 07:13:11.327262 UTC
TXN004356,CUST0125,357.96,30,Medium,amount_anomaly,amount 357.96 is 5.3 std devs above CUST0125's rolling average of 63.52 (n=5 prior txns),2026-09-17 07:13:11.327262 UTC
TXN003386,CUST0063,255.94,30,Medium,amount_anomaly,amount 255.94 is 3.1 std devs above CUST0063's rolling average of 61.33 (n=10 prior txns),2026-09-17 07:13:11.327262 UTC
TXN000178,CUST0384,341.97,30,Medium,amount_anomaly,amount 341.97 is 5.5 std devs above CUST0384's rolling average of 55.8 (n=12 prior txns),2026-09-17 07:13:11.327262 UTC
TXN003067,CUST0384,142.5,30,Medium,amount_anomaly,amount 142.5 is 3.8 std devs above CUST0384's rolling average of 41.02 (n=8 prior txns),2026-09-17 07:13:11.327262 UTC
TXN003453,CUST0142,242.98,30,Medium,amount_anomaly,amount 242.98 is 11.7 std devs above CUST0142's rolling average of 38.99 (n=6 prior txns),2026-09-17 07:13:11.327262 UTC
TXN000019,CUST0122,280.95,30,Medium,amount_anomaly,amount 280.95 is 4.8 std devs above CUST0122's rolling average of 62.97 (n=9 prior txns),2026-09-17 07:13:11.327262 UTC
TXN004099,CUST0383,264.92,30,Medium,amount_anomaly,amount 264.92 is 6.3 std devs above CUST0383's rolling average of 44.15 (n=4 prior txns),2026-09-17 07:13:11.327262 UTC
TXN003322,CUST0144,280.82,30,Medium,amount_anomaly,amount 280.82 is 4.7 std devs above CUST0144's rolling average of 46.01 (n=8 prior txns),2026-09-17 07:13:11.327262 UTC
TXN003995,CUST0145,289.36,30,Medium,amount_anomaly,amount 289.36 is 3.1 std devs above CUST0145's rolling average of 86.36 (n=7 prior txns),2026-09-17 07:13:11.327262 UTC
TXN000112,CUST0062,388.19,30,Medium,amount_anomaly,amount 388.19 is 8.1 std devs above CUST0062's rolling average of 48.93 (n=5 prior txns),2026-09-17 07:13:11.327262 UTC
TXN003389,CUST0381,343.84,30,Medium,amount_anomaly,amount 343.84 is 3.5 std devs above CUST0381's rolling average of 74.3 (n=11 prior txns),2026-09-17 07:13:11.327262 UTC
TXN003719,CUST0381,273.42,30,Medium,amount_anomaly,amount 273.42 is 4.9 std devs above CUST0381's rolling average of 60.78 (n=8 prior txns),2026-09-17 07:13:11.327262 UTC
TXN004507,CUST0149,178.37,30,Medium,amount_anomaly,amount 178.37 is 4.9 std devs above CUST0149's rolling average of 32.68 (n=4 prior txns),2026-09-17 07:13:11.327262 UTC
TXN001203,CUST0069,235.03,30,Medium,amount_anomaly,amount 235.03 is 3.2 std devs above CUST0069's rolling average of 57.04 (n=15 prior txns),2026-09-17 07:13:11.327262 UTC
TXN001214,CUST0005,359.11,30,Medium,amount_anomaly,amount 359.11 is 5.3 std devs above CUST0005's rolling average of 78.69 (n=8 prior txns),2026-09-17 07:13:11.327262 UTC
TXN004674,CUST0155,187.07,30,Medium,amount_anomaly,amount 187.07 is 4.3 std devs above CUST0155's rolling average of 44.71 (n=7 prior txns),2026-09-17 07:13:11.327262 UTC
TXN004462,CUST0379,310.65,30,Medium,amount_anomaly,amount 310.65 is 3.1 std devs above CUST0379's rolling average of 107.76 (n=9 prior txns),2026-09-17 07:13:11.327262 UTC
TXN003869,CUST0155,401.89,30,Medium,amount_anomaly,amount 401.89 is 5.8 std devs above CUST0155's rolling average of 62.51 (n=8 prior txns),2026-09-17 07:13:11.327262 UTC
TXN004743,CUST0156,222.54,30,Medium,amount_anomaly,amount 222.54 is 4.8 std devs above CUST0156's rolling average of 51.88 (n=4 prior txns),2026-09-17 07:13:11.327262 UTC
TXN000392,CUST0158,365.46,30,Medium,amount_anomaly,amount 365.46 is 5 std devs above CUST0158's rolling average of 59.08 (n=8 prior txns),2026-09-17 07:13:11.327262 UTC
TXN000690,CUST0069,235.88,30,Medium,amount_anomaly,amount 235.88 is 9.4 std devs above CUST0069's rolling average of 50.77 (n=5 prior txns),2026-09-17 07:13:11.327262 UTC
TXN003924,CUST0006,110.13,30,Medium,amount_anomaly,amount 110.13 is 4.4 std devs above CUST0006's rolling average of 30.83 (n=4 prior txns),2026-09-17 07:13:11.327262 UTC
TXN001526,CUST0006,196.16,30,Medium,amount_anomaly,amount 196.16 is 3.9 std devs above CUST0006's rolling average of 46.69 (n=5 prior txns),2026-09-17 07:13:11.327262 UTC
TXN000867,CUST0006,354.66,30,Medium,amount_anomaly,amount 354.66 is 4.1 std devs above CUST0006's rolling average of 78.81 (n=7 prior txns),2026-09-17 07:13:11.327262 UTC
TXN002094,CUST0059,265.26,30,Medium,amount_anomaly,amount 265.26 is 7.1 std devs above CUST0059's rolling average of 37.64 (n=6 prior txns),2026-09-17 07:13:11.327262 UTC
TXN003905,CUST0376,260.18,30,Medium,amount_anomaly,amount 260.18 is 4.8 std devs above CUST0376's rolling average of 87.43 (n=8 prior txns),2026-09-17 07:13:11.327262 UTC
TXN004589,CUST0159,109.27,30,Medium,amount_anomaly,amount 109.27 is 20.7 std devs above CUST0159's rolling average of 17.74 (n=5 prior txns),2026-09-17 07:13:11.327262 UTC
TXN000547,CUST0159,292.04,30,Medium,amount_anomaly,amount 292.04 is 7.4 std devs above CUST0159's rolling average of 29.55 (n=7 prior txns),2026-09-17 07:13:11.327262 UTC
TXN004537,CUST0160,265.35,30,Medium,amount_anomaly,amount 265.35 is 3.8 std devs above CUST0160's rolling average of 53.49 (n=15 prior txns),2026-09-17 07:13:11.327262 UTC
TXN000955,CUST0058,280.87,30,Medium,amount_anomaly,amount 280.87 is 3.8 std devs above CUST0058's rolling average of 58.95 (n=7 prior txns),2026-09-17 07:13:11.327262 UTC
TXN002397,CUST0161,219.71,30,Medium,amount_anomaly,amount 219.71 is 4.8 std devs above CUST0161's rolling average of 37.94 (n=4 prior txns),2026-09-17 07:13:11.327262 UTC
TXN002226,CUST0162,401.57,30,Medium,amount_anomaly,amount 401.57 is 3.6 std devs above CUST0162's rolling average of 80.63 (n=14 prior txns),2026-09-17 07:13:11.327262 UTC
TXN001672,CUST0069,83.53,30,Medium,amount_anomaly,amount 83.53 is 5 std devs above CUST0069's rolling average of 42.58 (n=4 prior txns),2026-09-17 07:13:11.327262 UTC
TXN004466,CUST0373,82.95,30,Medium,amount_anomaly,amount 82.95 is 3.6 std devs above CUST0373's rolling average of 29.39 (n=8 prior txns),2026-09-17 07:13:11.327262 UTC
TXN003186,CUST0057,236.2,30,Medium,amount_anomaly,amount 236.2 is 6.5 std devs above CUST0057's rolling average of 34.76 (n=12 prior txns),2026-09-17 07:13:11.327262 UTC
TXN002720,CUST0372,101.49,30,Medium,amount_anomaly,amount 101.49 is 7 std devs above CUST0372's rolling average of 18.25 (n=5 prior txns),2026-09-17 07:13:11.327262 UTC
TXN003847,CUST0169,99.41,30,Medium,amount_anomaly,amount 99.41 is 3.2 std devs above CUST0169's rolling average of 30.62 (n=4 prior txns),2026-09-17 07:13:11.327262 UTC
TXN003281,CUST0171,304.82,30,Medium,amount_anomaly,amount 304.82 is 24.9 std devs above CUST0171's rolling average of 21.28 (n=5 prior txns),2026-09-17 07:13:11.327262 UTC
TXN001744,CUST0173,328.91,30,Medium,amount_anomaly,amount 328.91 is 3.4 std devs above CUST0173's rolling average of 70.98 (n=10 prior txns),2026-09-17 07:13:11.327262 UTC
TXN004769,CUST0116,292.74,30,Medium,amount_anomaly,amount 292.74 is 6.2 std devs above CUST0116's rolling average of 40.49 (n=6 prior txns),2026-09-17 07:13:11.327262 UTC
TXN000860,CUST0371,314.4,30,Medium,amount_anomaly,amount 314.4 is 16.5 std devs above CUST0371's rolling average of 29.39 (n=4 prior txns),2026-09-17 07:13:11.327262 UTC
TXN002971,CUST0115,326.83,30,Medium,amount_anomaly,amount 326.83 is 4.7 std devs above CUST0115's rolling average of 56.95 (n=9 prior txns),2026-09-17 07:13:11.327262 UTC
TXN001200,CUST0178,369.05,30,Medium,amount_anomaly,amount 369.05 is 4.9 std devs above CUST0178's rolling average of 68.12 (n=7 prior txns),2026-09-17 07:13:11.327262 UTC
TXN004105,CUST0182,387.76,30,Medium,amount_anomaly,amount 387.76 is 16.2 std devs above CUST0182's rolling average of 36.48 (n=8 prior txns),2026-09-17 07:13:11.327262 UTC
TXN003300,CUST0393,208.88,30,Medium,amount_anomaly,amount 208.88 is 4.6 std devs above CUST0393's rolling average of 55.34 (n=5 prior txns),2026-09-17 07:13:11.327262 UTC
TXN001064,CUST0183,221.29,30,Medium,amount_anomaly,amount 221.29 is 6.1 std devs above CUST0183's rolling average of 46.8 (n=4 prior txns),2026-09-17 07:13:11.327262 UTC
TXN000230,CUST0184,171.29,30,Medium,amount_anomaly,amount 171.29 is 6.5 std devs above CUST0184's rolling average of 33.75 (n=4 prior txns),2026-09-17 07:13:11.327262 UTC
TXN000264,CUST0188,124.7,30,Medium,amount_anomaly,amount 124.7 is 3.3 std devs above CUST0188's rolling average of 36.12 (n=6 prior txns),2026-09-17 07:13:11.327262 UTC
TXN001755,CUST0188,361.89,30,Medium,amount_anomaly,amount 361.89 is 8.3 std devs above CUST0188's rolling average of 42.57 (n=9 prior txns),2026-09-17 07:13:11.327262 UTC
TXN003768,CUST0190,310.8,30,Medium,amount_anomaly,amount 310.8 is 5.4 std devs above CUST0190's rolling average of 46.51 (n=5 prior txns),2026-09-17 07:13:11.327262 UTC
TXN001015,CUST0192,178.69,30,Medium,amount_anomaly,amount 178.69 is 8 std devs above CUST0192's rolling average of 33.98 (n=6 prior txns),2026-09-17 07:13:11.327262 UTC
TXN004429,CUST0368,362.63,30,Medium,amount_anomaly,amount 362.63 is 6.2 std devs above CUST0368's rolling average of 75.06 (n=7 prior txns),2026-09-17 07:13:11.327262 UTC
TXN001393,CUST0367,144.32,30,Medium,amount_anomaly,amount 144.32 is 8.2 std devs above CUST0367's rolling average of 23.83 (n=6 prior txns),2026-09-17 07:13:11.327262 UTC
TXN001250,CUST0192,58.43,30,Medium,amount_anomaly,amount 58.43 is 3.3 std devs above CUST0192's rolling average of 23.59 (n=4 prior txns),2026-09-17 07:13:11.327262 UTC
TXN003087,CUST0193,309.28,30,Medium,amount_anomaly,amount 309.28 is 15.6 std devs above CUST0193's rolling average of 24.82 (n=4 prior txns),2026-09-17 07:13:11.327262 UTC
TXN004327,CUST0393,356.57,30,Medium,amount_anomaly,amount 356.57 is 4.4 std devs above CUST0393's rolling average of 84.98 (n=11 prior txns),2026-09-17 07:13:11.327262 UTC
TXN000225,CUST0114,275.12,30,Medium,amount_anomaly,amount 275.12 is 3.2 std devs above CUST0114's rolling average of 56.1 (n=15 prior txns),2026-09-17 07:13:11.327262 UTC
TXN004081,CUST0089,277.74,30,Medium,amount_anomaly,amount 277.74 is 3.4 std devs above CUST0089's rolling average of 68.26 (n=5 prior txns),2026-09-17 07:13:11.327262 UTC
TXN001260,CUST0203,272.71,30,Medium,amount_anomaly,amount 272.71 is 35.1 std devs above CUST0203's rolling average of 25.26 (n=4 prior txns),2026-09-17 07:13:11.327262 UTC
TXN000434,CUST0365,182.01,30,Medium,amount_anomaly,amount 182.01 is 3.5 std devs above CUST0365's rolling average of 37.43 (n=8 prior txns),2026-09-17 07:13:11.327262 UTC
TXN000358,CUST0114,198.49,30,Medium,amount_anomaly,amount 198.49 is 18.3 std devs above CUST0114's rolling average of 15.52 (n=4 prior txns),2026-09-17 07:13:11.327262 UTC
TXN000575,CUST0209,297.67,30,Medium,amount_anomaly,amount 297.67 is 3.7 std devs above CUST0209's rolling average of 75.32 (n=5 prior txns),2026-09-17 07:13:11.327262 UTC
TXN001893,CUST0213,227.91,30,Medium,amount_anomaly,amount 227.91 is 3.1 std devs above CUST0213's rolling average of 55.75 (n=11 prior txns),2026-09-17 07:13:11.327262 UTC
TXN003301,CUST0009,148.67,30,Medium,amount_anomaly,amount 148.67 is 3.8 std devs above CUST0009's rolling average of 41.84 (n=11 prior txns),2026-09-17 07:13:11.327262 UTC
TXN000223,CUST0009,262.88,30,Medium,amount_anomaly,amount 262.88 is 5.4 std devs above CUST0009's rolling average of 49.44 (n=13 prior txns),2026-09-17 07:13:11.327262 UTC
TXN004610,CUST0215,370.59,30,Medium,amount_anomaly,amount 370.59 is 7.5 std devs above CUST0215's rolling average of 37.13 (n=7 prior txns),2026-09-17 07:13:11.327262 UTC
TXN000990,CUST0045,391.54,30,Medium,amount_anomaly,amount 391.54 is 19.6 std devs above CUST0045's rolling average of 31.17 (n=4 prior txns),2026-09-17 07:13:11.327262 UTC
TXN001500,CUST0364,225.78,30,Medium,amount_anomaly,amount 225.78 is 7.4 std devs above CUST0364's rolling average of 30.76 (n=6 prior txns),2026-09-17 07:13:11.327262 UTC
TXN001957,CUST0394,387.96,30,Medium,amount_anomaly,amount 387.96 is 4.9 std devs above CUST0394's rolling average of 57.14 (n=10 prior txns),2026-09-17 07:13:11.327262 UTC
TXN003226,CUST0216,342.23,30,Medium,amount_anomaly,amount 342.23 is 6.7 std devs above CUST0216's rolling average of 38.45 (n=6 prior txns),2026-09-17 07:13:11.327262 UTC
TXN000340,CUST0044,304.42,30,Medium,amount_anomaly,amount 304.42 is 5 std devs above CUST0044's rolling average of 69.26 (n=7 prior txns),2026-09-17 07:13:11.327262 UTC
TXN001975,CUST0363,385.0,30,Medium,amount_anomaly,amount 385 is 3 std devs above CUST0363's rolling average of 106.23 (n=22 prior txns),2026-09-17 07:13:11.327262 UTC
TXN001802,CUST0389,229.1,30,Medium,amount_anomaly,amount 229.1 is 6.5 std devs above CUST0389's rolling average of 28.02 (n=6 prior txns),2026-09-17 07:13:11.327262 UTC
TXN000631,CUST0222,185.1,30,Medium,amount_anomaly,amount 185.1 is 3.3 std devs above CUST0222's rolling average of 41.73 (n=7 prior txns),2026-09-17 07:13:11.327262 UTC
TXN004543,CUST0224,368.67,30,Medium,amount_anomaly,amount 368.67 is 5.2 std devs above CUST0224's rolling average of 60.66 (n=9 prior txns),2026-09-17 07:13:11.327262 UTC
TXN003904,CUST0227,365.03,30,Medium,amount_anomaly,amount 365.03 is 4.7 std devs above CUST0227's rolling average of 59.32 (n=9 prior txns),2026-09-17 07:13:11.327262 UTC
TXN001912,CUST0230,342.81,30,Medium,amount_anomaly,amount 342.81 is 4.3 std devs above CUST0230's rolling average of 88.94 (n=6 prior txns),2026-09-17 07:13:11.327262 UTC
TXN002322,CUST0360,331.78,30,Medium,amount_anomaly,amount 331.78 is 4.6 std devs above CUST0360's rolling average of 53.64 (n=12 prior txns),2026-09-17 07:13:11.327262 UTC
TXN002161,CUST0360,184.03,30,Medium,amount_anomaly,amount 184.03 is 14.7 std devs above CUST0360's rolling average of 30.2 (n=4 prior txns),2026-09-17 07:13:11.327262 UTC
TXN004519,CUST0231,373.04,30,Medium,amount_anomaly,amount 373.04 is 9.3 std devs above CUST0231's rolling average of 45.86 (n=4 prior txns),2026-09-17 07:13:11.327262 UTC
TXN004785,CUST0359,369.96,30,Medium,amount_anomaly,amount 369.96 is 6 std devs above CUST0359's rolling average of 64.6 (n=11 prior txns),2026-09-17 07:13:11.327262 UTC
TXN000865,CUST0040,335.13,30,Medium,amount_anomaly,amount 335.13 is 6 std devs above CUST0040's rolling average of 62.79 (n=6 prior txns),2026-09-17 07:13:11.327262 UTC
TXN002178,CUST0235,398.86,30,Medium,amount_anomaly,amount 398.86 is 3.2 std devs above CUST0235's rolling average of 99.91 (n=10 prior txns),2026-09-17 07:13:11.327262 UTC
TXN001857,CUST0111,351.53,30,Medium,amount_anomaly,amount 351.53 is 9 std devs above CUST0111's rolling average of 107.5 (n=4 prior txns),2026-09-17 07:13:11.327262 UTC
TXN002073,CUST0079,119.14,30,Medium,amount_anomaly,amount 119.14 is 6.1 std devs above CUST0079's rolling average of 34.33 (n=9 prior txns),2026-09-17 07:13:11.327262 UTC
TXN001056,CUST0010,215.51,30,Medium,amount_anomaly,amount 215.51 is 11.1 std devs above CUST0010's rolling average of 37.88 (n=6 prior txns),2026-09-17 07:13:11.327262 UTC
TXN004244,CUST0241,229.42,30,Medium,amount_anomaly,amount 229.42 is 3.7 std devs above CUST0241's rolling average of 41.69 (n=8 prior txns),2026-09-17 07:13:11.327262 UTC
TXN004002,CUST0395,255.69,30,Medium,amount_anomaly,amount 255.69 is 3.2 std devs above CUST0395's rolling average of 59.75 (n=4 prior txns),2026-09-17 07:13:11.327262 UTC
TXN000455,CUST0245,290.98,30,Medium,amount_anomaly,amount 290.98 is 4.3 std devs above CUST0245's rolling average of 53.42 (n=11 prior txns),2026-09-17 07:13:11.327262 UTC
TXN004992,CUST0250,334.03,30,Medium,amount_anomaly,amount 334.03 is 6.2 std devs above CUST0250's rolling average of 54.04 (n=5 prior txns),2026-09-17 07:13:11.327262 UTC
TXN002401,CUST0253,242.21,30,Medium,amount_anomaly,amount 242.21 is 7.5 std devs above CUST0253's rolling average of 39.09 (n=8 prior txns),2026-09-17 07:13:11.327262 UTC
TXN001027,CUST0356,382.72,30,Medium,amount_anomaly,amount 382.72 is 5 std devs above CUST0356's rolling average of 62.27 (n=5 prior txns),2026-09-17 07:13:11.327262 UTC
TXN004059,CUST0356,162.71,30,Medium,amount_anomaly,amount 162.71 is 3.5 std devs above CUST0356's rolling average of 37.16 (n=4 prior txns),2026-09-17 07:13:11.327262 UTC
TXN004817,CUST0109,265.92,30,Medium,amount_anomaly,amount 265.92 is 4.5 std devs above CUST0109's rolling average of 50.59 (n=6 prior txns),2026-09-17 07:13:11.327262 UTC
TXN004677,CUST0035,270.81,30,Medium,amount_anomaly,amount 270.81 is 4 std devs above CUST0035's rolling average of 57.76 (n=9 prior txns),2026-09-17 07:13:11.327262 UTC
TXN004615,CUST0072,311.86,30,Medium,amount_anomaly,amount 311.86 is 4.1 std devs above CUST0072's rolling average of 82.47 (n=12 prior txns),2026-09-17 07:13:11.327262 UTC
TXN001919,CUST0034,379.75,30,Medium,amount_anomaly,amount 379.75 is 5 std devs above CUST0034's rolling average of 72.3 (n=5 prior txns),2026-09-17 07:13:11.327262 UTC
TXN004017,CUST0261,324.76,30,Medium,amount_anomaly,amount 324.76 is 3.7 std devs above CUST0261's rolling average of 62.82 (n=8 prior txns),2026-09-17 07:13:11.327262 UTC
TXN003611,CUST0354,381.67,30,Medium,amount_anomaly,amount 381.67 is 9.1 std devs above CUST0354's rolling average of 45.88 (n=5 prior txns),2026-09-17 07:13:11.327262 UTC
TXN004923,CUST0104,356.67,30,Medium,amount_anomaly,amount 356.67 is 3.6 std devs above CUST0104's rolling average of 85.09 (n=10 prior txns),2026-09-17 07:13:11.327262 UTC
TXN003486,CUST0033,399.45,30,Medium,amount_anomaly,amount 399.45 is 11.4 std devs above CUST0033's rolling average of 35.48 (n=6 prior txns),2026-09-17 07:13:11.327262 UTC
TXN002686,CUST0264,309.71,30,Medium,amount_anomaly,amount 309.71 is 7.1 std devs above CUST0264's rolling average of 37.72 (n=9 prior txns),2026-09-17 07:13:11.327262 UTC
TXN000823,CUST0011,348.08,30,Medium,amount_anomaly,amount 348.08 is 4.5 std devs above CUST0011's rolling average of 82.23 (n=10 prior txns),2026-09-17 07:13:11.327262 UTC
TXN003385,CUST0104,241.8,30,Medium,amount_anomaly,amount 241.8 is 5.9 std devs above CUST0104's rolling average of 36.99 (n=6 prior txns),2026-09-17 07:13:11.327262 UTC
TXN002546,CUST0103,310.86,30,Medium,amount_anomaly,amount 310.86 is 29 std devs above CUST0103's rolling average of 19.12 (n=4 prior txns),2026-09-17 07:13:11.327262 UTC
TXN003945,CUST0276,383.48,30,Medium,amount_anomaly,amount 383.48 is 5.3 std devs above CUST0276's rolling average of 77.6 (n=5 prior txns),2026-09-17 07:13:11.327262 UTC
TXN003014,CUST0279,289.0,30,Medium,amount_anomaly,amount 289 is 3 std devs above CUST0279's rolling average of 61.85 (n=8 prior txns),2026-09-17 07:13:11.327262 UTC
TXN000145,CUST0351,95.6,30,Medium,amount_anomaly,amount 95.6 is 9.2 std devs above CUST0351's rolling average of 16.23 (n=4 prior txns),2026-09-17 07:13:11.327262 UTC
TXN003271,CUST0281,204.34,30,Medium,amount_anomaly,amount 204.34 is 15.4 std devs above CUST0281's rolling average of 26.28 (n=4 prior txns),2026-09-17 07:13:11.327262 UTC
TXN000727,CUST0350,185.28,30,Medium,amount_anomaly,amount 185.28 is 4.6 std devs above CUST0350's rolling average of 32.07 (n=6 prior txns),2026-09-17 07:13:11.327262 UTC
TXN000301,CUST0097,401.24,30,Medium,amount_anomaly,amount 401.24 is 38.5 std devs above CUST0097's rolling average of 21.46 (n=5 prior txns),2026-09-17 07:13:11.327262 UTC
TXN004213,CUST0282,371.14,30,Medium,amount_anomaly,amount 371.14 is 4.5 std devs above CUST0282's rolling average of 87.9 (n=4 prior txns),2026-09-17 07:13:11.327262 UTC
TXN000512,CUST0283,399.87,30,Medium,amount_anomaly,amount 399.87 is 3.2 std devs above CUST0283's rolling average of 104.96 (n=9 prior txns),2026-09-17 07:13:11.327262 UTC
TXN002533,CUST0074,121.41,30,Medium,amount_anomaly,amount 121.41 is 6.4 std devs above CUST0074's rolling average of 27.61 (n=9 prior txns),2026-09-17 07:13:11.327262 UTC
TXN001442,CUST0285,178.24,30,Medium,amount_anomaly,amount 178.24 is 5.3 std devs above CUST0285's rolling average of 41.13 (n=7 prior txns),2026-09-17 07:13:11.327262 UTC
TXN004398,CUST0026,377.58,30,Medium,amount_anomaly,amount 377.58 is 5.6 std devs above CUST0026's rolling average of 64.89 (n=5 prior txns),2026-09-17 07:13:11.327262 UTC
TXN003361,CUST0288,340.16,30,Medium,amount_anomaly,amount 340.16 is 6.1 std devs above CUST0288's rolling average of 70.03 (n=9 prior txns),2026-09-17 07:13:11.327262 UTC
TXN004844,CUST0096,375.06,30,Medium,amount_anomaly,amount 375.06 is 13.3 std devs above CUST0096's rolling average of 27.44 (n=15 prior txns),2026-09-17 07:13:11.327262 UTC
TXN000862,CUST0096,106.33,30,Medium,amount_anomaly,amount 106.33 is 4.2 std devs above CUST0096's rolling average of 26.71 (n=6 prior txns),2026-09-17 07:13:11.327262 UTC
TXN003376,CUST0291,311.0,30,Medium,amount_anomaly,amount 311 is 6.4 std devs above CUST0291's rolling average of 96.05 (n=6 prior txns),2026-09-17 07:13:11.327262 UTC
TXN004906,CUST0025,73.58,30,Medium,amount_anomaly,amount 73.58 is 9.9 std devs above CUST0025's rolling average of 12.46 (n=4 prior txns),2026-09-17 07:13:11.327262 UTC
TXN003837,CUST0025,380.16,30,Medium,amount_anomaly,amount 380.16 is 3.4 std devs above CUST0025's rolling average of 65.94 (n=8 prior txns),2026-09-17 07:13:11.327262 UTC
TXN003503,CUST0025,281.88,30,Medium,amount_anomaly,amount 281.88 is 6.4 std devs above CUST0025's rolling average of 36.69 (n=6 prior txns),2026-09-17 07:13:11.327262 UTC
TXN000197,CUST0292,140.4,30,Medium,amount_anomaly,amount 140.4 is 25.1 std devs above CUST0292's rolling average of 28.46 (n=4 prior txns),2026-09-17 07:13:11.327262 UTC
TXN002243,CUST0293,170.23,30,Medium,amount_anomaly,amount 170.23 is 4.1 std devs above CUST0293's rolling average of 31.29 (n=4 prior txns),2026-09-17 07:13:11.327262 UTC
TXN001028,CUST0023,285.9,30,Medium,amount_anomaly,amount 285.9 is 5 std devs above CUST0023's rolling average of 74.5 (n=7 prior txns),2026-09-17 07:13:11.327262 UTC
TXN001578,CUST0022,155.09,30,Medium,amount_anomaly,amount 155.09 is 14.6 std devs above CUST0022's rolling average of 17.39 (n=5 prior txns),2026-09-17 07:13:11.327262 UTC
TXN002547,CUST0301,141.21,30,Medium,amount_anomaly,amount 141.21 is 8.9 std devs above CUST0301's rolling average of 24.24 (n=6 prior txns),2026-09-17 07:13:11.327262 UTC
TXN001731,CUST0095,312.67,30,Medium,amount_anomaly,amount 312.67 is 3.7 std devs above CUST0095's rolling average of 72.75 (n=4 prior txns),2026-09-17 07:13:11.327262 UTC
TXN002793,CUST0303,385.79,30,Medium,amount_anomaly,amount 385.79 is 3.1 std devs above CUST0303's rolling average of 93.72 (n=6 prior txns),2026-09-17 07:13:11.327262 UTC
TXN004342,CUST0021,145.1,30,Medium,amount_anomaly,amount 145.1 is 4.1 std devs above CUST0021's rolling average of 46.43 (n=8 prior txns),2026-09-17 07:13:11.327262 UTC
TXN000311,CUST0304,307.42,30,Medium,amount_anomaly,amount 307.42 is 5.6 std devs above CUST0304's rolling average of 76.05 (n=5 prior txns),2026-09-17 07:13:11.327262 UTC
TXN001367,CUST0304,374.89,30,Medium,amount_anomaly,amount 374.89 is 3.1 std devs above CUST0304's rolling average of 94.83 (n=10 prior txns),2026-09-17 07:13:11.327262 UTC
TXN003707,CUST0305,399.54,30,Medium,amount_anomaly,amount 399.54 is 3.2 std devs above CUST0305's rolling average of 119.29 (n=7 prior txns),2026-09-17 07:13:11.327262 UTC
TXN004998,CUST0020,352.68,30,Medium,amount_anomaly,amount 352.68 is 4.5 std devs above CUST0020's rolling average of 68.68 (n=14 prior txns),2026-09-17 07:13:11.327262 UTC
TXN001371,CUST0309,340.55,30,Medium,amount_anomaly,amount 340.55 is 3.9 std devs above CUST0309's rolling average of 73.88 (n=6 prior txns),2026-09-17 07:13:11.327262 UTC
TXN003030,CUST0311,320.95,30,Medium,amount_anomaly,amount 320.95 is 10.1 std devs above CUST0311's rolling average of 45.87 (n=9 prior txns),2026-09-17 07:13:11.327262 UTC
TXN001623,CUST0312,195.37,30,Medium,amount_anomaly,amount 195.37 is 3.4 std devs above CUST0312's rolling average of 52.88 (n=8 prior txns),2026-09-17 07:13:11.327262 UTC
TXN002794,CUST0313,377.66,30,Medium,amount_anomaly,amount 377.66 is 11.3 std devs above CUST0313's rolling average of 45.27 (n=9 prior txns),2026-09-17 07:13:11.327262 UTC
TXN002970,CUST0019,356.08,30,Medium,amount_anomaly,amount 356.08 is 3.6 std devs above CUST0019's rolling average of 74.52 (n=4 prior txns),2026-09-17 07:13:11.327262 UTC
TXN003809,CUST0322,243.07,30,Medium,amount_anomaly,amount 243.07 is 5.8 std devs above CUST0322's rolling average of 48.17 (n=8 prior txns),2026-09-17 07:13:11.327262 UTC
TXN000607,CUST0322,343.63,30,Medium,amount_anomaly,amount 343.63 is 4 std devs above CUST0322's rolling average of 77.83 (n=11 prior txns),2026-09-17 07:13:11.327262 UTC
TXN004272,CUST0341,258.98,30,Medium,amount_anomaly,amount 258.98 is 3.8 std devs above CUST0341's rolling average of 59.91 (n=11 prior txns),2026-09-17 07:13:11.327262 UTC
TXN000306,CUST0341,168.19,30,Medium,amount_anomaly,amount 168.19 is 3.1 std devs above CUST0341's rolling average of 44.93 (n=9 prior txns),2026-09-17 07:13:11.327262 UTC
TXN001761,CUST0341,144.64,30,Medium,amount_anomaly,amount 144.64 is 8.1 std devs above CUST0341's rolling average of 34.44 (n=6 prior txns),2026-09-17 07:13:11.327262 UTC
TXN003040,CUST0340,350.92,30,Medium,amount_anomaly,amount 350.92 is 6.5 std devs above CUST0340's rolling average of 53.36 (n=4 prior txns),2026-09-17 07:13:11.327262 UTC
TXN004707,CUST0324,118.06,30,Medium,amount_anomaly,amount 118.06 is 4 std devs above CUST0324's rolling average of 23.86 (n=4 prior txns),2026-09-17 07:13:11.327262 UTC
TXN002753,CUST0338,357.24,30,Medium,amount_anomaly,amount 357.24 is 4.3 std devs above CUST0338's rolling average of 79.23 (n=5 prior txns),2026-09-17 07:13:11.327262 UTC
TXN003727,CUST0324,385.26,30,Medium,amount_anomaly,amount 385.26 is 8.2 std devs above CUST0324's rolling average of 42.16 (n=6 prior txns),2026-09-17 07:13:11.327262 UTC
TXN003178,CUST0326,276.42,30,Medium,amount_anomaly,amount 276.42 is 3.7 std devs above CUST0326's rolling average of 56.01 (n=9 prior txns),2026-09-17 07:13:11.327262 UTC
TXN001829,CUST0331,289.69,30,Medium,amount_anomaly,amount 289.69 is 5.4 std devs above CUST0331's rolling average of 39.88 (n=4 prior txns),2026-09-17 07:13:11.327262 UTC
TXN004321,CUST0091,217.53,30,Medium,amount_anomaly,amount 217.53 is 13.4 std devs above CUST0091's rolling average of 22.18 (n=7 prior txns),2026-09-17 07:13:11.327262 UTC
TXN001415,CUST0087,337.3,30,Medium,amount_anomaly,amount 337.3 is 22 std devs above CUST0087's rolling average of 33.75 (n=4 prior txns),2026-09-17 07:13:11.327262 UTC
TXN004557,CUST0366,375.57,30,Medium,amount_anomaly,amount 375.57 is 4.1 std devs above CUST0366's rolling average of 63.39 (n=11 prior txns),2026-09-17 07:13:11.327262 UTC
TXN002928,CUST0016,241.69,30,Medium,amount_anomaly,amount 241.69 is 4.2 std devs above CUST0016's rolling average of 50.89 (n=6 prior txns),2026-09-17 07:13:11.327262 UTC
TXN004986,CUST0219,325.16,30,Medium,amount_anomaly,amount 325.16 is 5.5 std devs above CUST0219's rolling average of 103.25 (n=4 prior txns),2026-09-17 07:13:11.327262 UTC
TXN002145,CUST0039,121.47,10,Low,odd_hour,"transaction at 02:00 local (odd-hour window: 1-4am) -- weak signal, contributing factor only",2026-09-17 07:13:11.327262 UTC
TXN003639,CUST0235,195.44,10,Low,odd_hour,"transaction at 04:00 local (odd-hour window: 1-4am) -- weak signal, contributing factor only",2026-09-17 07:13:11.327262 UTC
TXN002332,CUST0332,16.71,10,Low,odd_hour,"transaction at 04:00 local (odd-hour window: 1-4am) -- weak signal, contributing factor only",2026-09-17 07:13:11.327262 UTC
TXN000023,CUST0332,13.64,10,Low,odd_hour,"transaction at 02:00 local (odd-hour window: 1-4am) -- weak signal, contributing factor only",2026-09-17 07:13:11.327262 UTC
TXN001255,CUST0332,57.66,10,Low,odd_hour,"transaction at 01:00 local (odd-hour window: 1-4am) -- weak signal, contributing factor only",2026-09-17 07:13:11.327262 UTC
TXN003103,CUST0335,39.36,10,Low,odd_hour,"transaction at 04:00 local (odd-hour window: 1-4am) -- weak signal, contributing factor only",2026-09-17 07:13:11.327262 UTC
TXN003381,CUST0336,42.69,10,Low,odd_hour,"transaction at 03:00 local (odd-hour window: 1-4am) -- weak signal, contributing factor only",2026-09-17 07:13:11.327262 UTC
TXN000658,CUST0016,76.05,10,Low,odd_hour,"transaction at 01:00 local (odd-hour window: 1-4am) -- weak signal, contributing factor only",2026-09-17 07:13:11.327262 UTC
TXN002064,CUST0016,30.73,10,Low,odd_hour,"transaction at 02:00 local (odd-hour window: 1-4am) -- weak signal, contributing factor only",2026-09-17 07:13:11.327262 UTC
TXN004145,CUST0016,35.85,10,Low,odd_hour,"transaction at 02:00 local (odd-hour window: 1-4am) -- weak signal, contributing factor only",2026-09-17 07:13:11.327262 UTC
TXN002104,CUST0016,13.02,10,Low,odd_hour,"transaction at 04:00 local (odd-hour window: 1-4am) -- weak signal, contributing factor only",2026-09-17 07:13:11.327262 UTC
TXN004957,CUST0337,8.22,10,Low,odd_hour,"transaction at 01:00 local (odd-hour window: 1-4am) -- weak signal, contributing factor only",2026-09-17 07:13:11.327262 UTC
TXN001545,CUST0331,11.94,10,Low,odd_hour,"transaction at 04:00 local (odd-hour window: 1-4am) -- weak signal, contributing factor only",2026-09-17 07:13:11.327262 UTC
TXN004574,CUST0331,9.29,10,Low,odd_hour,"transaction at 01:00 local (odd-hour window: 1-4am) -- weak signal, contributing factor only",2026-09-17 07:13:11.327262 UTC
TXN002176,CUST0331,10.74,10,Low,odd_hour,"transaction at 01:00 local (odd-hour window: 1-4am) -- weak signal, contributing factor only",2026-09-17 07:13:11.327262 UTC
TXN004509,CUST0015,108.07,10,Low,odd_hour,"transaction at 02:00 local (odd-hour window: 1-4am) -- weak signal, contributing factor only",2026-09-17 07:13:11.327262 UTC
TXN002143,CUST0329,229.5,10,Low,odd_hour,"transaction at 03:00 local (odd-hour window: 1-4am) -- weak signal, contributing factor only",2026-09-17 07:13:11.327262 UTC
TXN000176,CUST0328,218.5,10,Low,odd_hour,"transaction at 02:00 local (odd-hour window: 1-4am) -- weak signal, contributing factor only",2026-09-17 07:13:11.327262 UTC
TXN001282,CUST0327,169.77,10,Low,odd_hour,"transaction at 02:00 local (odd-hour window: 1-4am) -- weak signal, contributing factor only",2026-09-17 07:13:11.327262 UTC
TXN000194,CUST0327,13.13,10,Low,odd_hour,"transaction at 01:00 local (odd-hour window: 1-4am) -- weak signal, contributing factor only",2026-09-17 07:13:11.327262 UTC
TXN003906,CUST0326,8.85,10,Low,odd_hour,"transaction at 03:00 local (odd-hour window: 1-4am) -- weak signal, contributing factor only",2026-09-17 07:13:11.327262 UTC
TXN000035,CUST0326,26.53,10,Low,odd_hour,"transaction at 03:00 local (odd-hour window: 1-4am) -- weak signal, contributing factor only",2026-09-17 07:13:11.327262 UTC
TXN001195,CUST0326,32.28,10,Low,odd_hour,"transaction at 01:00 local (odd-hour window: 1-4am) -- weak signal, contributing factor only",2026-09-17 07:13:11.327262 UTC
TXN002495,CUST0337,210.11,10,Low,odd_hour,"transaction at 03:00 local (odd-hour window: 1-4am) -- weak signal, contributing factor only",2026-09-17 07:13:11.327262 UTC
TXN004459,CUST0325,111.86,10,Low,odd_hour,"transaction at 04:00 local (odd-hour window: 1-4am) -- weak signal, contributing factor only",2026-09-17 07:13:11.327262 UTC
TXN001335,CUST0325,139.99,10,Low,odd_hour,"transaction at 03:00 local (odd-hour window: 1-4am) -- weak signal, contributing factor only",2026-09-17 07:13:11.327262 UTC
TXN004879,CUST0325,77.74,10,Low,odd_hour,"transaction at 01:00 local (odd-hour window: 1-4am) -- weak signal, contributing factor only",2026-09-17 07:13:11.327262 UTC
TXN002274,CUST0324,58.95,10,Low,odd_hour,"transaction at 01:00 local (odd-hour window: 1-4am) -- weak signal, contributing factor only",2026-09-17 07:13:11.327262 UTC
TXN001151,CUST0017,303.5,10,Low,odd_hour,"transaction at 01:00 local (odd-hour window: 1-4am) -- weak signal, contributing factor only",2026-09-17 07:13:11.327262 UTC
TXN004175,CUST0017,96.38,10,Low,odd_hour,"transaction at 02:00 local (odd-hour window: 1-4am) -- weak signal, contributing factor only",2026-09-17 07:13:11.327262 UTC
TXN004821,CUST0017,203.1,10,Low,odd_hour,"transaction at 02:00 local (odd-hour window: 1-4am) -- weak signal, contributing factor only",2026-09-17 07:13:11.327262 UTC
TXN000114,CUST0017,9.2,10,Low,odd_hour,"transaction at 03:00 local (odd-hour window: 1-4am) -- weak signal, contributing factor only",2026-09-17 07:13:11.327262 UTC
TXN004687,CUST0337,69.58,10,Low,odd_hour,"transaction at 04:00 local (odd-hour window: 1-4am) -- weak signal, contributing factor only",2026-09-17 07:13:11.327262 UTC
TXN000166,CUST0338,329.35,10,Low,odd_hour,"transaction at 03:00 local (odd-hour window: 1-4am) -- weak signal, contributing factor only",2026-09-17 07:13:11.327262 UTC
TXN004191,CUST0323,264.48,10,Low,odd_hour,"transaction at 01:00 local (odd-hour window: 1-4am) -- weak signal, contributing factor only",2026-09-17 07:13:11.327262 UTC
TXN004121,CUST0341,14.44,10,Low,odd_hour,"transaction at 02:00 local (odd-hour window: 1-4am) -- weak signal, contributing factor only",2026-09-17 07:13:11.327262 UTC
TXN004484,CUST0341,17.87,10,Low,odd_hour,"transaction at 03:00 local (odd-hour window: 1-4am) -- weak signal, contributing factor only",2026-09-17 07:13:11.327262 UTC
TXN004456,CUST0321,202.99,10,Low,odd_hour,"transaction at 04:00 local (odd-hour window: 1-4am) -- weak signal, contributing factor only",2026-09-17 07:13:11.327262 UTC
TXN001762,CUST0320,207.51,10,Low,odd_hour,"transaction at 02:00 local (odd-hour window: 1-4am) -- weak signal, contributing factor only",2026-09-17 07:13:11.327262 UTC
TXN001281,CUST0319,31.41,10,Low,odd_hour,"transaction at 02:00 local (odd-hour window: 1-4am) -- weak signal, contributing factor only",2026-09-17 07:13:11.327262 UTC
TXN000209,CUST0317,113.66,10,Low,odd_hour,"transaction at 03:00 local (odd-hour window: 1-4am) -- weak signal, contributing factor only",2026-09-17 07:13:11.327262 UTC
TXN002042,CUST0018,29.21,10,Low,odd_hour,"transaction at 03:00 local (odd-hour window: 1-4am) -- weak signal, contributing factor only",2026-09-17 07:13:11.327262 UTC
TXN001081,CUST0018,16.35,10,Low,odd_hour,"transaction at 03:00 local (odd-hour window: 1-4am) -- weak signal, contributing factor only",2026-09-17 07:13:11.327262 UTC
TXN003521,CUST0018,8.1,10,Low,odd_hour,"transaction at 04:00 local (odd-hour window: 1-4am) -- weak signal, contributing factor only",2026-09-17 07:13:11.327262 UTC
TXN003018,CUST0317,103.52,10,Low,odd_hour,"transaction at 03:00 local (odd-hour window: 1-4am) -- weak signal, contributing factor only",2026-09-17 07:13:11.327262 UTC
TXN000459,CUST0317,117.28,10,Low,odd_hour,"transaction at 02:00 local (odd-hour window: 1-4am) -- weak signal, contributing factor only",2026-09-17 07:13:11.327262 UTC
TXN000319,CUST0316,75.19,10,Low,odd_hour,"transaction at 04:00 local (odd-hour window: 1-4am) -- weak signal, contributing factor only",2026-09-17 07:13:11.327262 UTC
TXN000032,CUST0316,54.56,10,Low,odd_hour,"transaction at 03:00 local (odd-hour window: 1-4am) -- weak signal, contributing factor only",2026-09-17 07:13:11.327262 UTC
TXN004614,CUST0316,161.03,10,Low,odd_hour,"transaction at 03:00 local (odd-hour window: 1-4am) -- weak signal, contributing factor only",2026-09-17 07:13:11.327262 UTC
TXN003561,CUST0316,13.24,10,Low,odd_hour,"transaction at 03:00 local (odd-hour window: 1-4am) -- weak signal, contributing factor only",2026-09-17 07:13:11.327262 UTC
TXN001183,CUST0315,354.73,10,Low,odd_hour,"transaction at 04:00 local (odd-hour window: 1-4am) -- weak signal, contributing factor only",2026-09-17 07:13:11.327262 UTC
TXN000070,CUST0315,248.07,10,Low,odd_hour,"transaction at 02:00 local (odd-hour window: 1-4am) -- weak signal, contributing factor only",2026-09-17 07:13:11.327262 UTC
TXN002629,CUST0315,71.2,10,Low,odd_hour,"transaction at 01:00 local (odd-hour window: 1-4am) -- weak signal, contributing factor only",2026-09-17 07:13:11.327262 UTC
TXN001856,CUST0343,9.59,10,Low,odd_hour,"transaction at 01:00 local (odd-hour window: 1-4am) -- weak signal, contributing factor only",2026-09-17 07:13:11.327262 UTC
TXN002849,CUST0019,26.24,10,Low,odd_hour,"transaction at 01:00 local (odd-hour window: 1-4am) -- weak signal, contributing factor only",2026-09-17 07:13:11.327262 UTC
TXN000993,CUST0019,8.41,10,Low,odd_hour,"transaction at 02:00 local (odd-hour window: 1-4am) -- weak signal, contributing factor only",2026-09-17 07:13:11.327262 UTC
TXN001862,CUST0019,185.83,10,Low,odd_hour,"transaction at 03:00 local (odd-hour window: 1-4am) -- weak signal, contributing factor only",2026-09-17 07:13:11.327262 UTC
TXN000323,CUST0019,8.51,10,Low,odd_hour,"transaction at 03:00 local (odd-hour window: 1-4am) -- weak signal, contributing factor only",2026-09-17 07:13:11.327262 UTC
TXN001382,CUST0019,57.32,10,Low,odd_hour,"transaction at 03:00 local (odd-hour window: 1-4am) -- weak signal, contributing factor only",2026-09-17 07:13:11.327262 UTC
TXN001143,CUST0314,9.93,10,Low,odd_hour,"transaction at 04:00 local (odd-hour window: 1-4am) -- weak signal, contributing factor only",2026-09-17 07:13:11.327262 UTC
TXN004204,CUST0313,9.53,10,Low,odd_hour,"transaction at 03:00 local (odd-hour window: 1-4am) -- weak signal, contributing factor only",2026-09-17 07:13:11.327262 UTC
TXN000773,CUST0014,13.83,10,Low,odd_hour,"transaction at 03:00 local (odd-hour window: 1-4am) -- weak signal, contributing factor only",2026-09-17 07:13:11.327262 UTC
TXN004319,CUST0312,27.74,10,Low,odd_hour,"transaction at 02:00 local (odd-hour window: 1-4am) -- weak signal, contributing factor only",2026-09-17 07:13:11.327262 UTC
TXN000855,CUST0014,24.29,10,Low,odd_hour,"transaction at 01:00 local (odd-hour window: 1-4am) -- weak signal, contributing factor only",2026-09-17 07:13:11.327262 UTC
TXN001130,CUST0311,35.89,10,Low,odd_hour,"transaction at 01:00 local (odd-hour window: 1-4am) -- weak signal, contributing factor only",2026-09-17 07:13:11.327262 UTC
TXN004730,CUST0343,34.74,10,Low,odd_hour,"transaction at 01:00 local (odd-hour window: 1-4am) -- weak signal, contributing factor only",2026-09-17 07:13:11.327262 UTC
TXN003049,CUST0310,163.2,10,Low,odd_hour,"transaction at 04:00 local (odd-hour window: 1-4am) -- weak signal, contributing factor only",2026-09-17 07:13:11.327262 UTC
TXN001061,CUST0310,13.85,10,Low,odd_hour,"transaction at 03:00 local (odd-hour window: 1-4am) -- weak signal, contributing factor only",2026-09-17 07:13:11.327262 UTC
TXN002336,CUST0309,41.24,10,Low,odd_hour,"transaction at 01:00 local (odd-hour window: 1-4am) -- weak signal, contributing factor only",2026-09-17 07:13:11.327262 UTC
TXN004909,CUST0344,264.94,10,Low,odd_hour,"transaction at 01:00 local (odd-hour window: 1-4am) -- weak signal, contributing factor only",2026-09-17 07:13:11.327262 UTC
TXN000411,CUST0308,174.92,10,Low,odd_hour,"transaction at 04:00 local (odd-hour window: 1-4am) -- weak signal, contributing factor only",2026-09-17 07:13:11.327262 UTC
TXN002410,CUST0344,29.65,10,Low,odd_hour,"transaction at 01:00 local (odd-hour window: 1-4am) -- weak signal, contributing factor only",2026-09-17 07:13:11.327262 UTC
TXN000569,CUST0020,203.07,10,Low,odd_hour,"transaction at 03:00 local (odd-hour window: 1-4am) -- weak signal, contributing factor only",2026-09-17 07:13:11.327262 UTC
TXN000273,CUST0020,167.64,10,Low,odd_hour,"transaction at 04:00 local (odd-hour window: 1-4am) -- weak signal, contributing factor only",2026-09-17 07:13:11.327262 UTC
TXN000470,CUST0308,50.23,10,Low,odd_hour,"transaction at 02:00 local (odd-hour window: 1-4am) -- weak signal, contributing factor only",2026-09-17 07:13:11.327262 UTC
TXN001413,CUST0307,44.06,10,Low,odd_hour,"transaction at 01:00 local (odd-hour window: 1-4am) -- weak signal, contributing factor only",2026-09-17 07:13:11.327262 UTC
TXN001527,CUST0305,8.03,10,Low,odd_hour,"transaction at 04:00 local (odd-hour window: 1-4am) -- weak signal, contributing factor only",2026-09-17 07:13:11.327262 UTC
TXN004642,CUST0305,179.17,10,Low,odd_hour,"transaction at 03:00 local (odd-hour window: 1-4am) -- weak signal, contributing factor only",2026-09-17 07:13:11.327262 UTC
TXN001301,CUST0305,55.37,10,Low,odd_hour,"transaction at 03:00 local (odd-hour window: 1-4am) -- weak signal, contributing factor only",2026-09-17 07:13:11.327262 UTC
TXN002715,CUST0305,219.56,10,Low,odd_hour,"transaction at 02:00 local (odd-hour window: 1-4am) -- weak signal, contributing factor only",2026-09-17 07:13:11.327262 UTC
TXN001602,CUST0305,118.19,10,Low,odd_hour,"transaction at 01:00 local (odd-hour window: 1-4am) -- weak signal, contributing factor only",2026-09-17 07:13:11.327262 UTC
TXN003336,CUST0344,23.24,10,Low,odd_hour,"transaction at 03:00 local (odd-hour window: 1-4am) -- weak signal, contributing factor only",2026-09-17 07:13:11.327262 UTC
TXN000885,CUST0304,53.96,10,Low,odd_hour,"transaction at 03:00 local (odd-hour window: 1-4am) -- weak signal, contributing factor only",2026-09-17 07:13:11.327262 UTC
TXN003288,CUST0344,16.01,10,Low,odd_hour,"transaction at 04:00 local (odd-hour window: 1-4am) -- weak signal, contributing factor only",2026-09-17 07:13:11.327262 UTC
TXN004673,CUST0345,270.09,10,Low,odd_hour,"transaction at 01:00 local (odd-hour window: 1-4am) -- weak signal, contributing factor only",2026-09-17 07:13:11.327262 UTC
TXN004811,CUST0345,24.84,10,Low,odd_hour,"transaction at 04:00 local (odd-hour window: 1-4am) -- weak signal, contributing factor only",2026-09-17 07:13:11.327262 UTC
TXN003765,CUST0021,35.09,10,Low,odd_hour,"transaction at 01:00 local (odd-hour window: 1-4am) -- weak signal, contributing factor only",2026-09-17 07:13:11.327262 UTC
TXN003970,CUST0346,67.28,10,Low,odd_hour,"transaction at 01:00 local (odd-hour window: 1-4am) -- weak signal, contributing factor only",2026-09-17 07:13:11.327262 UTC
TXN003229,CUST0302,11.79,10,Low,odd_hour,"transaction at 03:00 local (odd-hour window: 1-4am) -- weak signal, contributing factor only",2026-09-17 07:13:11.327262 UTC
TXN000292,CUST0301,9.16,10,Low,odd_hour,"transaction at 01:00 local (odd-hour window: 1-4am) -- weak signal, contributing factor only",2026-09-17 07:13:11.327262 UTC
TXN004348,CUST0013,213.12,10,Low,odd_hour,"transaction at 04:00 local (odd-hour window: 1-4am) -- weak signal, contributing factor only",2026-09-17 07:13:11.327262 UTC
TXN002124,CUST0013,50.83,10,Low,odd_hour,"transaction at 03:00 local (odd-hour window: 1-4am) -- weak signal, contributing factor only",2026-09-17 07:13:11.327262 UTC
TXN002925,CUST0300,214.62,10,Low,odd_hour,"transaction at 01:00 local (odd-hour window: 1-4am) -- weak signal, contributing factor only",2026-09-17 07:13:11.327262 UTC
TXN000966,CUST0300,84.51,10,Low,odd_hour,"transaction at 01:00 local (odd-hour window: 1-4am) -- weak signal, contributing factor only",2026-09-17 07:13:11.327262 UTC
TXN003409,CUST0299,117.37,10,Low,odd_hour,"transaction at 03:00 local (odd-hour window: 1-4am) -- weak signal, contributing factor only",2026-09-17 07:13:11.327262 UTC
TXN001881,CUST0299,217.63,10,Low,odd_hour,"transaction at 01:00 local (odd-hour window: 1-4am) -- weak signal, contributing factor only",2026-09-17 07:13:11.327262 UTC
TXN002467,CUST0298,36.36,10,Low,odd_hour,"transaction at 03:00 local (odd-hour window: 1-4am) -- weak signal, contributing factor only",2026-09-17 07:13:11.327262 UTC
TXN003680,CUST0013,271.5,10,Low,odd_hour,"transaction at 02:00 local (odd-hour window: 1-4am) -- weak signal, contributing factor only",2026-09-17 07:13:11.327262 UTC
TXN003543,CUST0022,26.07,10,Low,odd_hour,"transaction at 02:00 local (odd-hour window: 1-4am) -- weak signal, contributing factor only",2026-09-17 07:13:11.327262 UTC
TXN004026,CUST0022,111.08,10,Low,odd_hour,"transaction at 03:00 local (odd-hour window: 1-4am) -- weak signal, contributing factor only",2026-09-17 07:13:11.327262 UTC
TXN004500,CUST0022,32.49,10,Low,odd_hour,"transaction at 03:00 local (odd-hour window: 1-4am) -- weak signal, contributing factor only",2026-09-17 07:13:11.327262 UTC
TXN002125,CUST0298,166.15,10,Low,odd_hour,"transaction at 03:00 local (odd-hour window: 1-4am) -- weak signal, contributing factor only",2026-09-17 07:13:11.327262 UTC
TXN003643,CUST0297,62.04,10,Low,odd_hour,"transaction at 04:00 local (odd-hour window: 1-4am) -- weak signal, contributing factor only",2026-09-17 07:13:11.327262 UTC
TXN004697,CUST0297,8.93,10,Low,odd_hour,"transaction at 04:00 local (odd-hour window: 1-4am) -- weak signal, contributing factor only",2026-09-17 07:13:11.327262 UTC
TXN001832,CUST0297,10.11,10,Low,odd_hour,"transaction at 03:00 local (odd-hour window: 1-4am) -- weak signal, contributing factor only",2026-09-17 07:13:11.327262 UTC
TXN001717,CUST0297,197.63,10,Low,odd_hour,"transaction at 01:00 local (odd-hour window: 1-4am) -- weak signal, contributing factor only",2026-09-17 07:13:11.327262 UTC
TXN002625,CUST0013,8.64,10,Low,odd_hour,"transaction at 02:00 local (odd-hour window: 1-4am) -- weak signal, contributing factor only",2026-09-17 07:13:11.327262 UTC
TXN001777,CUST0023,20.99,10,Low,odd_hour,"transaction at 02:00 local (odd-hour window: 1-4am) -- weak signal, contributing factor only",2026-09-17 07:13:11.327262 UTC
TXN000251,CUST0023,104.97,10,Low,odd_hour,"transaction at 03:00 local (odd-hour window: 1-4am) -- weak signal, contributing factor only",2026-09-17 07:13:11.327262 UTC
TXN001995,CUST0297,150.96,10,Low,odd_hour,"transaction at 01:00 local (odd-hour window: 1-4am) -- weak signal, contributing factor only",2026-09-17 07:13:11.327262 UTC
TXN004964,CUST0296,224.19,10,Low,odd_hour,"transaction at 04:00 local (odd-hour window: 1-4am) -- weak signal, contributing factor only",2026-09-17 07:13:11.327262 UTC
TXN000918,CUST0296,313.38,10,Low,odd_hour,"transaction at 03:00 local (odd-hour window: 1-4am) -- weak signal, contributing factor only",2026-09-17 07:13:11.327262 UTC
TXN000082,CUST0296,42.62,10,Low,odd_hour,"transaction at 03:00 local (odd-hour window: 1-4am) -- weak signal, contributing factor only",2026-09-17 07:13:11.327262 UTC
TXN001591,CUST0294,242.9,10,Low,odd_hour,"transaction at 04:00 local (odd-hour window: 1-4am) -- weak signal, contributing factor only",2026-09-17 07:13:11.327262 UTC
TXN000380,CUST0294,33.91,10,Low,odd_hour,"transaction at 04:00 local (odd-hour window: 1-4am) -- weak signal, contributing factor only",2026-09-17 07:13:11.327262 UTC
TXN004470,CUST0294,10.29,10,Low,odd_hour,"transaction at 03:00 local (odd-hour window: 1-4am) -- weak signal, contributing factor only",2026-09-17 07:13:11.327262 UTC
TXN002587,CUST0294,400.0,10,Low,odd_hour,"transaction at 02:00 local (odd-hour window: 1-4am) -- weak signal, contributing factor only",2026-09-17 07:13:11.327262 UTC
TXN003401,CUST0293,152.56,10,Low,odd_hour,"transaction at 04:00 local (odd-hour window: 1-4am) -- weak signal, contributing factor only",2026-09-17 07:13:11.327262 UTC
TXN004560,CUST0013,21.01,10,Low,odd_hour,"transaction at 02:00 local (odd-hour window: 1-4am) -- weak signal, contributing factor only",2026-09-17 07:13:11.327262 UTC
TXN000831,CUST0024,370.5,10,Low,odd_hour,"transaction at 03:00 local (odd-hour window: 1-4am) -- weak signal, contributing factor only",2026-09-17 07:13:11.327262 UTC
TXN003650,CUST0292,41.03,10,Low,odd_hour,"transaction at 04:00 local (odd-hour window: 1-4am) -- weak signal, contributing factor only",2026-09-17 07:13:11.327262 UTC
TXN003883,CUST0292,31.97,10,Low,odd_hour,"transaction at 03:00 local (odd-hour window: 1-4am) -- weak signal, contributing factor only",2026-09-17 07:13:11.327262 UTC
TXN004625,CUST0292,86.14,10,Low,odd_hour,"transaction at 01:00 local (odd-hour window: 1-4am) -- weak signal, contributing factor only",2026-09-17 07:13:11.327262 UTC
TXN000458,CUST0292,17.08,10,Low,odd_hour,"transaction at 01:00 local (odd-hour window: 1-4am) -- weak signal, contributing factor only",2026-09-17 07:13:11.327262 UTC
TXN002431,CUST0013,49.85,10,Low,odd_hour,"transaction at 02:00 local (odd-hour window: 1-4am) -- weak signal, contributing factor only",2026-09-17 07:13:11.327262 UTC
TXN002558,CUST0013,10.3,10,Low,odd_hour,"transaction at 01:00 local (odd-hour window: 1-4am) -- weak signal, contributing factor only",2026-09-17 07:13:11.327262 UTC
TXN002294,CUST0346,396.33,10,Low,odd_hour,"transaction at 04:00 local (odd-hour window: 1-4am) -- weak signal, contributing factor only",2026-09-17 07:13:11.327262 UTC
TXN001567,CUST0347,246.59,10,Low,odd_hour,"transaction at 01:00 local (odd-hour window: 1-4am) -- weak signal, contributing factor only",2026-09-17 07:13:11.327262 UTC
TXN000656,CUST0025,8.49,10,Low,odd_hour,"transaction at 01:00 local (odd-hour window: 1-4am) -- weak signal, contributing factor only",2026-09-17 07:13:11.327262 UTC
TXN003921,CUST0025,161.47,10,Low,odd_hour,"transaction at 02:00 local (odd-hour window: 1-4am) -- weak signal, contributing factor only",2026-09-17 07:13:11.327262 UTC
TXN002055,CUST0025,8.26,10,Low,odd_hour,"transaction at 04:00 local (odd-hour window: 1-4am) -- weak signal, contributing factor only",2026-09-17 07:13:11.327262 UTC
TXN002054,CUST0291,58.27,10,Low,odd_hour,"transaction at 04:00 local (odd-hour window: 1-4am) -- weak signal, contributing factor only",2026-09-17 07:13:11.327262 UTC
TXN002075,CUST0291,17.88,10,Low,odd_hour,"transaction at 04:00 local (odd-hour window: 1-4am) -- weak signal, contributing factor only",2026-09-17 07:13:11.327262 UTC
TXN001348,CUST0291,9.24,10,Low,odd_hour,"transaction at 03:00 local (odd-hour window: 1-4am) -- weak signal, contributing factor only",2026-09-17 07:13:11.327262 UTC
TXN000820,CUST0291,170.6,10,Low,odd_hour,"transaction at 03:00 local (odd-hour window: 1-4am) -- weak signal, contributing factor only",2026-09-17 07:13:11.327262 UTC
TXN003332,CUST0291,38.91,10,Low,odd_hour,"transaction at 01:00 local (odd-hour window: 1-4am) -- weak signal, contributing factor only",2026-09-17 07:13:11.327262 UTC
TXN004421,CUST0291,115.17,10,Low,odd_hour,"transaction at 01:00 local (odd-hour window: 1-4am) -- weak signal, contributing factor only",2026-09-17 07:13:11.327262 UTC
TXN004405,CUST0347,178.96,10,Low,odd_hour,"transaction at 04:00 local (odd-hour window: 1-4am) -- weak signal, contributing factor only",2026-09-17 07:13:11.327262 UTC
TXN001557,CUST0290,9.62,10,Low,odd_hour,"transaction at 04:00 local (odd-hour window: 1-4am) -- weak signal, contributing factor only",2026-09-17 07:13:11.327262 UTC
TXN002363,CUST0288,13.8,10,Low,odd_hour,"transaction at 04:00 local (odd-hour window: 1-4am) -- weak signal, contributing factor only",2026-09-17 07:13:11.327262 UTC
TXN004884,CUST0348,15.34,10,Low,odd_hour,"transaction at 03:00 local (odd-hour window: 1-4am) -- weak signal, contributing factor only",2026-09-17 07:13:11.327262 UTC
TXN001634,CUST0288,34.76,10,Low,odd_hour,"transaction at 03:00 local (odd-hour window: 1-4am) -- weak signal, contributing factor only",2026-09-17 07:13:11.327262 UTC
TXN003243,CUST0288,113.98,10,Low,odd_hour,"transaction at 03:00 local (odd-hour window: 1-4am) -- weak signal, contributing factor only",2026-09-17 07:13:11.327262 UTC
TXN004910,CUST0012,22.03,10,Low,odd_hour,"transaction at 04:00 local (odd-hour window: 1-4am) -- weak signal, contributing factor only",2026-09-17 07:13:11.327262 UTC
TXN001579,CUST0012,12.05,10,Low,odd_hour,"transaction at 02:00 local (odd-hour window: 1-4am) -- weak signal, contributing factor only",2026-09-17 07:13:11.327262 UTC
TXN003013,CUST0026,237.3,10,Low,odd_hour,"transaction at 01:00 local (odd-hour window: 1-4am) -- weak signal, contributing factor only",2026-09-17 07:13:11.327262 UTC
TXN002459,CUST0026,185.9,10,Low,odd_hour,"transaction at 04:00 local (odd-hour window: 1-4am) -- weak signal, contributing factor only",2026-09-17 07:13:11.327262 UTC
TXN003657,CUST0026,9.73,10,Low,odd_hour,"transaction at 04:00 local (odd-hour window: 1-4am) -- weak signal, contributing factor only",2026-09-17 07:13:11.327262 UTC
TXN000431,CUST0287,40.44,10,Low,odd_hour,"transaction at 03:00 local (odd-hour window: 1-4am) -- weak signal, contributing factor only",2026-09-17 07:13:11.327262 UTC
TXN000412,CUST0287,14.17,10,Low,odd_hour,"transaction at 03:00 local (odd-hour window: 1-4am) -- weak signal, contributing factor only",2026-09-17 07:13:11.327262 UTC
TXN004738,CUST0287,121.48,10,Low,odd_hour,"transaction at 02:00 local (odd-hour window: 1-4am) -- weak signal, contributing factor only",2026-09-17 07:13:11.327262 UTC
TXN004077,CUST0286,286.36,10,Low,odd_hour,"transaction at 04:00 local (odd-hour window: 1-4am) -- weak signal, contributing factor only",2026-09-17 07:13:11.327262 UTC
TXN001236,CUST0286,136.56,10,Low,odd_hour,"transaction at 04:00 local (odd-hour window: 1-4am) -- weak signal, contributing factor only",2026-09-17 07:13:11.327262 UTC
TXN000061,CUST0286,13.49,10,Low,odd_hour,"transaction at 03:00 local (odd-hour window: 1-4am) -- weak signal, contributing factor only",2026-09-17 07:13:11.327262 UTC
TXN002451,CUST0286,9.3,10,Low,odd_hour,"transaction at 02:00 local (odd-hour window: 1-4am) -- weak signal, contributing factor only",2026-09-17 07:13:11.327262 UTC
TXN002196,CUST0285,115.99,10,Low,odd_hour,"transaction at 04:00 local (odd-hour window: 1-4am) -- weak signal, contributing factor only",2026-09-17 07:13:11.327262 UTC
TXN004284,CUST0012,119.88,10,Low,odd_hour,"transaction at 02:00 local (odd-hour window: 1-4am) -- weak signal, contributing factor only",2026-09-17 07:13:11.327262 UTC
TXN002147,CUST0284,34.34,10,Low,odd_hour,"transaction at 03:00 local (odd-hour window: 1-4am) -- weak signal, contributing factor only",2026-09-17 07:13:11.327262 UTC
TXN003473,CUST0012,368.35,10,Low,odd_hour,"transaction at 01:00 local (odd-hour window: 1-4am) -- weak signal, contributing factor only",2026-09-17 07:13:11.327262 UTC
TXN002107,CUST0283,115.84,10,Low,odd_hour,"transaction at 03:00 local (odd-hour window: 1-4am) -- weak signal, contributing factor only",2026-09-17 07:13:11.327262 UTC
TXN001296,CUST0283,167.69,10,Low,odd_hour,"transaction at 02:00 local (odd-hour window: 1-4am) -- weak signal, contributing factor only",2026-09-17 07:13:11.327262 UTC
TXN002979,CUST0283,33.81,10,Low,odd_hour,"transaction at 02:00 local (odd-hour window: 1-4am) -- weak signal, contributing factor only",2026-09-17 07:13:11.327262 UTC
TXN003548,CUST0348,27.07,10,Low,odd_hour,"transaction at 03:00 local (odd-hour window: 1-4am) -- weak signal, contributing factor only",2026-09-17 07:13:11.327262 UTC
TXN000044,CUST0282,58.98,10,Low,odd_hour,"transaction at 03:00 local (odd-hour window: 1-4am) -- weak signal, contributing factor only",2026-09-17 07:13:11.327262 UTC
TXN004511,CUST0282,59.62,10,Low,odd_hour,"transaction at 03:00 local (odd-hour window: 1-4am) -- weak signal, contributing factor only",2026-09-17 07:13:11.327262 UTC
TXN001132,CUST0349,129.21,10,Low,odd_hour,"transaction at 03:00 local (odd-hour window: 1-4am) -- weak signal, contributing factor only",2026-09-17 07:13:11.327262 UTC
TXN000590,CUST0281,15.04,10,Low,odd_hour,"transaction at 04:00 local (odd-hour window: 1-4am) -- weak signal, contributing factor only",2026-09-17 07:13:11.327262 UTC
TXN004049,CUST0281,19.56,10,Low,odd_hour,"transaction at 02:00 local (odd-hour window: 1-4am) -- weak signal, contributing factor only",2026-09-17 07:13:11.327262 UTC
TXN003944,CUST0281,77.68,10,Low,odd_hour,"transaction at 02:00 local (odd-hour window: 1-4am) -- weak signal, contributing factor only",2026-09-17 07:13:11.327262 UTC
TXN002084,CUST0281,249.59,10,Low,odd_hour,"transaction at 02:00 local (odd-hour window: 1-4am) -- weak signal, contributing factor only",2026-09-17 07:13:11.327262 UTC
TXN002854,CUST0349,157.57,10,Low,odd_hour,"transaction at 04:00 local (odd-hour window: 1-4am) -- weak signal, contributing factor only",2026-09-17 07:13:11.327262 UTC
TXN001313,CUST0350,16.19,10,Low,odd_hour,"transaction at 04:00 local (odd-hour window: 1-4am) -- weak signal, contributing factor only",2026-09-17 07:13:11.327262 UTC
TXN000089,CUST0280,13.54,10,Low,odd_hour,"transaction at 03:00 local (odd-hour window: 1-4am) -- weak signal, contributing factor only",2026-09-17 07:13:11.327262 UTC
TXN000540,CUST0280,331.27,10,Low,odd_hour,"transaction at 02:00 local (odd-hour window: 1-4am) -- weak signal, contributing factor only",2026-09-17 07:13:11.327262 UTC
TXN003677,CUST0280,39.36,10,Low,odd_hour,"transaction at 01:00 local (odd-hour window: 1-4am) -- weak signal, contributing factor only",2026-09-17 07:13:11.327262 UTC
TXN003839,CUST0280,278.65,10,Low,odd_hour,"transaction at 01:00 local (odd-hour window: 1-4am) -- weak signal, contributing factor only",2026-09-17 07:13:11.327262 UTC
TXN004554,CUST0279,12.18,10,Low,odd_hour,"transaction at 04:00 local (odd-hour window: 1-4am) -- weak signal, contributing factor only",2026-09-17 07:13:11.327262 UTC
TXN000418,CUST0279,119.5,10,Low,odd_hour,"transaction at 04:00 local (odd-hour window: 1-4am) -- weak signal, contributing factor only",2026-09-17 07:13:11.327262 UTC
TXN001300,CUST0279,29.36,10,Low,odd_hour,"transaction at 04:00 local (odd-hour window: 1-4am) -- weak signal, contributing factor only",2026-09-17 07:13:11.327262 UTC
TXN000222,CUST0279,179.08,10,Low,odd_hour,"transaction at 03:00 local (odd-hour window: 1-4am) -- weak signal, contributing factor only",2026-09-17 07:13:11.327262 UTC
TXN001217,CUST0279,72.17,10,Low,odd_hour,"transaction at 02:00 local (odd-hour window: 1-4am) -- weak signal, contributing factor only",2026-09-17 07:13:11.327262 UTC
TXN001507,CUST0279,92.05,10,Low,odd_hour,"transaction at 01:00 local (odd-hour window: 1-4am) -- weak signal, contributing factor only",2026-09-17 07:13:11.327262 UTC
TXN000830,CUST0352,45.66,10,Low,odd_hour,"transaction at 01:00 local (odd-hour window: 1-4am) -- weak signal, contributing factor only",2026-09-17 07:13:11.327262 UTC
TXN003730,CUST0029,20.14,10,Low,odd_hour,"transaction at 03:00 local (odd-hour window: 1-4am) -- weak signal, contributing factor only",2026-09-17 07:13:11.327262 UTC
TXN004207,CUST0277,13.72,10,Low,odd_hour,"transaction at 04:00 local (odd-hour window: 1-4am) -- weak signal, contributing factor only",2026-09-17 07:13:11.327262 UTC
TXN003153,CUST0277,361.42,10,Low,odd_hour,"transaction at 02:00 local (odd-hour window: 1-4am) -- weak signal, contributing factor only",2026-09-17 07:13:11.327262 UTC
TXN004338,CUST0276,42.74,10,Low,odd_hour,"transaction at 01:00 local (odd-hour window: 1-4am) -- weak signal, contributing factor only",2026-09-17 07:13:11.327262 UTC
TXN001001,CUST0352,11.52,10,Low,odd_hour,"transaction at 01:00 local (odd-hour window: 1-4am) -- weak signal, contributing factor only",2026-09-17 07:13:11.327262 UTC
TXN002909,CUST0275,163.17,10,Low,odd_hour,"transaction at 04:00 local (odd-hour window: 1-4am) -- weak signal, contributing factor only",2026-09-17 07:13:11.327262 UTC
TXN002007,CUST0275,8.74,10,Low,odd_hour,"transaction at 01:00 local (odd-hour window: 1-4am) -- weak signal, contributing factor only",2026-09-17 07:13:11.327262 UTC
TXN002128,CUST0352,291.83,10,Low,odd_hour,"transaction at 01:00 local (odd-hour window: 1-4am) -- weak signal, contributing factor only",2026-09-17 07:13:11.327262 UTC
TXN001271,CUST0274,207.55,10,Low,odd_hour,"transaction at 02:00 local (odd-hour window: 1-4am) -- weak signal, contributing factor only",2026-09-17 07:13:11.327262 UTC
TXN000659,CUST0273,257.88,10,Low,odd_hour,"transaction at 04:00 local (odd-hour window: 1-4am) -- weak signal, contributing factor only",2026-09-17 07:13:11.327262 UTC
TXN001767,CUST0272,391.91,10,Low,odd_hour,"transaction at 01:00 local (odd-hour window: 1-4am) -- weak signal, contributing factor only",2026-09-17 07:13:11.327262 UTC
TXN000078,CUST0271,329.82,10,Low,odd_hour,"transaction at 04:00 local (odd-hour window: 1-4am) -- weak signal, contributing factor only",2026-09-17 07:13:11.327262 UTC
TXN004731,CUST0271,8.24,10,Low,odd_hour,"transaction at 04:00 local (odd-hour window: 1-4am) -- weak signal, contributing factor only",2026-09-17 07:13:11.327262 UTC
TXN002622,CUST0030,276.37,10,Low,odd_hour,"transaction at 01:00 local (odd-hour window: 1-4am) -- weak signal, contributing factor only",2026-09-17 07:13:11.327262 UTC
TXN003758,CUST0271,18.89,10,Low,odd_hour,"transaction at 04:00 local (odd-hour window: 1-4am) -- weak signal, contributing factor only",2026-09-17 07:13:11.327262 UTC
TXN003254,CUST0271,95.26,10,Low,odd_hour,"transaction at 04:00 local (odd-hour window: 1-4am) -- weak signal, contributing factor only",2026-09-17 07:13:11.327262 UTC
TXN003706,CUST0271,33.03,10,Low,odd_hour,"transaction at 02:00 local (odd-hour window: 1-4am) -- weak signal, contributing factor only",2026-09-17 07:13:11.327262 UTC
TXN004422,CUST0270,90.89,10,Low,odd_hour,"transaction at 04:00 local (odd-hour window: 1-4am) -- weak signal, contributing factor only",2026-09-17 07:13:11.327262 UTC
TXN001138,CUST0270,124.79,10,Low,odd_hour,"transaction at 04:00 local (odd-hour window: 1-4am) -- weak signal, contributing factor only",2026-09-17 07:13:11.327262 UTC
TXN002068,CUST0270,49.78,10,Low,odd_hour,"transaction at 02:00 local (odd-hour window: 1-4am) -- weak signal, contributing factor only",2026-09-17 07:13:11.327262 UTC
TXN001661,CUST0011,46.14,10,Low,odd_hour,"transaction at 01:00 local (odd-hour window: 1-4am) -- weak signal, contributing factor only",2026-09-17 07:13:11.327262 UTC
TXN003324,CUST0031,117.64,10,Low,odd_hour,"transaction at 01:00 local (odd-hour window: 1-4am) -- weak signal, contributing factor only",2026-09-17 07:13:11.327262 UTC
TXN004616,CUST0269,11.58,10,Low,odd_hour,"transaction at 01:00 local (odd-hour window: 1-4am) -- weak signal, contributing factor only",2026-09-17 07:13:11.327262 UTC
TXN001351,CUST0269,41.17,10,Low,odd_hour,"transaction at 01:00 local (odd-hour window: 1-4am) -- weak signal, contributing factor only",2026-09-17 07:13:11.327262 UTC
TXN004478,CUST0268,13.63,10,Low,odd_hour,"transaction at 04:00 local (odd-hour window: 1-4am) -- weak signal, contributing factor only",2026-09-17 07:13:11.327262 UTC
TXN001516,CUST0268,70.09,10,Low,odd_hour,"transaction at 03:00 local (odd-hour window: 1-4am) -- weak signal, contributing factor only",2026-09-17 07:13:11.327262 UTC
TXN003303,CUST0268,11.39,10,Low,odd_hour,"transaction at 03:00 local (odd-hour window: 1-4am) -- weak signal, contributing factor only",2026-09-17 07:13:11.327262 UTC
TXN004629,CUST0267,42.52,10,Low,odd_hour,"transaction at 04:00 local (odd-hour window: 1-4am) -- weak signal, contributing factor only",2026-09-17 07:13:11.327262 UTC
TXN004604,CUST0032,49.62,10,Low,odd_hour,"transaction at 03:00 local (odd-hour window: 1-4am) -- weak signal, contributing factor only",2026-09-17 07:13:11.327262 UTC
TXN002415,CUST0267,252.75,10,Low,odd_hour,"transaction at 01:00 local (odd-hour window: 1-4am) -- weak signal, contributing factor only",2026-09-17 07:13:11.327262 UTC
TXN004855,CUST0266,253.16,10,Low,odd_hour,"transaction at 02:00 local (odd-hour window: 1-4am) -- weak signal, contributing factor only",2026-09-17 07:13:11.327262 UTC
TXN004566,CUST0265,167.09,10,Low,odd_hour,"transaction at 04:00 local (odd-hour window: 1-4am) -- weak signal, contributing factor only",2026-09-17 07:13:11.327262 UTC
TXN001518,CUST0265,105.64,10,Low,odd_hour,"transaction at 02:00 local (odd-hour window: 1-4am) -- weak signal, contributing factor only",2026-09-17 07:13:11.327262 UTC
TXN003050,CUST0264,30.31,10,Low,odd_hour,"transaction at 04:00 local (odd-hour window: 1-4am) -- weak signal, contributing factor only",2026-09-17 07:13:11.327262 UTC
TXN004937,CUST0352,17.78,10,Low,odd_hour,"transaction at 03:00 local (odd-hour window: 1-4am) -- weak signal, contributing factor only",2026-09-17 07:13:11.327262 UTC
TXN002804,CUST0353,27.05,10,Low,odd_hour,"transaction at 04:00 local (odd-hour window: 1-4am) -- weak signal, contributing factor only",2026-09-17 07:13:11.327262 UTC
TXN001325,CUST0033,64.8,10,Low,odd_hour,"transaction at 01:00 local (odd-hour window: 1-4am) -- weak signal, contributing factor only",2026-09-17 07:13:11.327262 UTC
TXN004801,CUST0033,12.14,10,Low,odd_hour,"transaction at 02:00 local (odd-hour window: 1-4am) -- weak signal, contributing factor only",2026-09-17 07:13:11.327262 UTC
TXN001021,CUST0263,10.15,10,Low,odd_hour,"transaction at 02:00 local (odd-hour window: 1-4am) -- weak signal, contributing factor only",2026-09-17 07:13:11.327262 UTC
TXN003566,CUST0262,21.72,10,Low,odd_hour,"transaction at 01:00 local (odd-hour window: 1-4am) -- weak signal, contributing factor only",2026-09-17 07:13:11.327262 UTC
TXN004399,CUST0353,22.71,10,Low,odd_hour,"transaction at 04:00 local (odd-hour window: 1-4am) -- weak signal, contributing factor only",2026-09-17 07:13:11.327262 UTC
TXN003502,CUST0261,57.77,10,Low,odd_hour,"transaction at 01:00 local (odd-hour window: 1-4am) -- weak signal, contributing factor only",2026-09-17 07:13:11.327262 UTC
TXN003231,CUST0261,18.67,10,Low,odd_hour,"transaction at 01:00 local (odd-hour window: 1-4am) -- weak signal, contributing factor only",2026-09-17 07:13:11.327262 UTC
TXN004645,CUST0261,8.41,10,Low,odd_hour,"transaction at 01:00 local (odd-hour window: 1-4am) -- weak signal, contributing factor only",2026-09-17 07:13:11.327262 UTC
TXN004000,CUST0354,98.19,10,Low,odd_hour,"transaction at 01:00 local (odd-hour window: 1-4am) -- weak signal, contributing factor only",2026-09-17 07:13:11.327262 UTC
TXN004935,CUST0260,143.44,10,Low,odd_hour,"transaction at 03:00 local (odd-hour window: 1-4am) -- weak signal, contributing factor only",2026-09-17 07:13:11.327262 UTC
TXN002881,CUST0260,18.34,10,Low,odd_hour,"transaction at 02:00 local (odd-hour window: 1-4am) -- weak signal, contributing factor only",2026-09-17 07:13:11.327262 UTC
TXN002246,CUST0354,8.02,10,Low,odd_hour,"transaction at 03:00 local (odd-hour window: 1-4am) -- weak signal, contributing factor only",2026-09-17 07:13:11.327262 UTC
TXN001642,CUST0034,29.65,10,Low,odd_hour,"transaction at 01:00 local (odd-hour window: 1-4am) -- weak signal, contributing factor only",2026-09-17 07:13:11.327262 UTC
TXN003339,CUST0034,25.88,10,Low,odd_hour,"transaction at 03:00 local (odd-hour window: 1-4am) -- weak signal, contributing factor only",2026-09-17 07:13:11.327262 UTC
TXN000172,CUST0259,304.46,10,Low,odd_hour,"transaction at 04:00 local (odd-hour window: 1-4am) -- weak signal, contributing factor only",2026-09-17 07:13:11.327262 UTC
TXN000567,CUST0259,15.09,10,Low,odd_hour,"transaction at 01:00 local (odd-hour window: 1-4am) -- weak signal, contributing factor only",2026-09-17 07:13:11.327262 UTC
TXN004798,CUST0258,78.65,10,Low,odd_hour,"transaction at 04:00 local (odd-hour window: 1-4am) -- weak signal, contributing factor only",2026-09-17 07:13:11.327262 UTC
TXN003466,CUST0258,41.81,10,Low,odd_hour,"transaction at 02:00 local (odd-hour window: 1-4am) -- weak signal, contributing factor only",2026-09-17 07:13:11.327262 UTC
TXN000814,CUST0355,7.97,10,Low,odd_hour,"transaction at 01:00 local (odd-hour window: 1-4am) -- weak signal, contributing factor only",2026-09-17 07:13:11.327262 UTC
TXN003236,CUST0256,291.86,10,Low,odd_hour,"transaction at 02:00 local (odd-hour window: 1-4am) -- weak signal, contributing factor only",2026-09-17 07:13:11.327262 UTC
TXN002356,CUST0255,128.58,10,Low,odd_hour,"transaction at 04:00 local (odd-hour window: 1-4am) -- weak signal, contributing factor only",2026-09-17 07:13:11.327262 UTC
TXN003144,CUST0255,98.08,10,Low,odd_hour,"transaction at 01:00 local (odd-hour window: 1-4am) -- weak signal, contributing factor only",2026-09-17 07:13:11.327262 UTC
TXN000233,CUST0355,66.12,10,Low,odd_hour,"transaction at 02:00 local (odd-hour window: 1-4am) -- weak signal, contributing factor only",2026-09-17 07:13:11.327262 UTC
TXN003492,CUST0035,122.35,10,Low,odd_hour,"transaction at 01:00 local (odd-hour window: 1-4am) -- weak signal, contributing factor only",2026-09-17 07:13:11.327262 UTC
TXN001845,CUST0035,287.68,10,Low,odd_hour,"transaction at 01:00 local (odd-hour window: 1-4am) -- weak signal, contributing factor only",2026-09-17 07:13:11.327262 UTC
TXN002600,CUST0035,14.24,10,Low,odd_hour,"transaction at 03:00 local (odd-hour window: 1-4am) -- weak signal, contributing factor only",2026-09-17 07:13:11.327262 UTC
TXN002813,CUST0035,68.5,10,Low,odd_hour,"transaction at 04:00 local (odd-hour window: 1-4am) -- weak signal, contributing factor only",2026-09-17 07:13:11.327262 UTC
TXN002300,CUST0254,10.04,10,Low,odd_hour,"transaction at 03:00 local (odd-hour window: 1-4am) -- weak signal, contributing factor only",2026-09-17 07:13:11.327262 UTC
TXN001625,CUST0254,37.88,10,Low,odd_hour,"transaction at 01:00 local (odd-hour window: 1-4am) -- weak signal, contributing factor only",2026-09-17 07:13:11.327262 UTC
TXN000652,CUST0254,131.1,10,Low,odd_hour,"transaction at 01:00 local (odd-hour window: 1-4am) -- weak signal, contributing factor only",2026-09-17 07:13:11.327262 UTC
TXN004206,CUST0254,17.59,10,Low,odd_hour,"transaction at 01:00 local (odd-hour window: 1-4am) -- weak signal, contributing factor only",2026-09-17 07:13:11.327262 UTC
TXN000368,CUST0254,48.56,10,Low,odd_hour,"transaction at 01:00 local (odd-hour window: 1-4am) -- weak signal, contributing factor only",2026-09-17 07:13:11.327262 UTC
TXN000499,CUST0253,22.7,10,Low,odd_hour,"transaction at 03:00 local (odd-hour window: 1-4am) -- weak signal, contributing factor only",2026-09-17 07:13:11.327262 UTC
TXN001469,CUST0253,32.36,10,Low,odd_hour,"transaction at 03:00 local (odd-hour window: 1-4am) -- weak signal, contributing factor only",2026-09-17 07:13:11.327262 UTC
TXN003577,CUST0253,9.47,10,Low,odd_hour,"transaction at 02:00 local (odd-hour window: 1-4am) -- weak signal, contributing factor only",2026-09-17 07:13:11.327262 UTC
TXN000640,CUST0253,75.19,10,Low,odd_hour,"transaction at 02:00 local (odd-hour window: 1-4am) -- weak signal, contributing factor only",2026-09-17 07:13:11.327262 UTC
TXN000482,CUST0253,56.19,10,Low,odd_hour,"transaction at 02:00 local (odd-hour window: 1-4am) -- weak signal, contributing factor only",2026-09-17 07:13:11.327262 UTC
TXN001109,CUST0036,310.53,10,Low,odd_hour,"transaction at 01:00 local (odd-hour window: 1-4am) -- weak signal, contributing factor only",2026-09-17 07:13:11.327262 UTC
TXN003024,CUST0036,39.87,10,Low,odd_hour,"transaction at 01:00 local (odd-hour window: 1-4am) -- weak signal, contributing factor only",2026-09-17 07:13:11.327262 UTC
TXN000780,CUST0036,334.18,10,Low,odd_hour,"transaction at 01:00 local (odd-hour window: 1-4am) -- weak signal, contributing factor only",2026-09-17 07:13:11.327262 UTC
TXN001041,CUST0356,28.77,10,Low,odd_hour,"transaction at 01:00 local (odd-hour window: 1-4am) -- weak signal, contributing factor only",2026-09-17 07:13:11.327262 UTC
TXN003079,CUST0252,121.46,10,Low,odd_hour,"transaction at 01:00 local (odd-hour window: 1-4am) -- weak signal, contributing factor only",2026-09-17 07:13:11.327262 UTC
TXN001489,CUST0252,15.45,10,Low,odd_hour,"transaction at 01:00 local (odd-hour window: 1-4am) -- weak signal, contributing factor only",2026-09-17 07:13:11.327262 UTC
TXN004242,CUST0251,276.61,10,Low,odd_hour,"transaction at 02:00 local (odd-hour window: 1-4am) -- weak signal, contributing factor only",2026-09-17 07:13:11.327262 UTC
TXN002518,CUST0251,54.32,10,Low,odd_hour,"transaction at 01:00 local (odd-hour window: 1-4am) -- weak signal, contributing factor only",2026-09-17 07:13:11.327262 UTC
TXN002835,CUST0251,12.61,10,Low,odd_hour,"transaction at 01:00 local (odd-hour window: 1-4am) -- weak signal, contributing factor only",2026-09-17 07:13:11.327262 UTC
TXN001901,CUST0250,70.09,10,Low,odd_hour,"transaction at 03:00 local (odd-hour window: 1-4am) -- weak signal, contributing factor only",2026-09-17 07:13:11.327262 UTC
TXN000786,CUST0250,9.46,10,Low,odd_hour,"transaction at 02:00 local (odd-hour window: 1-4am) -- weak signal, contributing factor only",2026-09-17 07:13:11.327262 UTC
TXN003321,CUST0010,19.39,10,Low,odd_hour,"transaction at 04:00 local (odd-hour window: 1-4am) -- weak signal, contributing factor only",2026-09-17 07:13:11.327262 UTC
TXN000480,CUST0249,163.25,10,Low,odd_hour,"transaction at 03:00 local (odd-hour window: 1-4am) -- weak signal, contributing factor only",2026-09-17 07:13:11.327262 UTC
TXN004999,CUST0247,78.77,10,Low,odd_hour,"transaction at 04:00 local (odd-hour window: 1-4am) -- weak signal, contributing factor only",2026-09-17 07:13:11.327262 UTC
TXN004994,CUST0247,123.32,10,Low,odd_hour,"transaction at 04:00 local (odd-hour window: 1-4am) -- weak signal, contributing factor only",2026-09-17 07:13:11.327262 UTC
TXN003394,CUST0037,343.88,10,Low,odd_hour,"transaction at 01:00 local (odd-hour window: 1-4am) -- weak signal, contributing factor only",2026-09-17 07:13:11.327262 UTC
TXN004924,CUST0037,18.42,10,Low,odd_hour,"transaction at 04:00 local (odd-hour window: 1-4am) -- weak signal, contributing factor only",2026-09-17 07:13:11.327262 UTC
TXN003806,CUST0247,8.5,10,Low,odd_hour,"transaction at 01:00 local (odd-hour window: 1-4am) -- weak signal, contributing factor only",2026-09-17 07:13:11.327262 UTC
TXN003967,CUST0246,17.77,10,Low,odd_hour,"transaction at 03:00 local (odd-hour window: 1-4am) -- weak signal, contributing factor only",2026-09-17 07:13:11.327262 UTC
TXN002345,CUST0246,83.94,10,Low,odd_hour,"transaction at 02:00 local (odd-hour window: 1-4am) -- weak signal, contributing factor only",2026-09-17 07:13:11.327262 UTC
TXN004975,CUST0246,8.62,10,Low,odd_hour,"transaction at 02:00 local (odd-hour window: 1-4am) -- weak signal, contributing factor only",2026-09-17 07:13:11.327262 UTC
TXN000235,CUST0010,173.62,10,Low,odd_hour,"transaction at 03:00 local (odd-hour window: 1-4am) -- weak signal, contributing factor only",2026-09-17 07:13:11.327262 UTC
TXN003449,CUST0010,38.44,10,Low,odd_hour,"transaction at 01:00 local (odd-hour window: 1-4am) -- weak signal, contributing factor only",2026-09-17 07:13:11.327262 UTC
TXN004336,CUST0244,110.27,10,Low,odd_hour,"transaction at 03:00 local (odd-hour window: 1-4am) -- weak signal, contributing factor only",2026-09-17 07:13:11.327262 UTC
TXN002898,CUST0244,31.79,10,Low,odd_hour,"transaction at 01:00 local (odd-hour window: 1-4am) -- weak signal, contributing factor only",2026-09-17 07:13:11.327262 UTC
TXN000119,CUST0243,10.76,10,Low,odd_hour,"transaction at 03:00 local (odd-hour window: 1-4am) -- weak signal, contributing factor only",2026-09-17 07:13:11.327262 UTC
TXN001172,CUST0243,217.99,10,Low,odd_hour,"transaction at 02:00 local (odd-hour window: 1-4am) -- weak signal, contributing factor only",2026-09-17 07:13:11.327262 UTC
TXN002735,CUST0242,186.16,10,Low,odd_hour,"transaction at 03:00 local (odd-hour window: 1-4am) -- weak signal, contributing factor only",2026-09-17 07:13:11.327262 UTC
TXN003265,CUST0241,17.38,10,Low,odd_hour,"transaction at 04:00 local (odd-hour window: 1-4am) -- weak signal, contributing factor only",2026-09-17 07:13:11.327262 UTC
TXN004633,CUST0010,10.01,10,Low,odd_hour,"transaction at 01:00 local (odd-hour window: 1-4am) -- weak signal, contributing factor only",2026-09-17 07:13:11.327262 UTC
TXN000891,CUST0038,149.33,10,Low,odd_hour,"transaction at 01:00 local (odd-hour window: 1-4am) -- weak signal, contributing factor only",2026-09-17 07:13:11.327262 UTC
TXN000350,CUST0038,55.14,10,Low,odd_hour,"transaction at 03:00 local (odd-hour window: 1-4am) -- weak signal, contributing factor only",2026-09-17 07:13:11.327262 UTC
TXN004238,CUST0038,12.57,10,Low,odd_hour,"transaction at 04:00 local (odd-hour window: 1-4am) -- weak signal, contributing factor only",2026-09-17 07:13:11.327262 UTC
TXN002526,CUST0240,196.95,10,Low,odd_hour,"transaction at 03:00 local (odd-hour window: 1-4am) -- weak signal, contributing factor only",2026-09-17 07:13:11.327262 UTC
TXN001950,CUST0238,51.04,10,Low,odd_hour,"transaction at 03:00 local (odd-hour window: 1-4am) -- weak signal, contributing factor only",2026-09-17 07:13:11.327262 UTC
TXN004268,CUST0237,58.24,10,Low,odd_hour,"transaction at 03:00 local (odd-hour window: 1-4am) -- weak signal, contributing factor only",2026-09-17 07:13:11.327262 UTC
TXN002117,CUST0237,7.9,10,Low,odd_hour,"transaction at 02:00 local (odd-hour window: 1-4am) -- weak signal, contributing factor only",2026-09-17 07:13:11.327262 UTC
TXN003157,CUST0236,41.9,10,Low,odd_hour,"transaction at 04:00 local (odd-hour window: 1-4am) -- weak signal, contributing factor only",2026-09-17 07:13:11.327262 UTC
TXN004143,CUST0236,173.47,10,Low,odd_hour,"transaction at 02:00 local (odd-hour window: 1-4am) -- weak signal, contributing factor only",2026-09-17 07:13:11.327262 UTC
TXN004261,CUST0236,96.37,10,Low,odd_hour,"transaction at 01:00 local (odd-hour window: 1-4am) -- weak signal, contributing factor only",2026-09-17 07:13:11.327262 UTC
TXN004548,CUST0356,34.02,10,Low,odd_hour,"transaction at 03:00 local (odd-hour window: 1-4am) -- weak signal, contributing factor only",2026-09-17 07:13:11.327262 UTC
TXN002476,CUST0357,361.37,10,Low,odd_hour,"transaction at 03:00 local (odd-hour window: 1-4am) -- weak signal, contributing factor only",2026-09-17 07:13:11.327262 UTC
TXN000343,CUST0235,206.49,10,Low,odd_hour,"transaction at 01:00 local (odd-hour window: 1-4am) -- weak signal, contributing factor only",2026-09-17 07:13:11.327262 UTC
TXN002559,CUST0235,117.28,10,Low,odd_hour,"transaction at 01:00 local (odd-hour window: 1-4am) -- weak signal, contributing factor only",2026-09-17 07:13:11.327262 UTC
TXN004436,CUST0357,20.06,10,Low,odd_hour,"transaction at 03:00 local (odd-hour window: 1-4am) -- weak signal, contributing factor only",2026-09-17 07:13:11.327262 UTC
TXN004535,CUST0234,328.65,10,Low,odd_hour,"transaction at 03:00 local (odd-hour window: 1-4am) -- weak signal, contributing factor only",2026-09-17 07:13:11.327262 UTC
TXN004499,CUST0234,302.66,10,Low,odd_hour,"transaction at 01:00 local (odd-hour window: 1-4am) -- weak signal, contributing factor only",2026-09-17 07:13:11.327262 UTC
TXN001399,CUST0233,77.56,10,Low,odd_hour,"transaction at 04:00 local (odd-hour window: 1-4am) -- weak signal, contributing factor only",2026-09-17 07:13:11.327262 UTC
TXN003487,CUST0233,104.36,10,Low,odd_hour,"transaction at 03:00 local (odd-hour window: 1-4am) -- weak signal, contributing factor only",2026-09-17 07:13:11.327262 UTC
TXN004797,CUST0233,333.67,10,Low,odd_hour,"transaction at 02:00 local (odd-hour window: 1-4am) -- weak signal, contributing factor only",2026-09-17 07:13:11.327262 UTC
TXN003622,CUST0233,278.96,10,Low,odd_hour,"transaction at 02:00 local (odd-hour window: 1-4am) -- weak signal, contributing factor only",2026-09-17 07:13:11.327262 UTC
TXN001626,CUST0232,121.31,10,Low,odd_hour,"transaction at 01:00 local (odd-hour window: 1-4am) -- weak signal, contributing factor only",2026-09-17 07:13:11.327262 UTC
TXN003175,CUST0231,132.67,10,Low,odd_hour,"transaction at 02:00 local (odd-hour window: 1-4am) -- weak signal, contributing factor only",2026-09-17 07:13:11.327262 UTC
TXN003494,CUST0231,23.08,10,Low,odd_hour,"transaction at 02:00 local (odd-hour window: 1-4am) -- weak signal, contributing factor only",2026-09-17 07:13:11.327262 UTC
TXN001936,CUST0358,115.51,10,Low,odd_hour,"transaction at 02:00 local (odd-hour window: 1-4am) -- weak signal, contributing factor only",2026-09-17 07:13:11.327262 UTC
TXN004229,CUST0040,403.38,10,Low,odd_hour,"transaction at 03:00 local (odd-hour window: 1-4am) -- weak signal, contributing factor only",2026-09-17 07:13:11.327262 UTC
TXN003306,CUST0359,13.23,10,Low,odd_hour,"transaction at 02:00 local (odd-hour window: 1-4am) -- weak signal, contributing factor only",2026-09-17 07:13:11.327262 UTC
TXN004837,CUST0230,233.36,10,Low,odd_hour,"transaction at 02:00 local (odd-hour window: 1-4am) -- weak signal, contributing factor only",2026-09-17 07:13:11.327262 UTC
TXN003815,CUST0230,40.31,10,Low,odd_hour,"transaction at 01:00 local (odd-hour window: 1-4am) -- weak signal, contributing factor only",2026-09-17 07:13:11.327262 UTC
TXN001524,CUST0360,19.73,10,Low,odd_hour,"transaction at 04:00 local (odd-hour window: 1-4am) -- weak signal, contributing factor only",2026-09-17 07:13:11.327262 UTC
TXN002029,CUST0229,14.54,10,Low,odd_hour,"transaction at 04:00 local (odd-hour window: 1-4am) -- weak signal, contributing factor only",2026-09-17 07:13:11.327262 UTC
TXN002739,CUST0229,271.1,10,Low,odd_hour,"transaction at 01:00 local (odd-hour window: 1-4am) -- weak signal, contributing factor only",2026-09-17 07:13:11.327262 UTC
TXN001074,CUST0228,19.15,10,Low,odd_hour,"transaction at 01:00 local (odd-hour window: 1-4am) -- weak signal, contributing factor only",2026-09-17 07:13:11.327262 UTC
TXN004747,CUST0361,61.33,10,Low,odd_hour,"transaction at 01:00 local (odd-hour window: 1-4am) -- weak signal, contributing factor only",2026-09-17 07:13:11.327262 UTC
TXN003285,CUST0226,80.76,10,Low,odd_hour,"transaction at 04:00 local (odd-hour window: 1-4am) -- weak signal, contributing factor only",2026-09-17 07:13:11.327262 UTC
TXN001861,CUST0226,206.71,10,Low,odd_hour,"transaction at 03:00 local (odd-hour window: 1-4am) -- weak signal, contributing factor only",2026-09-17 07:13:11.327262 UTC
TXN003138,CUST0226,149.6,10,Low,odd_hour,"transaction at 02:00 local (odd-hour window: 1-4am) -- weak signal, contributing factor only",2026-09-17 07:13:11.327262 UTC
TXN003781,CUST0041,21.9,10,Low,odd_hour,"transaction at 04:00 local (odd-hour window: 1-4am) -- weak signal, contributing factor only",2026-09-17 07:13:11.327262 UTC
TXN001426,CUST0041,126.83,10,Low,odd_hour,"transaction at 04:00 local (odd-hour window: 1-4am) -- weak signal, contributing factor only",2026-09-17 07:13:11.327262 UTC
TXN002095,CUST0041,27.87,10,Low,odd_hour,"transaction at 04:00 local (odd-hour window: 1-4am) -- weak signal, contributing factor only",2026-09-17 07:13:11.327262 UTC
TXN000466,CUST0226,72.19,10,Low,odd_hour,"transaction at 01:00 local (odd-hour window: 1-4am) -- weak signal, contributing factor only",2026-09-17 07:13:11.327262 UTC
TXN004408,CUST0225,201.99,10,Low,odd_hour,"transaction at 03:00 local (odd-hour window: 1-4am) -- weak signal, contributing factor only",2026-09-17 07:13:11.327262 UTC
TXN002508,CUST0225,192.97,10,Low,odd_hour,"transaction at 01:00 local (odd-hour window: 1-4am) -- weak signal, contributing factor only",2026-09-17 07:13:11.327262 UTC
TXN000180,CUST0224,8.39,10,Low,odd_hour,"transaction at 04:00 local (odd-hour window: 1-4am) -- weak signal, contributing factor only",2026-09-17 07:13:11.327262 UTC
TXN000535,CUST0224,104.23,10,Low,odd_hour,"transaction at 02:00 local (odd-hour window: 1-4am) -- weak signal, contributing factor only",2026-09-17 07:13:11.327262 UTC
TXN000964,CUST0224,11.9,10,Low,odd_hour,"transaction at 02:00 local (odd-hour window: 1-4am) -- weak signal, contributing factor only",2026-09-17 07:13:11.327262 UTC
TXN003176,CUST0224,89.79,10,Low,odd_hour,"transaction at 01:00 local (odd-hour window: 1-4am) -- weak signal, contributing factor only",2026-09-17 07:13:11.327262 UTC
TXN000081,CUST0361,70.7,10,Low,odd_hour,"transaction at 02:00 local (odd-hour window: 1-4am) -- weak signal, contributing factor only",2026-09-17 07:13:11.327262 UTC
TXN002389,CUST0223,98.68,10,Low,odd_hour,"transaction at 04:00 local (odd-hour window: 1-4am) -- weak signal, contributing factor only",2026-09-17 07:13:11.327262 UTC
TXN003307,CUST0042,31.24,10,Low,odd_hour,"transaction at 02:00 local (odd-hour window: 1-4am) -- weak signal, contributing factor only",2026-09-17 07:13:11.327262 UTC
TXN000212,CUST0223,49.61,10,Low,odd_hour,"transaction at 04:00 local (odd-hour window: 1-4am) -- weak signal, contributing factor only",2026-09-17 07:13:11.327262 UTC
TXN004098,CUST0223,77.93,10,Low,odd_hour,"transaction at 03:00 local (odd-hour window: 1-4am) -- weak signal, contributing factor only",2026-09-17 07:13:11.327262 UTC
TXN002865,CUST0223,9.93,10,Low,odd_hour,"transaction at 02:00 local (odd-hour window: 1-4am) -- weak signal, contributing factor only",2026-09-17 07:13:11.327262 UTC
TXN003899,CUST0222,46.58,10,Low,odd_hour,"transaction at 04:00 local (odd-hour window: 1-4am) -- weak signal, contributing factor only",2026-09-17 07:13:11.327262 UTC
TXN000441,CUST0222,108.4,10,Low,odd_hour,"transaction at 01:00 local (odd-hour window: 1-4am) -- weak signal, contributing factor only",2026-09-17 07:13:11.327262 UTC
TXN004020,CUST0361,60.53,10,Low,odd_hour,"transaction at 04:00 local (odd-hour window: 1-4am) -- weak signal, contributing factor only",2026-09-17 07:13:11.327262 UTC
TXN002269,CUST0221,68.15,10,Low,odd_hour,"transaction at 02:00 local (odd-hour window: 1-4am) -- weak signal, contributing factor only",2026-09-17 07:13:11.327262 UTC
TXN000388,CUST0221,7.99,10,Low,odd_hour,"transaction at 01:00 local (odd-hour window: 1-4am) -- weak signal, contributing factor only",2026-09-17 07:13:11.327262 UTC
TXN003670,CUST0043,31.15,10,Low,odd_hour,"transaction at 03:00 local (odd-hour window: 1-4am) -- weak signal, contributing factor only",2026-09-17 07:13:11.327262 UTC
TXN002608,CUST0220,11.91,10,Low,odd_hour,"transaction at 03:00 local (odd-hour window: 1-4am) -- weak signal, contributing factor only",2026-09-17 07:13:11.327262 UTC
TXN000643,CUST0220,9.11,10,Low,odd_hour,"transaction at 02:00 local (odd-hour window: 1-4am) -- weak signal, contributing factor only",2026-09-17 07:13:11.327262 UTC
TXN001052,CUST0219,156.29,10,Low,odd_hour,"transaction at 02:00 local (odd-hour window: 1-4am) -- weak signal, contributing factor only",2026-09-17 07:13:11.327262 UTC
TXN003096,CUST0219,7.93,10,Low,odd_hour,"transaction at 02:00 local (odd-hour window: 1-4am) -- weak signal, contributing factor only",2026-09-17 07:13:11.327262 UTC
TXN000938,CUST0362,21.31,10,Low,odd_hour,"transaction at 04:00 local (odd-hour window: 1-4am) -- weak signal, contributing factor only",2026-09-17 07:13:11.327262 UTC
TXN001475,CUST0218,13.53,10,Low,odd_hour,"transaction at 04:00 local (odd-hour window: 1-4am) -- weak signal, contributing factor only",2026-09-17 07:13:11.327262 UTC
TXN004433,CUST0363,71.96,10,Low,odd_hour,"transaction at 02:00 local (odd-hour window: 1-4am) -- weak signal, contributing factor only",2026-09-17 07:13:11.327262 UTC
TXN004265,CUST0044,51.21,10,Low,odd_hour,"transaction at 03:00 local (odd-hour window: 1-4am) -- weak signal, contributing factor only",2026-09-17 07:13:11.327262 UTC
TXN003287,CUST0044,12.08,10,Low,odd_hour,"transaction at 04:00 local (odd-hour window: 1-4am) -- weak signal, contributing factor only",2026-09-17 07:13:11.327262 UTC
TXN000878,CUST0044,28.96,10,Low,odd_hour,"transaction at 04:00 local (odd-hour window: 1-4am) -- weak signal, contributing factor only",2026-09-17 07:13:11.327262 UTC
TXN001110,CUST0218,94.57,10,Low,odd_hour,"transaction at 02:00 local (odd-hour window: 1-4am) -- weak signal, contributing factor only",2026-09-17 07:13:11.327262 UTC
TXN003172,CUST0217,24.91,10,Low,odd_hour,"transaction at 04:00 local (odd-hour window: 1-4am) -- weak signal, contributing factor only",2026-09-17 07:13:11.327262 UTC
TXN003440,CUST0217,230.76,10,Low,odd_hour,"transaction at 02:00 local (odd-hour window: 1-4am) -- weak signal, contributing factor only",2026-09-17 07:13:11.327262 UTC
TXN003010,CUST0217,11.16,10,Low,odd_hour,"transaction at 01:00 local (odd-hour window: 1-4am) -- weak signal, contributing factor only",2026-09-17 07:13:11.327262 UTC
TXN002857,CUST0216,19.42,10,Low,odd_hour,"transaction at 01:00 local (odd-hour window: 1-4am) -- weak signal, contributing factor only",2026-09-17 07:13:11.327262 UTC
TXN001742,CUST0216,182.99,10,Low,odd_hour,"transaction at 01:00 local (odd-hour window: 1-4am) -- weak signal, contributing factor only",2026-09-17 07:13:11.327262 UTC
TXN001243,CUST0216,184.12,10,Low,odd_hour,"transaction at 01:00 local (odd-hour window: 1-4am) -- weak signal, contributing factor only",2026-09-17 07:13:11.327262 UTC
TXN002987,CUST0363,130.19,10,Low,odd_hour,"transaction at 04:00 local (odd-hour window: 1-4am) -- weak signal, contributing factor only",2026-09-17 07:13:11.327262 UTC
TXN004057,CUST0215,19.87,10,Low,odd_hour,"transaction at 02:00 local (odd-hour window: 1-4am) -- weak signal, contributing factor only",2026-09-17 07:13:11.327262 UTC
TXN003866,CUST0215,10.04,10,Low,odd_hour,"transaction at 01:00 local (odd-hour window: 1-4am) -- weak signal, contributing factor only",2026-09-17 07:13:11.327262 UTC
TXN002836,CUST0009,81.32,10,Low,odd_hour,"transaction at 04:00 local (odd-hour window: 1-4am) -- weak signal, contributing factor only",2026-09-17 07:13:11.327262 UTC
TXN002067,CUST0045,192.78,10,Low,odd_hour,"transaction at 02:00 local (odd-hour window: 1-4am) -- weak signal, contributing factor only",2026-09-17 07:13:11.327262 UTC
TXN003095,CUST0045,32.73,10,Low,odd_hour,"transaction at 02:00 local (odd-hour window: 1-4am) -- weak signal, contributing factor only",2026-09-17 07:13:11.327262 UTC
TXN004771,CUST0045,25.28,10,Low,odd_hour,"transaction at 03:00 local (odd-hour window: 1-4am) -- weak signal, contributing factor only",2026-09-17 07:13:11.327262 UTC
TXN002837,CUST0215,8.41,10,Low,odd_hour,"transaction at 01:00 local (odd-hour window: 1-4am) -- weak signal, contributing factor only",2026-09-17 07:13:11.327262 UTC
TXN004344,CUST0009,33.86,10,Low,odd_hour,"transaction at 04:00 local (odd-hour window: 1-4am) -- weak signal, contributing factor only",2026-09-17 07:13:11.327262 UTC
TXN001673,CUST0214,129.17,10,Low,odd_hour,"transaction at 04:00 local (odd-hour window: 1-4am) -- weak signal, contributing factor only",2026-09-17 07:13:11.327262 UTC
TXN003199,CUST0214,8.69,10,Low,odd_hour,"transaction at 04:00 local (odd-hour window: 1-4am) -- weak signal, contributing factor only",2026-09-17 07:13:11.327262 UTC
TXN001720,CUST0214,143.06,10,Low,odd_hour,"transaction at 04:00 local (odd-hour window: 1-4am) -- weak signal, contributing factor only",2026-09-17 07:13:11.327262 UTC
TXN000750,CUST0214,8.91,10,Low,odd_hour,"transaction at 03:00 local (odd-hour window: 1-4am) -- weak signal, contributing factor only",2026-09-17 07:13:11.327262 UTC
TXN004932,CUST0214,223.91,10,Low,odd_hour,"transaction at 02:00 local (odd-hour window: 1-4am) -- weak signal, contributing factor only",2026-09-17 07:13:11.327262 UTC
TXN003958,CUST0213,52.25,10,Low,odd_hour,"transaction at 02:00 local (odd-hour window: 1-4am) -- weak signal, contributing factor only",2026-09-17 07:13:11.327262 UTC
TXN003575,CUST0364,63.98,10,Low,odd_hour,"transaction at 01:00 local (odd-hour window: 1-4am) -- weak signal, contributing factor only",2026-09-17 07:13:11.327262 UTC
TXN000552,CUST0211,333.54,10,Low,odd_hour,"transaction at 04:00 local (odd-hour window: 1-4am) -- weak signal, contributing factor only",2026-09-17 07:13:11.327262 UTC
TXN001230,CUST0211,14.63,10,Low,odd_hour,"transaction at 03:00 local (odd-hour window: 1-4am) -- weak signal, contributing factor only",2026-09-17 07:13:11.327262 UTC
TXN001665,CUST0210,136.74,10,Low,odd_hour,"transaction at 02:00 local (odd-hour window: 1-4am) -- weak signal, contributing factor only",2026-09-17 07:13:11.327262 UTC
TXN000307,CUST0210,15.86,10,Low,odd_hour,"transaction at 02:00 local (odd-hour window: 1-4am) -- weak signal, contributing factor only",2026-09-17 07:13:11.327262 UTC
TXN000840,CUST0209,23.45,10,Low,odd_hour,"transaction at 03:00 local (odd-hour window: 1-4am) -- weak signal, contributing factor only",2026-09-17 07:13:11.327262 UTC
TXN004918,CUST0209,73.98,10,Low,odd_hour,"transaction at 03:00 local (odd-hour window: 1-4am) -- weak signal, contributing factor only",2026-09-17 07:13:11.327262 UTC
TXN001276,CUST0209,48.63,10,Low,odd_hour,"transaction at 03:00 local (odd-hour window: 1-4am) -- weak signal, contributing factor only",2026-09-17 07:13:11.327262 UTC
TXN003938,CUST0364,30.47,10,Low,odd_hour,"transaction at 03:00 local (odd-hour window: 1-4am) -- weak signal, contributing factor only",2026-09-17 07:13:11.327262 UTC
TXN001798,CUST0208,10.77,10,Low,odd_hour,"transaction at 04:00 local (odd-hour window: 1-4am) -- weak signal, contributing factor only",2026-09-17 07:13:11.327262 UTC
TXN002967,CUST0208,15.43,10,Low,odd_hour,"transaction at 03:00 local (odd-hour window: 1-4am) -- weak signal, contributing factor only",2026-09-17 07:13:11.327262 UTC
TXN004316,CUST0364,11.83,10,Low,odd_hour,"transaction at 04:00 local (odd-hour window: 1-4am) -- weak signal, contributing factor only",2026-09-17 07:13:11.327262 UTC
TXN000263,CUST0206,30.82,10,Low,odd_hour,"transaction at 03:00 local (odd-hour window: 1-4am) -- weak signal, contributing factor only",2026-09-17 07:13:11.327262 UTC
TXN000437,CUST0205,217.25,10,Low,odd_hour,"transaction at 03:00 local (odd-hour window: 1-4am) -- weak signal, contributing factor only",2026-09-17 07:13:11.327262 UTC
TXN000794,CUST0205,19.77,10,Low,odd_hour,"transaction at 03:00 local (odd-hour window: 1-4am) -- weak signal, contributing factor only",2026-09-17 07:13:11.327262 UTC
TXN004311,CUST0205,112.96,10,Low,odd_hour,"transaction at 03:00 local (odd-hour window: 1-4am) -- weak signal, contributing factor only",2026-09-17 07:13:11.327262 UTC
TXN004701,CUST0204,50.42,10,Low,odd_hour,"transaction at 02:00 local (odd-hour window: 1-4am) -- weak signal, contributing factor only",2026-09-17 07:13:11.327262 UTC
TXN001674,CUST0203,12.97,10,Low,odd_hour,"transaction at 04:00 local (odd-hour window: 1-4am) -- weak signal, contributing factor only",2026-09-17 07:13:11.327262 UTC
TXN003509,CUST0203,144.1,10,Low,odd_hour,"transaction at 03:00 local (odd-hour window: 1-4am) -- weak signal, contributing factor only",2026-09-17 07:13:11.327262 UTC
TXN001034,CUST0365,13.66,10,Low,odd_hour,"transaction at 03:00 local (odd-hour window: 1-4am) -- weak signal, contributing factor only",2026-09-17 07:13:11.327262 UTC
TXN003089,CUST0333,9.37,10,Low,odd_hour,"transaction at 02:00 local (odd-hour window: 1-4am) -- weak signal, contributing factor only",2026-09-17 07:13:11.327262 UTC
TXN003237,CUST0202,79.83,10,Low,odd_hour,"transaction at 03:00 local (odd-hour window: 1-4am) -- weak signal, contributing factor only",2026-09-17 07:13:11.327262 UTC
TXN004007,CUST0201,18.87,10,Low,odd_hour,"transaction at 04:00 local (odd-hour window: 1-4am) -- weak signal, contributing factor only",2026-09-17 07:13:11.327262 UTC
TXN002691,CUST0366,31.25,10,Low,odd_hour,"transaction at 01:00 local (odd-hour window: 1-4am) -- weak signal, contributing factor only",2026-09-17 07:13:11.327262 UTC
TXN004757,CUST0200,53.8,10,Low,odd_hour,"transaction at 03:00 local (odd-hour window: 1-4am) -- weak signal, contributing factor only",2026-09-17 07:13:11.327262 UTC
TXN001639,CUST0199,75.42,10,Low,odd_hour,"transaction at 04:00 local (odd-hour window: 1-4am) -- weak signal, contributing factor only",2026-09-17 07:13:11.327262 UTC
TXN001317,CUST0199,115.06,10,Low,odd_hour,"transaction at 03:00 local (odd-hour window: 1-4am) -- weak signal, contributing factor only",2026-09-17 07:13:11.327262 UTC
TXN003009,CUST0199,81.73,10,Low,odd_hour,"transaction at 02:00 local (odd-hour window: 1-4am) -- weak signal, contributing factor only",2026-09-17 07:13:11.327262 UTC
TXN000005,CUST0199,157.83,10,Low,odd_hour,"transaction at 01:00 local (odd-hour window: 1-4am) -- weak signal, contributing factor only",2026-09-17 07:13:11.327262 UTC
TXN003981,CUST0366,8.8,10,Low,odd_hour,"transaction at 03:00 local (odd-hour window: 1-4am) -- weak signal, contributing factor only",2026-09-17 07:13:11.327262 UTC
TXN000743,CUST0048,133.6,10,Low,odd_hour,"transaction at 01:00 local (odd-hour window: 1-4am) -- weak signal, contributing factor only",2026-09-17 07:13:11.327262 UTC
TXN002534,CUST0048,23.39,10,Low,odd_hour,"transaction at 02:00 local (odd-hour window: 1-4am) -- weak signal, contributing factor only",2026-09-17 07:13:11.327262 UTC
TXN002570,CUST0048,8.53,10,Low,odd_hour,"transaction at 03:00 local (odd-hour window: 1-4am) -- weak signal, contributing factor only",2026-09-17 07:13:11.327262 UTC
TXN002875,CUST0048,234.89,10,Low,odd_hour,"transaction at 04:00 local (odd-hour window: 1-4am) -- weak signal, contributing factor only",2026-09-17 07:13:11.327262 UTC
TXN001636,CUST0400,107.12,10,Low,odd_hour,"transaction at 03:00 local (odd-hour window: 1-4am) -- weak signal, contributing factor only",2026-09-17 07:13:11.327262 UTC
TXN003220,CUST0198,180.5,10,Low,odd_hour,"transaction at 02:00 local (odd-hour window: 1-4am) -- weak signal, contributing factor only",2026-09-17 07:13:11.327262 UTC
TXN003420,CUST0198,53.68,10,Low,odd_hour,"transaction at 01:00 local (odd-hour window: 1-4am) -- weak signal, contributing factor only",2026-09-17 07:13:11.327262 UTC
TXN000678,CUST0197,9.79,10,Low,odd_hour,"transaction at 03:00 local (odd-hour window: 1-4am) -- weak signal, contributing factor only",2026-09-17 07:13:11.327262 UTC
TXN002166,CUST0049,36.75,10,Low,odd_hour,"transaction at 01:00 local (odd-hour window: 1-4am) -- weak signal, contributing factor only",2026-09-17 07:13:11.327262 UTC
TXN002460,CUST0049,333.26,10,Low,odd_hour,"transaction at 04:00 local (odd-hour window: 1-4am) -- weak signal, contributing factor only",2026-09-17 07:13:11.327262 UTC
TXN000623,CUST0197,27.09,10,Low,odd_hour,"transaction at 02:00 local (odd-hour window: 1-4am) -- weak signal, contributing factor only",2026-09-17 07:13:11.327262 UTC
TXN003856,CUST0196,46.51,10,Low,odd_hour,"transaction at 04:00 local (odd-hour window: 1-4am) -- weak signal, contributing factor only",2026-09-17 07:13:11.327262 UTC
TXN002462,CUST0195,12.02,10,Low,odd_hour,"transaction at 02:00 local (odd-hour window: 1-4am) -- weak signal, contributing factor only",2026-09-17 07:13:11.327262 UTC
TXN003488,CUST0195,256.24,10,Low,odd_hour,"transaction at 01:00 local (odd-hour window: 1-4am) -- weak signal, contributing factor only",2026-09-17 07:13:11.327262 UTC
TXN000555,CUST0194,12.75,10,Low,odd_hour,"transaction at 04:00 local (odd-hour window: 1-4am) -- weak signal, contributing factor only",2026-09-17 07:13:11.327262 UTC
TXN000707,CUST0193,27.32,10,Low,odd_hour,"transaction at 02:00 local (odd-hour window: 1-4am) -- weak signal, contributing factor only",2026-09-17 07:13:11.327262 UTC
TXN000120,CUST0193,40.24,10,Low,odd_hour,"transaction at 02:00 local (odd-hour window: 1-4am) -- weak signal, contributing factor only",2026-09-17 07:13:11.327262 UTC
TXN004751,CUST0366,69.9,10,Low,odd_hour,"transaction at 04:00 local (odd-hour window: 1-4am) -- weak signal, contributing factor only",2026-09-17 07:13:11.327262 UTC
TXN004290,CUST0192,81.81,10,Low,odd_hour,"transaction at 02:00 local (odd-hour window: 1-4am) -- weak signal, contributing factor only",2026-09-17 07:13:11.327262 UTC
TXN002053,CUST0366,91.84,10,Low,odd_hour,"transaction at 04:00 local (odd-hour window: 1-4am) -- weak signal, contributing factor only",2026-09-17 07:13:11.327262 UTC
TXN000542,CUST0368,11.22,10,Low,odd_hour,"transaction at 01:00 local (odd-hour window: 1-4am) -- weak signal, contributing factor only",2026-09-17 07:13:11.327262 UTC
TXN003150,CUST0050,62.92,10,Low,odd_hour,"transaction at 02:00 local (odd-hour window: 1-4am) -- weak signal, contributing factor only",2026-09-17 07:13:11.327262 UTC
TXN001854,CUST0050,29.37,10,Low,odd_hour,"transaction at 03:00 local (odd-hour window: 1-4am) -- weak signal, contributing factor only",2026-09-17 07:13:11.327262 UTC
TXN002630,CUST0050,83.88,10,Low,odd_hour,"transaction at 03:00 local (odd-hour window: 1-4am) -- weak signal, contributing factor only",2026-09-17 07:13:11.327262 UTC
TXN004205,CUST0050,309.62,10,Low,odd_hour,"transaction at 03:00 local (odd-hour window: 1-4am) -- weak signal, contributing factor only",2026-09-17 07:13:11.327262 UTC
TXN000975,CUST0050,59.06,10,Low,odd_hour,"transaction at 04:00 local (odd-hour window: 1-4am) -- weak signal, contributing factor only",2026-09-17 07:13:11.327262 UTC
TXN003465,CUST0050,16.21,10,Low,odd_hour,"transaction at 04:00 local (odd-hour window: 1-4am) -- weak signal, contributing factor only",2026-09-17 07:13:11.327262 UTC
TXN002748,CUST0050,40.57,10,Low,odd_hour,"transaction at 04:00 local (odd-hour window: 1-4am) -- weak signal, contributing factor only",2026-09-17 07:13:11.327262 UTC
TXN002355,CUST0191,245.13,10,Low,odd_hour,"transaction at 03:00 local (odd-hour window: 1-4am) -- weak signal, contributing factor only",2026-09-17 07:13:11.327262 UTC
TXN000376,CUST0191,32.1,10,Low,odd_hour,"transaction at 01:00 local (odd-hour window: 1-4am) -- weak signal, contributing factor only",2026-09-17 07:13:11.327262 UTC
TXN003562,CUST0191,165.81,10,Low,odd_hour,"transaction at 01:00 local (odd-hour window: 1-4am) -- weak signal, contributing factor only",2026-09-17 07:13:11.327262 UTC
TXN002360,CUST0190,167.27,10,Low,odd_hour,"transaction at 04:00 local (odd-hour window: 1-4am) -- weak signal, contributing factor only",2026-09-17 07:13:11.327262 UTC
TXN000121,CUST0051,23.09,10,Low,odd_hour,"transaction at 01:00 local (odd-hour window: 1-4am) -- weak signal, contributing factor only",2026-09-17 07:13:11.327262 UTC
TXN000279,CUST0051,32.61,10,Low,odd_hour,"transaction at 04:00 local (odd-hour window: 1-4am) -- weak signal, contributing factor only",2026-09-17 07:13:11.327262 UTC
TXN001813,CUST0190,102.33,10,Low,odd_hour,"transaction at 03:00 local (odd-hour window: 1-4am) -- weak signal, contributing factor only",2026-09-17 07:13:11.327262 UTC
TXN000929,CUST0008,56.65,10,Low,odd_hour,"transaction at 04:00 local (odd-hour window: 1-4am) -- weak signal, contributing factor only",2026-09-17 07:13:11.327262 UTC
TXN003311,CUST0189,99.82,10,Low,odd_hour,"transaction at 03:00 local (odd-hour window: 1-4am) -- weak signal, contributing factor only",2026-09-17 07:13:11.327262 UTC
TXN004124,CUST0189,85.63,10,Low,odd_hour,"transaction at 03:00 local (odd-hour window: 1-4am) -- weak signal, contributing factor only",2026-09-17 07:13:11.327262 UTC
TXN000269,CUST0189,14.22,10,Low,odd_hour,"transaction at 02:00 local (odd-hour window: 1-4am) -- weak signal, contributing factor only",2026-09-17 07:13:11.327262 UTC
TXN003794,CUST0189,79.19,10,Low,odd_hour,"transaction at 02:00 local (odd-hour window: 1-4am) -- weak signal, contributing factor only",2026-09-17 07:13:11.327262 UTC
TXN003173,CUST0188,33.74,10,Low,odd_hour,"transaction at 02:00 local (odd-hour window: 1-4am) -- weak signal, contributing factor only",2026-09-17 07:13:11.327262 UTC
TXN004578,CUST0008,26.71,10,Low,odd_hour,"transaction at 03:00 local (odd-hour window: 1-4am) -- weak signal, contributing factor only",2026-09-17 07:13:11.327262 UTC
TXN003545,CUST0008,118.15,10,Low,odd_hour,"transaction at 03:00 local (odd-hour window: 1-4am) -- weak signal, contributing factor only",2026-09-17 07:13:11.327262 UTC
TXN000352,CUST0187,40.75,10,Low,odd_hour,"transaction at 04:00 local (odd-hour window: 1-4am) -- weak signal, contributing factor only",2026-09-17 07:13:11.327262 UTC
TXN004210,CUST0187,7.63,10,Low,odd_hour,"transaction at 02:00 local (odd-hour window: 1-4am) -- weak signal, contributing factor only",2026-09-17 07:13:11.327262 UTC
TXN000995,CUST0186,124.05,10,Low,odd_hour,"transaction at 02:00 local (odd-hour window: 1-4am) -- weak signal, contributing factor only",2026-09-17 07:13:11.327262 UTC
TXN001284,CUST0052,10.51,10,Low,odd_hour,"transaction at 01:00 local (odd-hour window: 1-4am) -- weak signal, contributing factor only",2026-09-17 07:13:11.327262 UTC
TXN004259,CUST0186,9.07,10,Low,odd_hour,"transaction at 02:00 local (odd-hour window: 1-4am) -- weak signal, contributing factor only",2026-09-17 07:13:11.327262 UTC
TXN004877,CUST0186,288.87,10,Low,odd_hour,"transaction at 02:00 local (odd-hour window: 1-4am) -- weak signal, contributing factor only",2026-09-17 07:13:11.327262 UTC
TXN004908,CUST0186,14.05,10,Low,odd_hour,"transaction at 01:00 local (odd-hour window: 1-4am) -- weak signal, contributing factor only",2026-09-17 07:13:11.327262 UTC
TXN003124,CUST0186,183.77,10,Low,odd_hour,"transaction at 01:00 local (odd-hour window: 1-4am) -- weak signal, contributing factor only",2026-09-17 07:13:11.327262 UTC
TXN000029,CUST0185,280.33,10,Low,odd_hour,"transaction at 02:00 local (odd-hour window: 1-4am) -- weak signal, contributing factor only",2026-09-17 07:13:11.327262 UTC
TXN002571,CUST0184,28.44,10,Low,odd_hour,"transaction at 01:00 local (odd-hour window: 1-4am) -- weak signal, contributing factor only",2026-09-17 07:13:11.327262 UTC
TXN002142,CUST0368,131.13,10,Low,odd_hour,"transaction at 02:00 local (odd-hour window: 1-4am) -- weak signal, contributing factor only",2026-09-17 07:13:11.327262 UTC
TXN000735,CUST0369,140.22,10,Low,odd_hour,"transaction at 03:00 local (odd-hour window: 1-4am) -- weak signal, contributing factor only",2026-09-17 07:13:11.327262 UTC
TXN000902,CUST0369,13.2,10,Low,odd_hour,"transaction at 03:00 local (odd-hour window: 1-4am) -- weak signal, contributing factor only",2026-09-17 07:13:11.327262 UTC
TXN001086,CUST0370,156.17,10,Low,odd_hour,"transaction at 01:00 local (odd-hour window: 1-4am) -- weak signal, contributing factor only",2026-09-17 07:13:11.327262 UTC
TXN003822,CUST0181,15.96,10,Low,odd_hour,"transaction at 03:00 local (odd-hour window: 1-4am) -- weak signal, contributing factor only",2026-09-17 07:13:11.327262 UTC
TXN000978,CUST0053,12.45,10,Low,odd_hour,"transaction at 01:00 local (odd-hour window: 1-4am) -- weak signal, contributing factor only",2026-09-17 07:13:11.327262 UTC
TXN002963,CUST0053,155.17,10,Low,odd_hour,"transaction at 01:00 local (odd-hour window: 1-4am) -- weak signal, contributing factor only",2026-09-17 07:13:11.327262 UTC
TXN000572,CUST0053,8.72,10,Low,odd_hour,"transaction at 02:00 local (odd-hour window: 1-4am) -- weak signal, contributing factor only",2026-09-17 07:13:11.327262 UTC
TXN002037,CUST0181,31.18,10,Low,odd_hour,"transaction at 01:00 local (odd-hour window: 1-4am) -- weak signal, contributing factor only",2026-09-17 07:13:11.327262 UTC
TXN001087,CUST0180,306.64,10,Low,odd_hour,"transaction at 03:00 local (odd-hour window: 1-4am) -- weak signal, contributing factor only",2026-09-17 07:13:11.327262 UTC
TXN001390,CUST0180,19.6,10,Low,odd_hour,"transaction at 02:00 local (odd-hour window: 1-4am) -- weak signal, contributing factor only",2026-09-17 07:13:11.327262 UTC
TXN001293,CUST0180,53.52,10,Low,odd_hour,"transaction at 01:00 local (odd-hour window: 1-4am) -- weak signal, contributing factor only",2026-09-17 07:13:11.327262 UTC
TXN003249,CUST0054,19.98,10,Low,odd_hour,"transaction at 04:00 local (odd-hour window: 1-4am) -- weak signal, contributing factor only",2026-09-17 07:13:11.327262 UTC
TXN000443,CUST0179,142.89,10,Low,odd_hour,"transaction at 03:00 local (odd-hour window: 1-4am) -- weak signal, contributing factor only",2026-09-17 07:13:11.327262 UTC
TXN000228,CUST0179,23.37,10,Low,odd_hour,"transaction at 02:00 local (odd-hour window: 1-4am) -- weak signal, contributing factor only",2026-09-17 07:13:11.327262 UTC
TXN004185,CUST0178,163.39,10,Low,odd_hour,"transaction at 01:00 local (odd-hour window: 1-4am) -- weak signal, contributing factor only",2026-09-17 07:13:11.327262 UTC
TXN002611,CUST0178,79.62,10,Low,odd_hour,"transaction at 01:00 local (odd-hour window: 1-4am) -- weak signal, contributing factor only",2026-09-17 07:13:11.327262 UTC
TXN004812,CUST0370,37.67,10,Low,odd_hour,"transaction at 01:00 local (odd-hour window: 1-4am) -- weak signal, contributing factor only",2026-09-17 07:13:11.327262 UTC
TXN004579,CUST0177,26.19,10,Low,odd_hour,"transaction at 03:00 local (odd-hour window: 1-4am) -- weak signal, contributing factor only",2026-09-17 07:13:11.327262 UTC
TXN002951,CUST0177,135.53,10,Low,odd_hour,"transaction at 03:00 local (odd-hour window: 1-4am) -- weak signal, contributing factor only",2026-09-17 07:13:11.327262 UTC
TXN001291,CUST0177,7.9,10,Low,odd_hour,"transaction at 01:00 local (odd-hour window: 1-4am) -- weak signal, contributing factor only",2026-09-17 07:13:11.327262 UTC
TXN001375,CUST0176,127.99,10,Low,odd_hour,"transaction at 03:00 local (odd-hour window: 1-4am) -- weak signal, contributing factor only",2026-09-17 07:13:11.327262 UTC
TXN002510,CUST0176,57.27,10,Low,odd_hour,"transaction at 03:00 local (odd-hour window: 1-4am) -- weak signal, contributing factor only",2026-09-17 07:13:11.327262 UTC
TXN003699,CUST0370,20.97,10,Low,odd_hour,"transaction at 04:00 local (odd-hour window: 1-4am) -- weak signal, contributing factor only",2026-09-17 07:13:11.327262 UTC
TXN001735,CUST0055,57.35,10,Low,odd_hour,"transaction at 01:00 local (odd-hour window: 1-4am) -- weak signal, contributing factor only",2026-09-17 07:13:11.327262 UTC
TXN002956,CUST0176,10.18,10,Low,odd_hour,"transaction at 03:00 local (odd-hour window: 1-4am) -- weak signal, contributing factor only",2026-09-17 07:13:11.327262 UTC
TXN004123,CUST0176,17.03,10,Low,odd_hour,"transaction at 02:00 local (odd-hour window: 1-4am) -- weak signal, contributing factor only",2026-09-17 07:13:11.327262 UTC
TXN002856,CUST0176,101.65,10,Low,odd_hour,"transaction at 01:00 local (odd-hour window: 1-4am) -- weak signal, contributing factor only",2026-09-17 07:13:11.327262 UTC
TXN004762,CUST0175,12.31,10,Low,odd_hour,"transaction at 04:00 local (odd-hour window: 1-4am) -- weak signal, contributing factor only",2026-09-17 07:13:11.327262 UTC
TXN000064,CUST0175,387.02,10,Low,odd_hour,"transaction at 03:00 local (odd-hour window: 1-4am) -- weak signal, contributing factor only",2026-09-17 07:13:11.327262 UTC
TXN002699,CUST0175,90.22,10,Low,odd_hour,"transaction at 02:00 local (odd-hour window: 1-4am) -- weak signal, contributing factor only",2026-09-17 07:13:11.327262 UTC
TXN004636,CUST0174,31.74,10,Low,odd_hour,"transaction at 04:00 local (odd-hour window: 1-4am) -- weak signal, contributing factor only",2026-09-17 07:13:11.327262 UTC
TXN004473,CUST0174,357.04,10,Low,odd_hour,"transaction at 03:00 local (odd-hour window: 1-4am) -- weak signal, contributing factor only",2026-09-17 07:13:11.327262 UTC
TXN002842,CUST0174,249.02,10,Low,odd_hour,"transaction at 03:00 local (odd-hour window: 1-4am) -- weak signal, contributing factor only",2026-09-17 07:13:11.327262 UTC
TXN002205,CUST0173,66.97,10,Low,odd_hour,"transaction at 02:00 local (odd-hour window: 1-4am) -- weak signal, contributing factor only",2026-09-17 07:13:11.327262 UTC
TXN001133,CUST0173,198.79,10,Low,odd_hour,"transaction at 02:00 local (odd-hour window: 1-4am) -- weak signal, contributing factor only",2026-09-17 07:13:11.327262 UTC
TXN004783,CUST0371,65.63,10,Low,odd_hour,"transaction at 01:00 local (odd-hour window: 1-4am) -- weak signal, contributing factor only",2026-09-17 07:13:11.327262 UTC
TXN001646,CUST0371,10.15,10,Low,odd_hour,"transaction at 02:00 local (odd-hour window: 1-4am) -- weak signal, contributing factor only",2026-09-17 07:13:11.327262 UTC
TXN001094,CUST0172,58.84,10,Low,odd_hour,"transaction at 04:00 local (odd-hour window: 1-4am) -- weak signal, contributing factor only",2026-09-17 07:13:11.327262 UTC
TXN001220,CUST0172,85.19,10,Low,odd_hour,"transaction at 03:00 local (odd-hour window: 1-4am) -- weak signal, contributing factor only",2026-09-17 07:13:11.327262 UTC
TXN003158,CUST0056,50.07,10,Low,odd_hour,"transaction at 03:00 local (odd-hour window: 1-4am) -- weak signal, contributing factor only",2026-09-17 07:13:11.327262 UTC
TXN000626,CUST0172,75.56,10,Low,odd_hour,"transaction at 02:00 local (odd-hour window: 1-4am) -- weak signal, contributing factor only",2026-09-17 07:13:11.327262 UTC
TXN002452,CUST0172,215.48,10,Low,odd_hour,"transaction at 02:00 local (odd-hour window: 1-4am) -- weak signal, contributing factor only",2026-09-17 07:13:11.327262 UTC
TXN003080,CUST0171,24.02,10,Low,odd_hour,"transaction at 04:00 local (odd-hour window: 1-4am) -- weak signal, contributing factor only",2026-09-17 07:13:11.327262 UTC
TXN004710,CUST0171,63.96,10,Low,odd_hour,"transaction at 03:00 local (odd-hour window: 1-4am) -- weak signal, contributing factor only",2026-09-17 07:13:11.327262 UTC
TXN001274,CUST0007,20.52,10,Low,odd_hour,"transaction at 02:00 local (odd-hour window: 1-4am) -- weak signal, contributing factor only",2026-09-17 07:13:11.327262 UTC
TXN000509,CUST0170,356.75,10,Low,odd_hour,"transaction at 03:00 local (odd-hour window: 1-4am) -- weak signal, contributing factor only",2026-09-17 07:13:11.327262 UTC
TXN003422,CUST0170,58.86,10,Low,odd_hour,"transaction at 03:00 local (odd-hour window: 1-4am) -- weak signal, contributing factor only",2026-09-17 07:13:11.327262 UTC
TXN003555,CUST0371,147.52,10,Low,odd_hour,"transaction at 03:00 local (odd-hour window: 1-4am) -- weak signal, contributing factor only",2026-09-17 07:13:11.327262 UTC
TXN002617,CUST0168,268.8,10,Low,odd_hour,"transaction at 03:00 local (odd-hour window: 1-4am) -- weak signal, contributing factor only",2026-09-17 07:13:11.327262 UTC
TXN001445,CUST0168,276.26,10,Low,odd_hour,"transaction at 03:00 local (odd-hour window: 1-4am) -- weak signal, contributing factor only",2026-09-17 07:13:11.327262 UTC
TXN001269,CUST0167,9.91,10,Low,odd_hour,"transaction at 04:00 local (odd-hour window: 1-4am) -- weak signal, contributing factor only",2026-09-17 07:13:11.327262 UTC
TXN003600,CUST0372,38.52,10,Low,odd_hour,"transaction at 02:00 local (odd-hour window: 1-4am) -- weak signal, contributing factor only",2026-09-17 07:13:11.327262 UTC
TXN004568,CUST0057,8.53,10,Low,odd_hour,"transaction at 04:00 local (odd-hour window: 1-4am) -- weak signal, contributing factor only",2026-09-17 07:13:11.327262 UTC
TXN001685,CUST0167,12.79,10,Low,odd_hour,"transaction at 04:00 local (odd-hour window: 1-4am) -- weak signal, contributing factor only",2026-09-17 07:13:11.327262 UTC
TXN002432,CUST0373,20.46,10,Low,odd_hour,"transaction at 02:00 local (odd-hour window: 1-4am) -- weak signal, contributing factor only",2026-09-17 07:13:11.327262 UTC
TXN003991,CUST0166,32.76,10,Low,odd_hour,"transaction at 04:00 local (odd-hour window: 1-4am) -- weak signal, contributing factor only",2026-09-17 07:13:11.327262 UTC
TXN002604,CUST0166,7.58,10,Low,odd_hour,"transaction at 03:00 local (odd-hour window: 1-4am) -- weak signal, contributing factor only",2026-09-17 07:13:11.327262 UTC
TXN001194,CUST0166,21.4,10,Low,odd_hour,"transaction at 02:00 local (odd-hour window: 1-4am) -- weak signal, contributing factor only",2026-09-17 07:13:11.327262 UTC
TXN004570,CUST0164,311.96,10,Low,odd_hour,"transaction at 02:00 local (odd-hour window: 1-4am) -- weak signal, contributing factor only",2026-09-17 07:13:11.327262 UTC
TXN001129,CUST0373,57.5,10,Low,odd_hour,"transaction at 04:00 local (odd-hour window: 1-4am) -- weak signal, contributing factor only",2026-09-17 07:13:11.327262 UTC
TXN002051,CUST0161,18.67,10,Low,odd_hour,"transaction at 04:00 local (odd-hour window: 1-4am) -- weak signal, contributing factor only",2026-09-17 07:13:11.327262 UTC
TXN003642,CUST0375,82.78,10,Low,odd_hour,"transaction at 01:00 local (odd-hour window: 1-4am) -- weak signal, contributing factor only",2026-09-17 07:13:11.327262 UTC
TXN001287,CUST0160,40.63,10,Low,odd_hour,"transaction at 04:00 local (odd-hour window: 1-4am) -- weak signal, contributing factor only",2026-09-17 07:13:11.327262 UTC
TXN003696,CUST0160,13.91,10,Low,odd_hour,"transaction at 02:00 local (odd-hour window: 1-4am) -- weak signal, contributing factor only",2026-09-17 07:13:11.327262 UTC
TXN004584,CUST0375,8.23,10,Low,odd_hour,"transaction at 01:00 local (odd-hour window: 1-4am) -- weak signal, contributing factor only",2026-09-17 07:13:11.327262 UTC
TXN000873,CUST0058,10.92,10,Low,odd_hour,"transaction at 01:00 local (odd-hour window: 1-4am) -- weak signal, contributing factor only",2026-09-17 07:13:11.327262 UTC
TXN004723,CUST0058,38.1,10,Low,odd_hour,"transaction at 02:00 local (odd-hour window: 1-4am) -- weak signal, contributing factor only",2026-09-17 07:13:11.327262 UTC
TXN001851,CUST0160,11.97,10,Low,odd_hour,"transaction at 01:00 local (odd-hour window: 1-4am) -- weak signal, contributing factor only",2026-09-17 07:13:11.327262 UTC
TXN003045,CUST0375,9.43,10,Low,odd_hour,"transaction at 02:00 local (odd-hour window: 1-4am) -- weak signal, contributing factor only",2026-09-17 07:13:11.327262 UTC
TXN000474,CUST0159,22.47,10,Low,odd_hour,"transaction at 03:00 local (odd-hour window: 1-4am) -- weak signal, contributing factor only",2026-09-17 07:13:11.327262 UTC
TXN004157,CUST0159,55.41,10,Low,odd_hour,"transaction at 01:00 local (odd-hour window: 1-4am) -- weak signal, contributing factor only",2026-09-17 07:13:11.327262 UTC
TXN003407,CUST0375,42.36,10,Low,odd_hour,"transaction at 02:00 local (odd-hour window: 1-4am) -- weak signal, contributing factor only",2026-09-17 07:13:11.327262 UTC
TXN003081,CUST0375,56.21,10,Low,odd_hour,"transaction at 04:00 local (odd-hour window: 1-4am) -- weak signal, contributing factor only",2026-09-17 07:13:11.327262 UTC
TXN000683,CUST0158,9.08,10,Low,odd_hour,"transaction at 04:00 local (odd-hour window: 1-4am) -- weak signal, contributing factor only",2026-09-17 07:13:11.327262 UTC
TXN003635,CUST0158,68.98,10,Low,odd_hour,"transaction at 03:00 local (odd-hour window: 1-4am) -- weak signal, contributing factor only",2026-09-17 07:13:11.327262 UTC
TXN001063,CUST0158,34.28,10,Low,odd_hour,"transaction at 02:00 local (odd-hour window: 1-4am) -- weak signal, contributing factor only",2026-09-17 07:13:11.327262 UTC
TXN004155,CUST0006,122.05,10,Low,odd_hour,"transaction at 03:00 local (odd-hour window: 1-4am) -- weak signal, contributing factor only",2026-09-17 07:13:11.327262 UTC
TXN001811,CUST0059,30.63,10,Low,odd_hour,"transaction at 01:00 local (odd-hour window: 1-4am) -- weak signal, contributing factor only",2026-09-17 07:13:11.327262 UTC
TXN001876,CUST0059,94.55,10,Low,odd_hour,"transaction at 02:00 local (odd-hour window: 1-4am) -- weak signal, contributing factor only",2026-09-17 07:13:11.327262 UTC
TXN002328,CUST0376,77.58,10,Low,odd_hour,"transaction at 03:00 local (odd-hour window: 1-4am) -- weak signal, contributing factor only",2026-09-17 07:13:11.327262 UTC
TXN003278,CUST0158,108.21,10,Low,odd_hour,"transaction at 01:00 local (odd-hour window: 1-4am) -- weak signal, contributing factor only",2026-09-17 07:13:11.327262 UTC
TXN000334,CUST0378,71.27,10,Low,odd_hour,"transaction at 01:00 local (odd-hour window: 1-4am) -- weak signal, contributing factor only",2026-09-17 07:13:11.327262 UTC
TXN004254,CUST0157,118.54,10,Low,odd_hour,"transaction at 04:00 local (odd-hour window: 1-4am) -- weak signal, contributing factor only",2026-09-17 07:13:11.327262 UTC
TXN000420,CUST0378,16.67,10,Low,odd_hour,"transaction at 01:00 local (odd-hour window: 1-4am) -- weak signal, contributing factor only",2026-09-17 07:13:11.327262 UTC
TXN004132,CUST0155,85.59,10,Low,odd_hour,"transaction at 04:00 local (odd-hour window: 1-4am) -- weak signal, contributing factor only",2026-09-17 07:13:11.327262 UTC
TXN004009,CUST0155,79.18,10,Low,odd_hour,"transaction at 03:00 local (odd-hour window: 1-4am) -- weak signal, contributing factor only",2026-09-17 07:13:11.327262 UTC
TXN004202,CUST0155,166.59,10,Low,odd_hour,"transaction at 03:00 local (odd-hour window: 1-4am) -- weak signal, contributing factor only",2026-09-17 07:13:11.327262 UTC
TXN003122,CUST0155,64.38,10,Low,odd_hour,"transaction at 01:00 local (odd-hour window: 1-4am) -- weak signal, contributing factor only",2026-09-17 07:13:11.327262 UTC
TXN003734,CUST0378,14.22,10,Low,odd_hour,"transaction at 04:00 local (odd-hour window: 1-4am) -- weak signal, contributing factor only",2026-09-17 07:13:11.327262 UTC
TXN002693,CUST0060,174.55,10,Low,odd_hour,"transaction at 02:00 local (odd-hour window: 1-4am) -- weak signal, contributing factor only",2026-09-17 07:13:11.327262 UTC
TXN003979,CUST0060,21.05,10,Low,odd_hour,"transaction at 02:00 local (odd-hour window: 1-4am) -- weak signal, contributing factor only",2026-09-17 07:13:11.327262 UTC
TXN003247,CUST0005,79.55,10,Low,odd_hour,"transaction at 03:00 local (odd-hour window: 1-4am) -- weak signal, contributing factor only",2026-09-17 07:13:11.327262 UTC
TXN000483,CUST0154,20.61,10,Low,odd_hour,"transaction at 02:00 local (odd-hour window: 1-4am) -- weak signal, contributing factor only",2026-09-17 07:13:11.327262 UTC
TXN003737,CUST0153,20.78,10,Low,odd_hour,"transaction at 04:00 local (odd-hour window: 1-4am) -- weak signal, contributing factor only",2026-09-17 07:13:11.327262 UTC
TXN004776,CUST0151,21.06,10,Low,odd_hour,"transaction at 04:00 local (odd-hour window: 1-4am) -- weak signal, contributing factor only",2026-09-17 07:13:11.327262 UTC
TXN002445,CUST0151,236.76,10,Low,odd_hour,"transaction at 03:00 local (odd-hour window: 1-4am) -- weak signal, contributing factor only",2026-09-17 07:13:11.327262 UTC
TXN002193,CUST0150,11.14,10,Low,odd_hour,"transaction at 04:00 local (odd-hour window: 1-4am) -- weak signal, contributing factor only",2026-09-17 07:13:11.327262 UTC
TXN000665,CUST0150,10.67,10,Low,odd_hour,"transaction at 03:00 local (odd-hour window: 1-4am) -- weak signal, contributing factor only",2026-09-17 07:13:11.327262 UTC
TXN000205,CUST0150,13.22,10,Low,odd_hour,"transaction at 02:00 local (odd-hour window: 1-4am) -- weak signal, contributing factor only",2026-09-17 07:13:11.327262 UTC
TXN001167,CUST0149,14.69,10,Low,odd_hour,"transaction at 03:00 local (odd-hour window: 1-4am) -- weak signal, contributing factor only",2026-09-17 07:13:11.327262 UTC
TXN000405,CUST0149,34.93,10,Low,odd_hour,"transaction at 03:00 local (odd-hour window: 1-4am) -- weak signal, contributing factor only",2026-09-17 07:13:11.327262 UTC
TXN003641,CUST0149,8.69,10,Low,odd_hour,"transaction at 02:00 local (odd-hour window: 1-4am) -- weak signal, contributing factor only",2026-09-17 07:13:11.327262 UTC
TXN003034,CUST0149,19.48,10,Low,odd_hour,"transaction at 02:00 local (odd-hour window: 1-4am) -- weak signal, contributing factor only",2026-09-17 07:13:11.327262 UTC
TXN003775,CUST0380,303.03,10,Low,odd_hour,"transaction at 01:00 local (odd-hour window: 1-4am) -- weak signal, contributing factor only",2026-09-17 07:13:11.327262 UTC
TXN000195,CUST0148,10.09,10,Low,odd_hour,"transaction at 02:00 local (odd-hour window: 1-4am) -- weak signal, contributing factor only",2026-09-17 07:13:11.327262 UTC
TXN001965,CUST0148,170.45,10,Low,odd_hour,"transaction at 01:00 local (odd-hour window: 1-4am) -- weak signal, contributing factor only",2026-09-17 07:13:11.327262 UTC
TXN003591,CUST0147,8.49,10,Low,odd_hour,"transaction at 04:00 local (odd-hour window: 1-4am) -- weak signal, contributing factor only",2026-09-17 07:13:11.327262 UTC
TXN004825,CUST0147,261.33,10,Low,odd_hour,"transaction at 03:00 local (odd-hour window: 1-4am) -- weak signal, contributing factor only",2026-09-17 07:13:11.327262 UTC
TXN002986,CUST0147,160.25,10,Low,odd_hour,"transaction at 02:00 local (odd-hour window: 1-4am) -- weak signal, contributing factor only",2026-09-17 07:13:11.327262 UTC
TXN004233,CUST0381,93.62,10,Low,odd_hour,"transaction at 01:00 local (odd-hour window: 1-4am) -- weak signal, contributing factor only",2026-09-17 07:13:11.327262 UTC
TXN003881,CUST0062,21.72,10,Low,odd_hour,"transaction at 01:00 local (odd-hour window: 1-4am) -- weak signal, contributing factor only",2026-09-17 07:13:11.327262 UTC
TXN003084,CUST0062,208.72,10,Low,odd_hour,"transaction at 04:00 local (odd-hour window: 1-4am) -- weak signal, contributing factor only",2026-09-17 07:13:11.327262 UTC
TXN000099,CUST0146,8.51,10,Low,odd_hour,"transaction at 04:00 local (odd-hour window: 1-4am) -- weak signal, contributing factor only",2026-09-17 07:13:11.327262 UTC
TXN001078,CUST0146,105.76,10,Low,odd_hour,"transaction at 02:00 local (odd-hour window: 1-4am) -- weak signal, contributing factor only",2026-09-17 07:13:11.327262 UTC
TXN000423,CUST0145,274.15,10,Low,odd_hour,"transaction at 04:00 local (odd-hour window: 1-4am) -- weak signal, contributing factor only",2026-09-17 07:13:11.327262 UTC
TXN000815,CUST0145,16.85,10,Low,odd_hour,"transaction at 02:00 local (odd-hour window: 1-4am) -- weak signal, contributing factor only",2026-09-17 07:13:11.327262 UTC
TXN000745,CUST0381,47.63,10,Low,odd_hour,"transaction at 04:00 local (odd-hour window: 1-4am) -- weak signal, contributing factor only",2026-09-17 07:13:11.327262 UTC
TXN002237,CUST0144,38.36,10,Low,odd_hour,"transaction at 02:00 local (odd-hour window: 1-4am) -- weak signal, contributing factor only",2026-09-17 07:13:11.327262 UTC
TXN001435,CUST0382,8.37,10,Low,odd_hour,"transaction at 04:00 local (odd-hour window: 1-4am) -- weak signal, contributing factor only",2026-09-17 07:13:11.327262 UTC
TXN003942,CUST0383,20.4,10,Low,odd_hour,"transaction at 01:00 local (odd-hour window: 1-4am) -- weak signal, contributing factor only",2026-09-17 07:13:11.327262 UTC
TXN004022,CUST0142,8.48,10,Low,odd_hour,"transaction at 03:00 local (odd-hour window: 1-4am) -- weak signal, contributing factor only",2026-09-17 07:13:11.327262 UTC
TXN002241,CUST0383,369.49,10,Low,odd_hour,"transaction at 02:00 local (odd-hour window: 1-4am) -- weak signal, contributing factor only",2026-09-17 07:13:11.327262 UTC
TXN003742,CUST0384,52.64,10,Low,odd_hour,"transaction at 03:00 local (odd-hour window: 1-4am) -- weak signal, contributing factor only",2026-09-17 07:13:11.327262 UTC
TXN000578,CUST0063,62.37,10,Low,odd_hour,"transaction at 03:00 local (odd-hour window: 1-4am) -- weak signal, contributing factor only",2026-09-17 07:13:11.327262 UTC
TXN002763,CUST0063,64.53,10,Low,odd_hour,"transaction at 03:00 local (odd-hour window: 1-4am) -- weak signal, contributing factor only",2026-09-17 07:13:11.327262 UTC
TXN000634,CUST0141,12.84,10,Low,odd_hour,"transaction at 01:00 local (odd-hour window: 1-4am) -- weak signal, contributing factor only",2026-09-17 07:13:11.327262 UTC
TXN003610,CUST0140,34.98,10,Low,odd_hour,"transaction at 04:00 local (odd-hour window: 1-4am) -- weak signal, contributing factor only",2026-09-17 07:13:11.327262 UTC
TXN000519,CUST0385,80.92,10,Low,odd_hour,"transaction at 03:00 local (odd-hour window: 1-4am) -- weak signal, contributing factor only",2026-09-17 07:13:11.327262 UTC
TXN001997,CUST0139,100.67,10,Low,odd_hour,"transaction at 04:00 local (odd-hour window: 1-4am) -- weak signal, contributing factor only",2026-09-17 07:13:11.327262 UTC
TXN004442,CUST0139,36.03,10,Low,odd_hour,"transaction at 04:00 local (odd-hour window: 1-4am) -- weak signal, contributing factor only",2026-09-17 07:13:11.327262 UTC
TXN001114,CUST0386,8.15,10,Low,odd_hour,"transaction at 04:00 local (odd-hour window: 1-4am) -- weak signal, contributing factor only",2026-09-17 07:13:11.327262 UTC
TXN001750,CUST0064,139.21,10,Low,odd_hour,"transaction at 01:00 local (odd-hour window: 1-4am) -- weak signal, contributing factor only",2026-09-17 07:13:11.327262 UTC
TXN002366,CUST0064,13.76,10,Low,odd_hour,"transaction at 02:00 local (odd-hour window: 1-4am) -- weak signal, contributing factor only",2026-09-17 07:13:11.327262 UTC
TXN003325,CUST0139,136.81,10,Low,odd_hour,"transaction at 03:00 local (odd-hour window: 1-4am) -- weak signal, contributing factor only",2026-09-17 07:13:11.327262 UTC
TXN000147,CUST0139,18.16,10,Low,odd_hour,"transaction at 03:00 local (odd-hour window: 1-4am) -- weak signal, contributing factor only",2026-09-17 07:13:11.327262 UTC
TXN002635,CUST0139,21.19,10,Low,odd_hour,"transaction at 01:00 local (odd-hour window: 1-4am) -- weak signal, contributing factor only",2026-09-17 07:13:11.327262 UTC
TXN002175,CUST0138,97.65,10,Low,odd_hour,"transaction at 03:00 local (odd-hour window: 1-4am) -- weak signal, contributing factor only",2026-09-17 07:13:11.327262 UTC
TXN004018,CUST0387,348.04,10,Low,odd_hour,"transaction at 03:00 local (odd-hour window: 1-4am) -- weak signal, contributing factor only",2026-09-17 07:13:11.327262 UTC
TXN004136,CUST0137,87.24,10,Low,odd_hour,"transaction at 04:00 local (odd-hour window: 1-4am) -- weak signal, contributing factor only",2026-09-17 07:13:11.327262 UTC
TXN003579,CUST0137,16.01,10,Low,odd_hour,"transaction at 03:00 local (odd-hour window: 1-4am) -- weak signal, contributing factor only",2026-09-17 07:13:11.327262 UTC
TXN003032,CUST0137,8.34,10,Low,odd_hour,"transaction at 02:00 local (odd-hour window: 1-4am) -- weak signal, contributing factor only",2026-09-17 07:13:11.327262 UTC
TXN003372,CUST0137,21.44,10,Low,odd_hour,"transaction at 01:00 local (odd-hour window: 1-4am) -- weak signal, contributing factor only",2026-09-17 07:13:11.327262 UTC
TXN000615,CUST0136,64.55,10,Low,odd_hour,"transaction at 04:00 local (odd-hour window: 1-4am) -- weak signal, contributing factor only",2026-09-17 07:13:11.327262 UTC
TXN000788,CUST0136,144.27,10,Low,odd_hour,"transaction at 04:00 local (odd-hour window: 1-4am) -- weak signal, contributing factor only",2026-09-17 07:13:11.327262 UTC
TXN000217,CUST0136,12.54,10,Low,odd_hour,"transaction at 01:00 local (odd-hour window: 1-4am) -- weak signal, contributing factor only",2026-09-17 07:13:11.327262 UTC
TXN003447,CUST0065,34.67,10,Low,odd_hour,"transaction at 02:00 local (odd-hour window: 1-4am) -- weak signal, contributing factor only",2026-09-17 07:13:11.327262 UTC
TXN003898,CUST0065,124.02,10,Low,odd_hour,"transaction at 03:00 local (odd-hour window: 1-4am) -- weak signal, contributing factor only",2026-09-17 07:13:11.327262 UTC
TXN000218,CUST0004,10.47,10,Low,odd_hour,"transaction at 04:00 local (odd-hour window: 1-4am) -- weak signal, contributing factor only",2026-09-17 07:13:11.327262 UTC
TXN000937,CUST0004,60.76,10,Low,odd_hour,"transaction at 04:00 local (odd-hour window: 1-4am) -- weak signal, contributing factor only",2026-09-17 07:13:11.327262 UTC
TXN002116,CUST0004,97.74,10,Low,odd_hour,"transaction at 04:00 local (odd-hour window: 1-4am) -- weak signal, contributing factor only",2026-09-17 07:13:11.327262 UTC
TXN003537,CUST0004,16.88,10,Low,odd_hour,"transaction at 03:00 local (odd-hour window: 1-4am) -- weak signal, contributing factor only",2026-09-17 07:13:11.327262 UTC
TXN002052,CUST0387,9.78,10,Low,odd_hour,"transaction at 03:00 local (odd-hour window: 1-4am) -- weak signal, contributing factor only",2026-09-17 07:13:11.327262 UTC
TXN003771,CUST0133,20.15,10,Low,odd_hour,"transaction at 03:00 local (odd-hour window: 1-4am) -- weak signal, contributing factor only",2026-09-17 07:13:11.327262 UTC
TXN002101,CUST0132,90.08,10,Low,odd_hour,"transaction at 03:00 local (odd-hour window: 1-4am) -- weak signal, contributing factor only",2026-09-17 07:13:11.327262 UTC
TXN002695,CUST0387,193.36,10,Low,odd_hour,"transaction at 04:00 local (odd-hour window: 1-4am) -- weak signal, contributing factor only",2026-09-17 07:13:11.327262 UTC
TXN000976,CUST0131,12.17,10,Low,odd_hour,"transaction at 01:00 local (odd-hour window: 1-4am) -- weak signal, contributing factor only",2026-09-17 07:13:11.327262 UTC
TXN004820,CUST0130,19.68,10,Low,odd_hour,"transaction at 04:00 local (odd-hour window: 1-4am) -- weak signal, contributing factor only",2026-09-17 07:13:11.327262 UTC
TXN001766,CUST0130,110.87,10,Low,odd_hour,"transaction at 04:00 local (odd-hour window: 1-4am) -- weak signal, contributing factor only",2026-09-17 07:13:11.327262 UTC
TXN000367,CUST0130,10.13,10,Low,odd_hour,"transaction at 03:00 local (odd-hour window: 1-4am) -- weak signal, contributing factor only",2026-09-17 07:13:11.327262 UTC
TXN001930,CUST0130,105.82,10,Low,odd_hour,"transaction at 02:00 local (odd-hour window: 1-4am) -- weak signal, contributing factor only",2026-09-17 07:13:11.327262 UTC
TXN003419,CUST0388,70.88,10,Low,odd_hour,"transaction at 01:00 local (odd-hour window: 1-4am) -- weak signal, contributing factor only",2026-09-17 07:13:11.327262 UTC
TXN000196,CUST0388,132.29,10,Low,odd_hour,"transaction at 04:00 local (odd-hour window: 1-4am) -- weak signal, contributing factor only",2026-09-17 07:13:11.327262 UTC
TXN001925,CUST0389,349.27,10,Low,odd_hour,"transaction at 03:00 local (odd-hour window: 1-4am) -- weak signal, contributing factor only",2026-09-17 07:13:11.327262 UTC
TXN001295,CUST0066,33.54,10,Low,odd_hour,"transaction at 03:00 local (odd-hour window: 1-4am) -- weak signal, contributing factor only",2026-09-17 07:13:11.327262 UTC
TXN001512,CUST0066,9.49,10,Low,odd_hour,"transaction at 04:00 local (odd-hour window: 1-4am) -- weak signal, contributing factor only",2026-09-17 07:13:11.327262 UTC
TXN004074,CUST0130,86.18,10,Low,odd_hour,"transaction at 02:00 local (odd-hour window: 1-4am) -- weak signal, contributing factor only",2026-09-17 07:13:11.327262 UTC
TXN004685,CUST0129,126.2,10,Low,odd_hour,"transaction at 04:00 local (odd-hour window: 1-4am) -- weak signal, contributing factor only",2026-09-17 07:13:11.327262 UTC
TXN003233,CUST0129,71.57,10,Low,odd_hour,"transaction at 04:00 local (odd-hour window: 1-4am) -- weak signal, contributing factor only",2026-09-17 07:13:11.327262 UTC
TXN004152,CUST0129,7.39,10,Low,odd_hour,"transaction at 02:00 local (odd-hour window: 1-4am) -- weak signal, contributing factor only",2026-09-17 07:13:11.327262 UTC
TXN000095,CUST0128,70.03,10,Low,odd_hour,"transaction at 04:00 local (odd-hour window: 1-4am) -- weak signal, contributing factor only",2026-09-17 07:13:11.327262 UTC
TXN004476,CUST0128,270.49,10,Low,odd_hour,"transaction at 04:00 local (odd-hour window: 1-4am) -- weak signal, contributing factor only",2026-09-17 07:13:11.327262 UTC
TXN002626,CUST0128,157.79,10,Low,odd_hour,"transaction at 04:00 local (odd-hour window: 1-4am) -- weak signal, contributing factor only",2026-09-17 07:13:11.327262 UTC
TXN002164,CUST0128,105.98,10,Low,odd_hour,"transaction at 01:00 local (odd-hour window: 1-4am) -- weak signal, contributing factor only",2026-09-17 07:13:11.327262 UTC
TXN003298,CUST0127,8.12,10,Low,odd_hour,"transaction at 03:00 local (odd-hour window: 1-4am) -- weak signal, contributing factor only",2026-09-17 07:13:11.327262 UTC
TXN002018,CUST0127,12.71,10,Low,odd_hour,"transaction at 02:00 local (odd-hour window: 1-4am) -- weak signal, contributing factor only",2026-09-17 07:13:11.327262 UTC
TXN001696,CUST0127,109.8,10,Low,odd_hour,"transaction at 02:00 local (odd-hour window: 1-4am) -- weak signal, contributing factor only",2026-09-17 07:13:11.327262 UTC
TXN004159,CUST0127,32.77,10,Low,odd_hour,"transaction at 01:00 local (odd-hour window: 1-4am) -- weak signal, contributing factor only",2026-09-17 07:13:11.327262 UTC
TXN004727,CUST0126,294.78,10,Low,odd_hour,"transaction at 04:00 local (odd-hour window: 1-4am) -- weak signal, contributing factor only",2026-09-17 07:13:11.327262 UTC
TXN003334,CUST0125,23.73,10,Low,odd_hour,"transaction at 03:00 local (odd-hour window: 1-4am) -- weak signal, contributing factor only",2026-09-17 07:13:11.327262 UTC
TXN003937,CUST0125,122.44,10,Low,odd_hour,"transaction at 01:00 local (odd-hour window: 1-4am) -- weak signal, contributing factor only",2026-09-17 07:13:11.327262 UTC
TXN001703,CUST0125,8.08,10,Low,odd_hour,"transaction at 01:00 local (odd-hour window: 1-4am) -- weak signal, contributing factor only",2026-09-17 07:13:11.327262 UTC
TXN000011,CUST0067,35.63,10,Low,odd_hour,"transaction at 02:00 local (odd-hour window: 1-4am) -- weak signal, contributing factor only",2026-09-17 07:13:11.327262 UTC
TXN000270,CUST0390,219.17,10,Low,odd_hour,"transaction at 01:00 local (odd-hour window: 1-4am) -- weak signal, contributing factor only",2026-09-17 07:13:11.327262 UTC
TXN003972,CUST0124,31.73,10,Low,odd_hour,"transaction at 04:00 local (odd-hour window: 1-4am) -- weak signal, contributing factor only",2026-09-17 07:13:11.327262 UTC
TXN000790,CUST0124,11.51,10,Low,odd_hour,"transaction at 02:00 local (odd-hour window: 1-4am) -- weak signal, contributing factor only",2026-09-17 07:13:11.327262 UTC
TXN003279,CUST0124,15.78,10,Low,odd_hour,"transaction at 01:00 local (odd-hour window: 1-4am) -- weak signal, contributing factor only",2026-09-17 07:13:11.327262 UTC
TXN000837,CUST0123,48.61,10,Low,odd_hour,"transaction at 01:00 local (odd-hour window: 1-4am) -- weak signal, contributing factor only",2026-09-17 07:13:11.327262 UTC
TXN001485,CUST0068,25.93,10,Low,odd_hour,"transaction at 04:00 local (odd-hour window: 1-4am) -- weak signal, contributing factor only",2026-09-17 07:13:11.327262 UTC
TXN003764,CUST0068,53.83,10,Low,odd_hour,"transaction at 04:00 local (odd-hour window: 1-4am) -- weak signal, contributing factor only",2026-09-17 07:13:11.327262 UTC
TXN001970,CUST0390,87.45,10,Low,odd_hour,"transaction at 02:00 local (odd-hour window: 1-4am) -- weak signal, contributing factor only",2026-09-17 07:13:11.327262 UTC
TXN000532,CUST0122,135.07,10,Low,odd_hour,"transaction at 03:00 local (odd-hour window: 1-4am) -- weak signal, contributing factor only",2026-09-17 07:13:11.327262 UTC
TXN001899,CUST0003,54.69,10,Low,odd_hour,"transaction at 02:00 local (odd-hour window: 1-4am) -- weak signal, contributing factor only",2026-09-17 07:13:11.327262 UTC
TXN004559,CUST0121,323.4,10,Low,odd_hour,"transaction at 04:00 local (odd-hour window: 1-4am) -- weak signal, contributing factor only",2026-09-17 07:13:11.327262 UTC
TXN001370,CUST0121,90.32,10,Low,odd_hour,"transaction at 04:00 local (odd-hour window: 1-4am) -- weak signal, contributing factor only",2026-09-17 07:13:11.327262 UTC
TXN003360,CUST0121,44.71,10,Low,odd_hour,"transaction at 02:00 local (odd-hour window: 1-4am) -- weak signal, contributing factor only",2026-09-17 07:13:11.327262 UTC
TXN003100,CUST0120,60.02,10,Low,odd_hour,"transaction at 04:00 local (odd-hour window: 1-4am) -- weak signal, contributing factor only",2026-09-17 07:13:11.327262 UTC
TXN000155,CUST0119,8.09,10,Low,odd_hour,"transaction at 04:00 local (odd-hour window: 1-4am) -- weak signal, contributing factor only",2026-09-17 07:13:11.327262 UTC
TXN000401,CUST0119,60.84,10,Low,odd_hour,"transaction at 02:00 local (odd-hour window: 1-4am) -- weak signal, contributing factor only",2026-09-17 07:13:11.327262 UTC
TXN000954,CUST0118,8.01,10,Low,odd_hour,"transaction at 01:00 local (odd-hour window: 1-4am) -- weak signal, contributing factor only",2026-09-17 07:13:11.327262 UTC
TXN000059,CUST0118,18.37,10,Low,odd_hour,"transaction at 01:00 local (odd-hour window: 1-4am) -- weak signal, contributing factor only",2026-09-17 07:13:11.327262 UTC
TXN002071,CUST0118,188.18,10,Low,odd_hour,"transaction at 01:00 local (odd-hour window: 1-4am) -- weak signal, contributing factor only",2026-09-17 07:13:11.327262 UTC
TXN002528,CUST0118,7.61,10,Low,odd_hour,"transaction at 01:00 local (odd-hour window: 1-4am) -- weak signal, contributing factor only",2026-09-17 07:13:11.327262 UTC
TXN002016,CUST0118,132.09,10,Low,odd_hour,"transaction at 01:00 local (odd-hour window: 1-4am) -- weak signal, contributing factor only",2026-09-17 07:13:11.327262 UTC
TXN004953,CUST0116,11.36,10,Low,odd_hour,"transaction at 02:00 local (odd-hour window: 1-4am) -- weak signal, contributing factor only",2026-09-17 07:13:11.327262 UTC
TXN002890,CUST0390,42.47,10,Low,odd_hour,"transaction at 02:00 local (odd-hour window: 1-4am) -- weak signal, contributing factor only",2026-09-17 07:13:11.327262 UTC
TXN003093,CUST0391,29.67,10,Low,odd_hour,"transaction at 04:00 local (odd-hour window: 1-4am) -- weak signal, contributing factor only",2026-09-17 07:13:11.327262 UTC
TXN000278,CUST0392,283.09,10,Low,odd_hour,"transaction at 01:00 local (odd-hour window: 1-4am) -- weak signal, contributing factor only",2026-09-17 07:13:11.327262 UTC
TXN001941,CUST0116,34.36,10,Low,odd_hour,"transaction at 01:00 local (odd-hour window: 1-4am) -- weak signal, contributing factor only",2026-09-17 07:13:11.327262 UTC
TXN004970,CUST0116,157.49,10,Low,odd_hour,"transaction at 01:00 local (odd-hour window: 1-4am) -- weak signal, contributing factor only",2026-09-17 07:13:11.327262 UTC
TXN003020,CUST0116,11.09,10,Low,odd_hour,"transaction at 01:00 local (odd-hour window: 1-4am) -- weak signal, contributing factor only",2026-09-17 07:13:11.327262 UTC
TXN003724,CUST0392,35.37,10,Low,odd_hour,"transaction at 02:00 local (odd-hour window: 1-4am) -- weak signal, contributing factor only",2026-09-17 07:13:11.327262 UTC
TXN003925,CUST0115,41.95,10,Low,odd_hour,"transaction at 04:00 local (odd-hour window: 1-4am) -- weak signal, contributing factor only",2026-09-17 07:13:11.327262 UTC
TXN002719,CUST0115,12.18,10,Low,odd_hour,"transaction at 04:00 local (odd-hour window: 1-4am) -- weak signal, contributing factor only",2026-09-17 07:13:11.327262 UTC
TXN004856,CUST0115,27.2,10,Low,odd_hour,"transaction at 04:00 local (odd-hour window: 1-4am) -- weak signal, contributing factor only",2026-09-17 07:13:11.327262 UTC
TXN003975,CUST0115,57.04,10,Low,odd_hour,"transaction at 02:00 local (odd-hour window: 1-4am) -- weak signal, contributing factor only",2026-09-17 07:13:11.327262 UTC
TXN001177,CUST0115,42.68,10,Low,odd_hour,"transaction at 02:00 local (odd-hour window: 1-4am) -- weak signal, contributing factor only",2026-09-17 07:13:11.327262 UTC
TXN001791,CUST0115,180.36,10,Low,odd_hour,"transaction at 01:00 local (odd-hour window: 1-4am) -- weak signal, contributing factor only",2026-09-17 07:13:11.327262 UTC
TXN003167,CUST0392,20.62,10,Low,odd_hour,"transaction at 04:00 local (odd-hour window: 1-4am) -- weak signal, contributing factor only",2026-09-17 07:13:11.327262 UTC
TXN001251,CUST0070,40.66,10,Low,odd_hour,"transaction at 01:00 local (odd-hour window: 1-4am) -- weak signal, contributing factor only",2026-09-17 07:13:11.327262 UTC
TXN001641,CUST0070,34.74,10,Low,odd_hour,"transaction at 03:00 local (odd-hour window: 1-4am) -- weak signal, contributing factor only",2026-09-17 07:13:11.327262 UTC
TXN002565,CUST0070,343.82,10,Low,odd_hour,"transaction at 04:00 local (odd-hour window: 1-4am) -- weak signal, contributing factor only",2026-09-17 07:13:11.327262 UTC
TXN003845,CUST0070,200.47,10,Low,odd_hour,"transaction at 04:00 local (odd-hour window: 1-4am) -- weak signal, contributing factor only",2026-09-17 07:13:11.327262 UTC
TXN004553,CUST0114,115.32,10,Low,odd_hour,"transaction at 03:00 local (odd-hour window: 1-4am) -- weak signal, contributing factor only",2026-09-17 07:13:11.327262 UTC
TXN000945,CUST0114,18.32,10,Low,odd_hour,"transaction at 03:00 local (odd-hour window: 1-4am) -- weak signal, contributing factor only",2026-09-17 07:13:11.327262 UTC
TXN003597,CUST0393,65.35,10,Low,odd_hour,"transaction at 01:00 local (odd-hour window: 1-4am) -- weak signal, contributing factor only",2026-09-17 07:13:11.327262 UTC
TXN002738,CUST0002,212.19,10,Low,odd_hour,"transaction at 02:00 local (odd-hour window: 1-4am) -- weak signal, contributing factor only",2026-09-17 07:13:11.327262 UTC
TXN002902,CUST0113,28.89,10,Low,odd_hour,"transaction at 03:00 local (odd-hour window: 1-4am) -- weak signal, contributing factor only",2026-09-17 07:13:11.327262 UTC
TXN003652,CUST0113,211.63,10,Low,odd_hour,"transaction at 02:00 local (odd-hour window: 1-4am) -- weak signal, contributing factor only",2026-09-17 07:13:11.327262 UTC
TXN000904,CUST0113,74.91,10,Low,odd_hour,"transaction at 01:00 local (odd-hour window: 1-4am) -- weak signal, contributing factor only",2026-09-17 07:13:11.327262 UTC
TXN000226,CUST0112,177.65,10,Low,odd_hour,"transaction at 04:00 local (odd-hour window: 1-4am) -- weak signal, contributing factor only",2026-09-17 07:13:11.327262 UTC
TXN004299,CUST0112,24.51,10,Low,odd_hour,"transaction at 02:00 local (odd-hour window: 1-4am) -- weak signal, contributing factor only",2026-09-17 07:13:11.327262 UTC
TXN003887,CUST0112,11.11,10,Low,odd_hour,"transaction at 02:00 local (odd-hour window: 1-4am) -- weak signal, contributing factor only",2026-09-17 07:13:11.327262 UTC
TXN001440,CUST0111,104.11,10,Low,odd_hour,"transaction at 03:00 local (odd-hour window: 1-4am) -- weak signal, contributing factor only",2026-09-17 07:13:11.327262 UTC
TXN002046,CUST0071,10.55,10,Low,odd_hour,"transaction at 02:00 local (odd-hour window: 1-4am) -- weak signal, contributing factor only",2026-09-17 07:13:11.327262 UTC
TXN003478,CUST0393,148.78,10,Low,odd_hour,"transaction at 03:00 local (odd-hour window: 1-4am) -- weak signal, contributing factor only",2026-09-17 07:13:11.327262 UTC
TXN001311,CUST0111,71.65,10,Low,odd_hour,"transaction at 01:00 local (odd-hour window: 1-4am) -- weak signal, contributing factor only",2026-09-17 07:13:11.327262 UTC
TXN003908,CUST0111,35.79,10,Low,odd_hour,"transaction at 01:00 local (odd-hour window: 1-4am) -- weak signal, contributing factor only",2026-09-17 07:13:11.327262 UTC
TXN003028,CUST0394,12.87,10,Low,odd_hour,"transaction at 01:00 local (odd-hour window: 1-4am) -- weak signal, contributing factor only",2026-09-17 07:13:11.327262 UTC
TXN001701,CUST0110,52.78,10,Low,odd_hour,"transaction at 02:00 local (odd-hour window: 1-4am) -- weak signal, contributing factor only",2026-09-17 07:13:11.327262 UTC
TXN002798,CUST0110,9.81,10,Low,odd_hour,"transaction at 02:00 local (odd-hour window: 1-4am) -- weak signal, contributing factor only",2026-09-17 07:13:11.327262 UTC
TXN000859,CUST0110,92.44,10,Low,odd_hour,"transaction at 01:00 local (odd-hour window: 1-4am) -- weak signal, contributing factor only",2026-09-17 07:13:11.327262 UTC
TXN004065,CUST0110,56.14,10,Low,odd_hour,"transaction at 01:00 local (odd-hour window: 1-4am) -- weak signal, contributing factor only",2026-09-17 07:13:11.327262 UTC
TXN002764,CUST0109,155.81,10,Low,odd_hour,"transaction at 02:00 local (odd-hour window: 1-4am) -- weak signal, contributing factor only",2026-09-17 07:13:11.327262 UTC
TXN002711,CUST0001,237.37,10,Low,odd_hour,"transaction at 03:00 local (odd-hour window: 1-4am) -- weak signal, contributing factor only",2026-09-17 07:13:11.327262 UTC
TXN004310,CUST0108,15.38,10,Low,odd_hour,"transaction at 03:00 local (odd-hour window: 1-4am) -- weak signal, contributing factor only",2026-09-17 07:13:11.327262 UTC
TXN000312,CUST0107,9.0,10,Low,odd_hour,"transaction at 03:00 local (odd-hour window: 1-4am) -- weak signal, contributing factor only",2026-09-17 07:13:11.327262 UTC
TXN000430,CUST0107,8.03,10,Low,odd_hour,"transaction at 01:00 local (odd-hour window: 1-4am) -- weak signal, contributing factor only",2026-09-17 07:13:11.327262 UTC
TXN000009,CUST0106,14.38,10,Low,odd_hour,"transaction at 03:00 local (odd-hour window: 1-4am) -- weak signal, contributing factor only",2026-09-17 07:13:11.327262 UTC
TXN003541,CUST0105,9.38,10,Low,odd_hour,"transaction at 03:00 local (odd-hour window: 1-4am) -- weak signal, contributing factor only",2026-09-17 07:13:11.327262 UTC
TXN004735,CUST0105,183.17,10,Low,odd_hour,"transaction at 01:00 local (odd-hour window: 1-4am) -- weak signal, contributing factor only",2026-09-17 07:13:11.327262 UTC
TXN001082,CUST0104,95.36,10,Low,odd_hour,"transaction at 04:00 local (odd-hour window: 1-4am) -- weak signal, contributing factor only",2026-09-17 07:13:11.327262 UTC
TXN001657,CUST0395,39.03,10,Low,odd_hour,"transaction at 02:00 local (odd-hour window: 1-4am) -- weak signal, contributing factor only",2026-09-17 07:13:11.327262 UTC
TXN002346,CUST0072,77.09,10,Low,odd_hour,"transaction at 02:00 local (odd-hour window: 1-4am) -- weak signal, contributing factor only",2026-09-17 07:13:11.327262 UTC
TXN003903,CUST0072,158.61,10,Low,odd_hour,"transaction at 03:00 local (odd-hour window: 1-4am) -- weak signal, contributing factor only",2026-09-17 07:13:11.327262 UTC
TXN000959,CUST0104,133.67,10,Low,odd_hour,"transaction at 01:00 local (odd-hour window: 1-4am) -- weak signal, contributing factor only",2026-09-17 07:13:11.327262 UTC
TXN003558,CUST0104,63.62,10,Low,odd_hour,"transaction at 01:00 local (odd-hour window: 1-4am) -- weak signal, contributing factor only",2026-09-17 07:13:11.327262 UTC
TXN002499,CUST0395,31.81,10,Low,odd_hour,"transaction at 03:00 local (odd-hour window: 1-4am) -- weak signal, contributing factor only",2026-09-17 07:13:11.327262 UTC
TXN002517,CUST0396,25.74,10,Low,odd_hour,"transaction at 01:00 local (odd-hour window: 1-4am) -- weak signal, contributing factor only",2026-09-17 07:13:11.327262 UTC
TXN004014,CUST0396,312.62,10,Low,odd_hour,"transaction at 01:00 local (odd-hour window: 1-4am) -- weak signal, contributing factor only",2026-09-17 07:13:11.327262 UTC
TXN000246,CUST0102,151.17,10,Low,odd_hour,"transaction at 03:00 local (odd-hour window: 1-4am) -- weak signal, contributing factor only",2026-09-17 07:13:11.327262 UTC
TXN003851,CUST0101,53.89,10,Low,odd_hour,"transaction at 04:00 local (odd-hour window: 1-4am) -- weak signal, contributing factor only",2026-09-17 07:13:11.327262 UTC
TXN001353,CUST0101,27.21,10,Low,odd_hour,"transaction at 04:00 local (odd-hour window: 1-4am) -- weak signal, contributing factor only",2026-09-17 07:13:11.327262 UTC
TXN002341,CUST0101,25.32,10,Low,odd_hour,"transaction at 03:00 local (odd-hour window: 1-4am) -- weak signal, contributing factor only",2026-09-17 07:13:11.327262 UTC
TXN002731,CUST0101,246.01,10,Low,odd_hour,"transaction at 03:00 local (odd-hour window: 1-4am) -- weak signal, contributing factor only",2026-09-17 07:13:11.327262 UTC
TXN001444,CUST0100,8.61,10,Low,odd_hour,"transaction at 02:00 local (odd-hour window: 1-4am) -- weak signal, contributing factor only",2026-09-17 07:13:11.327262 UTC
TXN003387,CUST0073,31.27,10,Low,odd_hour,"transaction at 04:00 local (odd-hour window: 1-4am) -- weak signal, contributing factor only",2026-09-17 07:13:11.327262 UTC
TXN003876,CUST0100,24.35,10,Low,odd_hour,"transaction at 01:00 local (odd-hour window: 1-4am) -- weak signal, contributing factor only",2026-09-17 07:13:11.327262 UTC
TXN004938,CUST0099,10.06,10,Low,odd_hour,"transaction at 04:00 local (odd-hour window: 1-4am) -- weak signal, contributing factor only",2026-09-17 07:13:11.327262 UTC
TXN001870,CUST0099,11.14,10,Low,odd_hour,"transaction at 04:00 local (odd-hour window: 1-4am) -- weak signal, contributing factor only",2026-09-17 07:13:11.327262 UTC
TXN003397,CUST0099,15.49,10,Low,odd_hour,"transaction at 03:00 local (odd-hour window: 1-4am) -- weak signal, contributing factor only",2026-09-17 07:13:11.327262 UTC
TXN000857,CUST0099,24.0,10,Low,odd_hour,"transaction at 02:00 local (odd-hour window: 1-4am) -- weak signal, contributing factor only",2026-09-17 07:13:11.327262 UTC
TXN003493,CUST0097,25.9,10,Low,odd_hour,"transaction at 01:00 local (odd-hour window: 1-4am) -- weak signal, contributing factor only",2026-09-17 07:13:11.327262 UTC
TXN001058,CUST0396,62.53,10,Low,odd_hour,"transaction at 04:00 local (odd-hour window: 1-4am) -- weak signal, contributing factor only",2026-09-17 07:13:11.327262 UTC
TXN002807,CUST0096,9.92,10,Low,odd_hour,"transaction at 04:00 local (odd-hour window: 1-4am) -- weak signal, contributing factor only",2026-09-17 07:13:11.327262 UTC
TXN001627,CUST0396,14.65,10,Low,odd_hour,"transaction at 04:00 local (odd-hour window: 1-4am) -- weak signal, contributing factor only",2026-09-17 07:13:11.327262 UTC
TXN004514,CUST0074,21.48,10,Low,odd_hour,"transaction at 03:00 local (odd-hour window: 1-4am) -- weak signal, contributing factor only",2026-09-17 07:13:11.327262 UTC
TXN004742,CUST0096,10.74,10,Low,odd_hour,"transaction at 02:00 local (odd-hour window: 1-4am) -- weak signal, contributing factor only",2026-09-17 07:13:11.327262 UTC
TXN004469,CUST0397,8.42,10,Low,odd_hour,"transaction at 01:00 local (odd-hour window: 1-4am) -- weak signal, contributing factor only",2026-09-17 07:13:11.327262 UTC
TXN002248,CUST0397,19.33,10,Low,odd_hour,"transaction at 01:00 local (odd-hour window: 1-4am) -- weak signal, contributing factor only",2026-09-17 07:13:11.327262 UTC
TXN001025,CUST0095,26.07,10,Low,odd_hour,"transaction at 03:00 local (odd-hour window: 1-4am) -- weak signal, contributing factor only",2026-09-17 07:13:11.327262 UTC
TXN002582,CUST0095,96.81,10,Low,odd_hour,"transaction at 01:00 local (odd-hour window: 1-4am) -- weak signal, contributing factor only",2026-09-17 07:13:11.327262 UTC
TXN000293,CUST0397,11.68,10,Low,odd_hour,"transaction at 04:00 local (odd-hour window: 1-4am) -- weak signal, contributing factor only",2026-09-17 07:13:11.327262 UTC
TXN004951,CUST0094,20.35,10,Low,odd_hour,"transaction at 02:00 local (odd-hour window: 1-4am) -- weak signal, contributing factor only",2026-09-17 07:13:11.327262 UTC
TXN003500,CUST0093,42.5,10,Low,odd_hour,"transaction at 01:00 local (odd-hour window: 1-4am) -- weak signal, contributing factor only",2026-09-17 07:13:11.327262 UTC
TXN000073,CUST0092,19.98,10,Low,odd_hour,"transaction at 01:00 local (odd-hour window: 1-4am) -- weak signal, contributing factor only",2026-09-17 07:13:11.327262 UTC
TXN004944,CUST0091,38.35,10,Low,odd_hour,"transaction at 02:00 local (odd-hour window: 1-4am) -- weak signal, contributing factor only",2026-09-17 07:13:11.327262 UTC
TXN001830,CUST0075,282.71,10,Low,odd_hour,"transaction at 02:00 local (odd-hour window: 1-4am) -- weak signal, contributing factor only",2026-09-17 07:13:11.327262 UTC
TXN002449,CUST0075,174.93,10,Low,odd_hour,"transaction at 02:00 local (odd-hour window: 1-4am) -- weak signal, contributing factor only",2026-09-17 07:13:11.327262 UTC
TXN002907,CUST0075,168.43,10,Low,odd_hour,"transaction at 03:00 local (odd-hour window: 1-4am) -- weak signal, contributing factor only",2026-09-17 07:13:11.327262 UTC
TXN001993,CUST0075,171.43,10,Low,odd_hour,"transaction at 04:00 local (odd-hour window: 1-4am) -- weak signal, contributing factor only",2026-09-17 07:13:11.327262 UTC
TXN001320,CUST0091,16.79,10,Low,odd_hour,"transaction at 02:00 local (odd-hour window: 1-4am) -- weak signal, contributing factor only",2026-09-17 07:13:11.327262 UTC
TXN000890,CUST0398,197.85,10,Low,odd_hour,"transaction at 02:00 local (odd-hour window: 1-4am) -- weak signal, contributing factor only",2026-09-17 07:13:11.327262 UTC
TXN000169,CUST0090,55.4,10,Low,odd_hour,"transaction at 02:00 local (odd-hour window: 1-4am) -- weak signal, contributing factor only",2026-09-17 07:13:11.327262 UTC
TXN000853,CUST0090,40.44,10,Low,odd_hour,"transaction at 01:00 local (odd-hour window: 1-4am) -- weak signal, contributing factor only",2026-09-17 07:13:11.327262 UTC
TXN004263,CUST0089,8.52,10,Low,odd_hour,"transaction at 03:00 local (odd-hour window: 1-4am) -- weak signal, contributing factor only",2026-09-17 07:13:11.327262 UTC
TXN003807,CUST0089,57.8,10,Low,odd_hour,"transaction at 03:00 local (odd-hour window: 1-4am) -- weak signal, contributing factor only",2026-09-17 07:13:11.327262 UTC
TXN000818,CUST0399,259.26,10,Low,odd_hour,"transaction at 02:00 local (odd-hour window: 1-4am) -- weak signal, contributing factor only",2026-09-17 07:13:11.327262 UTC
TXN004279,CUST0088,11.11,10,Low,odd_hour,"transaction at 04:00 local (odd-hour window: 1-4am) -- weak signal, contributing factor only",2026-09-17 07:13:11.327262 UTC
TXN000726,CUST0088,10.9,10,Low,odd_hour,"transaction at 03:00 local (odd-hour window: 1-4am) -- weak signal, contributing factor only",2026-09-17 07:13:11.327262 UTC
TXN000649,CUST0088,252.51,10,Low,odd_hour,"transaction at 03:00 local (odd-hour window: 1-4am) -- weak signal, contributing factor only",2026-09-17 07:13:11.327262 UTC
TXN003200,CUST0088,29.14,10,Low,odd_hour,"transaction at 02:00 local (odd-hour window: 1-4am) -- weak signal, contributing factor only",2026-09-17 07:13:11.327262 UTC
TXN001098,CUST0076,12.81,10,Low,odd_hour,"transaction at 02:00 local (odd-hour window: 1-4am) -- weak signal, contributing factor only",2026-09-17 07:13:11.327262 UTC
TXN004234,CUST0076,15.32,10,Low,odd_hour,"transaction at 04:00 local (odd-hour window: 1-4am) -- weak signal, contributing factor only",2026-09-17 07:13:11.327262 UTC
TXN002762,CUST0088,32.33,10,Low,odd_hour,"transaction at 02:00 local (odd-hour window: 1-4am) -- weak signal, contributing factor only",2026-09-17 07:13:11.327262 UTC
TXN004115,CUST0088,237.54,10,Low,odd_hour,"transaction at 01:00 local (odd-hour window: 1-4am) -- weak signal, contributing factor only",2026-09-17 07:13:11.327262 UTC
TXN004627,CUST0087,162.98,10,Low,odd_hour,"transaction at 04:00 local (odd-hour window: 1-4am) -- weak signal, contributing factor only",2026-09-17 07:13:11.327262 UTC
TXN002045,CUST0087,18.2,10,Low,odd_hour,"transaction at 03:00 local (odd-hour window: 1-4am) -- weak signal, contributing factor only",2026-09-17 07:13:11.327262 UTC
TXN000502,CUST0087,7.8,10,Low,odd_hour,"transaction at 02:00 local (odd-hour window: 1-4am) -- weak signal, contributing factor only",2026-09-17 07:13:11.327262 UTC
TXN001017,CUST0087,18.97,10,Low,odd_hour,"transaction at 01:00 local (odd-hour window: 1-4am) -- weak signal, contributing factor only",2026-09-17 07:13:11.327262 UTC
TXN004712,CUST0400,344.96,10,Low,odd_hour,"transaction at 01:00 local (odd-hour window: 1-4am) -- weak signal, contributing factor only",2026-09-17 07:13:11.327262 UTC
TXN000399,CUST0086,42.14,10,Low,odd_hour,"transaction at 04:00 local (odd-hour window: 1-4am) -- weak signal, contributing factor only",2026-09-17 07:13:11.327262 UTC
TXN003838,CUST0085,24.5,10,Low,odd_hour,"transaction at 01:00 local (odd-hour window: 1-4am) -- weak signal, contributing factor only",2026-09-17 07:13:11.327262 UTC
TXN003459,CUST0085,195.12,10,Low,odd_hour,"transaction at 01:00 local (odd-hour window: 1-4am) -- weak signal, contributing factor only",2026-09-17 07:13:11.327262 UTC
TXN003791,CUST0077,123.03,10,Low,odd_hour,"transaction at 01:00 local (odd-hour window: 1-4am) -- weak signal, contributing factor only",2026-09-17 07:13:11.327262 UTC
TXN001192,CUST0077,34.12,10,Low,odd_hour,"transaction at 03:00 local (odd-hour window: 1-4am) -- weak signal, contributing factor only",2026-09-17 07:13:11.327262 UTC
TXN001368,CUST0085,242.95,10,Low,odd_hour,"transaction at 01:00 local (odd-hour window: 1-4am) -- weak signal, contributing factor only",2026-09-17 07:13:11.327262 UTC
TXN002700,CUST0084,12.66,10,Low,odd_hour,"transaction at 04:00 local (odd-hour window: 1-4am) -- weak signal, contributing factor only",2026-09-17 07:13:11.327262 UTC
TXN003814,CUST0084,9.76,10,Low,odd_hour,"transaction at 03:00 local (odd-hour window: 1-4am) -- weak signal, contributing factor only",2026-09-17 07:13:11.327262 UTC
TXN004041,CUST0084,80.23,10,Low,odd_hour,"transaction at 02:00 local (odd-hour window: 1-4am) -- weak signal, contributing factor only",2026-09-17 07:13:11.327262 UTC
TXN001206,CUST0084,261.52,10,Low,odd_hour,"transaction at 01:00 local (odd-hour window: 1-4am) -- weak signal, contributing factor only",2026-09-17 07:13:11.327262 UTC
TXN003392,CUST0083,11.7,10,Low,odd_hour,"transaction at 04:00 local (odd-hour window: 1-4am) -- weak signal, contributing factor only",2026-09-17 07:13:11.327262 UTC
TXN001537,CUST0083,372.92,10,Low,odd_hour,"transaction at 03:00 local (odd-hour window: 1-4am) -- weak signal, contributing factor only",2026-09-17 07:13:11.327262 UTC
TXN001234,CUST0083,271.3,10,Low,odd_hour,"transaction at 03:00 local (odd-hour window: 1-4am) -- weak signal, contributing factor only",2026-09-17 07:13:11.327262 UTC
TXN000734,CUST0082,115.35,10,Low,odd_hour,"transaction at 04:00 local (odd-hour window: 1-4am) -- weak signal, contributing factor only",2026-09-17 07:13:11.327262 UTC
TXN003616,CUST0082,310.1,10,Low,odd_hour,"transaction at 04:00 local (odd-hour window: 1-4am) -- weak signal, contributing factor only",2026-09-17 07:13:11.327262 UTC
TXN002640,CUST0082,400.6,10,Low,odd_hour,"transaction at 02:00 local (odd-hour window: 1-4am) -- weak signal, contributing factor only",2026-09-17 07:13:11.327262 UTC
TXN004171,CUST0081,44.52,10,Low,odd_hour,"transaction at 04:00 local (odd-hour window: 1-4am) -- weak signal, contributing factor only",2026-09-17 07:13:11.327262 UTC
TXN002403,CUST0081,120.25,10,Low,odd_hour,"transaction at 03:00 local (odd-hour window: 1-4am) -- weak signal, contributing factor only",2026-09-17 07:13:11.327262 UTC
TXN004482,CUST0081,58.51,10,Low,odd_hour,"transaction at 03:00 local (odd-hour window: 1-4am) -- weak signal, contributing factor only",2026-09-17 07:13:11.327262 UTC
TXN003000,CUST0080,54.14,10,Low,odd_hour,"transaction at 04:00 local (odd-hour window: 1-4am) -- weak signal, contributing factor only",2026-09-17 07:13:11.327262 UTC
TXN003919,CUST0080,84.39,10,Low,odd_hour,"transaction at 02:00 local (odd-hour window: 1-4am) -- weak signal, contributing factor only",2026-09-17 07:13:11.327262 UTC
TXN003066,CUST0047,393.51,10,Low,odd_hour,"transaction at 04:00 local (odd-hour window: 1-4am) -- weak signal, contributing factor only",2026-09-17 07:13:11.327262 UTC
TXN004091,CUST0001,206.92,0,Low,,,2026-09-17 07:13:11.327262 UTC
TXN002273,CUST0199,41.07,0,Low,,,2026-09-17 07:13:11.327262 UTC
TXN000655,CUST0079,44.22,0,Low,,,2026-09-17 07:13:11.327262 UTC
TXN003571,CUST0079,28.55,0,Low,,,2026-09-17 07:13:11.327262 UTC
TXN002065,CUST0079,75.72,0,Low,,,2026-09-17 07:13:11.327262 UTC
TXN001972,CUST0080,96.96,0,Low,,,2026-09-17 07:13:11.327262 UTC
TXN003586,CUST0080,11.07,0,Low,,,2026-09-17 07:13:11.327262 UTC
TXN004834,CUST0080,136.84,0,Low,,,2026-09-17 07:13:11.327262 UTC
TXN002425,CUST0080,13.72,0,Low,,,2026-09-17 07:13:11.327262 UTC
TXN002184,CUST0080,116.22,0,Low,,,2026-09-17 07:13:11.327262 UTC
TXN001540,CUST0080,12.06,0,Low,,,2026-09-17 07:13:11.327262 UTC
TXN004363,CUST0080,7.62,0,Low,,,2026-09-17 07:13:11.327262 UTC
TXN004907,CUST0080,35.46,0,Low,,,2026-09-17 07:13:11.327262 UTC
TXN002926,CUST0080,45.42,0,Low,,,2026-09-17 07:13:11.327262 UTC
TXN003569,CUST0080,72.08,0,Low,,,2026-09-17 07:13:11.327262 UTC
TXN002710,CUST0080,269.13,0,Low,,,2026-09-17 07:13:11.327262 UTC
TXN001898,CUST0080,81.21,0,Low,,,2026-09-17 07:13:11.327262 UTC
TXN004303,CUST0080,23.67,0,Low,,,2026-09-17 07:13:11.327262 UTC
TXN000489,CUST0079,27.63,0,Low,,,2026-09-17 07:13:11.327262 UTC
TXN001452,CUST0079,51.49,0,Low,,,2026-09-17 07:13:11.327262 UTC
TXN004729,CUST0079,104.39,0,Low,,,2026-09-17 07:13:11.327262 UTC
TXN004428,CUST0081,10.62,0,Low,,,2026-09-17 07:13:11.327262 UTC
TXN000762,CUST0081,75.07,0,Low,,,2026-09-17 07:13:11.327262 UTC
TXN001521,CUST0081,10.94,0,Low,,,2026-09-17 07:13:11.327262 UTC
TXN002110,CUST0081,89.99,0,Low,,,2026-09-17 07:13:11.327262 UTC
TXN002486,CUST0081,27.38,0,Low,,,2026-09-17 07:13:11.327262 UTC
TXN001213,CUST0081,196.83,0,Low,,,2026-09-17 07:13:11.327262 UTC
TXN001694,CUST0081,273.38,0,Low,,,2026-09-17 07:13:11.327262 UTC
TXN001517,CUST0079,49.17,0,Low,,,2026-09-17 07:13:11.327262 UTC
TXN003479,CUST0079,12.57,0,Low,,,2026-09-17 07:13:11.327262 UTC
TXN002861,CUST0079,20.17,0,Low,,,2026-09-17 07:13:11.327262 UTC
TXN004023,CUST0082,50.5,0,Low,,,2026-09-17 07:13:11.327262 UTC
TXN004479,CUST0082,67.49,0,Low,,,2026-09-17 07:13:11.327262 UTC
TXN004904,CUST0082,76.29,0,Low,,,2026-09-17 07:13:11.327262 UTC
TXN000923,CUST0082,41.13,0,Low,,,2026-09-17 07:13:11.327262 UTC
TXN000448,CUST0082,290.12,0,Low,,,2026-09-17 07:13:11.327262 UTC
TXN003280,CUST0082,140.38,0,Low,,,2026-09-17 07:13:11.327262 UTC
TXN001539,CUST0082,342.95,0,Low,,,2026-09-17 07:13:11.327262 UTC
TXN000163,CUST0082,9.07,0,Low,,,2026-09-17 07:13:11.327262 UTC
TXN002685,CUST0082,9.9,0,Low,,,2026-09-17 07:13:11.327262 UTC
TXN001060,CUST0082,57.53,0,Low,,,2026-09-17 07:13:11.327262 UTC
TXN003317,CUST0082,20.2,0,Low,,,2026-09-17 07:13:11.327262 UTC
TXN004934,CUST0082,335.75,0,Low,,,2026-09-17 07:13:11.327262 UTC
TXN003583,CUST0082,57.88,0,Low,,,2026-09-17 07:13:11.327262 UTC
TXN002594,CUST0082,296.27,0,Low,,,2026-09-17 07:13:11.327262 UTC
TXN001814,CUST0079,28.58,0,Low,,,2026-09-17 07:13:11.327262 UTC
TXN001150,CUST0079,46.58,0,Low,,,2026-09-17 07:13:11.327262 UTC
TXN004465,CUST0078,20.28,0,Low,,,2026-09-17 07:13:11.327262 UTC
TXN001053,CUST0083,37.19,0,Low,,,2026-09-17 07:13:11.327262 UTC
TXN003441,CUST0083,44.86,0,Low,,,2026-09-17 07:13:11.327262 UTC
TXN002852,CUST0083,45.53,0,Low,,,2026-09-17 07:13:11.327262 UTC
TXN001327,CUST0083,43.29,0,Low,,,2026-09-17 07:13:11.327262 UTC
TXN002663,CUST0083,206.28,0,Low,,,2026-09-17 07:13:11.327262 UTC
TXN001906,CUST0083,28.03,0,Low,,,2026-09-17 07:13:11.327262 UTC
TXN002492,CUST0083,228.62,0,Low,,,2026-09-17 07:13:11.327262 UTC
TXN000355,CUST0078,96.77,0,Low,,,2026-09-17 07:13:11.327262 UTC
TXN000609,CUST0078,11.22,0,Low,,,2026-09-17 07:13:11.327262 UTC
TXN002009,CUST0078,11.06,0,Low,,,2026-09-17 07:13:11.327262 UTC
TXN002994,CUST0084,52.12,0,Low,,,2026-09-17 07:13:11.327262 UTC
TXN003527,CUST0084,238.86,0,Low,,,2026-09-17 07:13:11.327262 UTC
TXN001877,CUST0084,241.0,0,Low,,,2026-09-17 07:13:11.327262 UTC
TXN002601,CUST0084,26.0,0,Low,,,2026-09-17 07:13:11.327262 UTC
TXN001951,CUST0084,59.85,0,Low,,,2026-09-17 07:13:11.327262 UTC
TXN002980,CUST0084,41.56,0,Low,,,2026-09-17 07:13:11.327262 UTC
TXN001118,CUST0084,12.92,0,Low,,,2026-09-17 07:13:11.327262 UTC
TXN001396,CUST0084,22.1,0,Low,,,2026-09-17 07:13:11.327262 UTC
TXN000802,CUST0084,78.35,0,Low,,,2026-09-17 07:13:11.327262 UTC
TXN003694,CUST0084,52.36,0,Low,,,2026-09-17 07:13:11.327262 UTC
TXN004976,CUST0084,10.38,0,Low,,,2026-09-17 07:13:11.327262 UTC
TXN002375,CUST0078,8.5,0,Low,,,2026-09-17 07:13:11.327262 UTC
TXN000517,CUST0078,21.41,0,Low,,,2026-09-17 07:13:11.327262 UTC
TXN001112,CUST0078,129.99,0,Low,,,2026-09-17 07:13:11.327262 UTC
TXN004245,CUST0078,18.55,0,Low,,,2026-09-17 07:13:11.327262 UTC
TXN002168,CUST0085,9.75,0,Low,,,2026-09-17 07:13:11.327262 UTC
TXN003230,CUST0085,200.81,0,Low,,,2026-09-17 07:13:11.327262 UTC
TXN000671,CUST0085,109.39,0,Low,,,2026-09-17 07:13:11.327262 UTC
TXN004737,CUST0085,57.29,0,Low,,,2026-09-17 07:13:11.327262 UTC
TXN001467,CUST0085,189.41,0,Low,,,2026-09-17 07:13:11.327262 UTC
TXN003522,CUST0085,34.0,0,Low,,,2026-09-17 07:13:11.327262 UTC
TXN002736,CUST0085,28.96,0,Low,,,2026-09-17 07:13:11.327262 UTC
TXN002191,CUST0085,184.46,0,Low,,,2026-09-17 07:13:11.327262 UTC
TXN001211,CUST0078,13.98,0,Low,,,2026-09-17 07:13:11.327262 UTC
TXN001493,CUST0077,10.4,0,Low,,,2026-09-17 07:13:11.327262 UTC
TXN001712,CUST0077,396.8,0,Low,,,2026-09-17 07:13:11.327262 UTC
TXN001191,CUST0086,16.78,0,Low,,,2026-09-17 07:13:11.327262 UTC
TXN002314,CUST0086,196.91,0,Low,,,2026-09-17 07:13:11.327262 UTC
TXN002616,CUST0086,167.56,0,Low,,,2026-09-17 07:13:11.327262 UTC
TXN002017,CUST0086,254.76,0,Low,,,2026-09-17 07:13:11.327262 UTC
TXN002217,CUST0086,18.36,0,Low,,,2026-09-17 07:13:11.327262 UTC
TXN002811,CUST0086,33.2,0,Low,,,2026-09-17 07:13:11.327262 UTC
TXN002167,CUST0086,27.47,0,Low,,,2026-09-17 07:13:11.327262 UTC
TXN001272,CUST0077,16.98,0,Low,,,2026-09-17 07:13:11.327262 UTC
TXN004980,CUST0087,27.07,0,Low,,,2026-09-17 07:13:11.327262 UTC
TXN002440,CUST0087,18.55,0,Low,,,2026-09-17 07:13:11.327262 UTC
TXN000214,CUST0087,38.23,0,Low,,,2026-09-17 07:13:11.327262 UTC
TXN004619,CUST0087,21.48,0,Low,,,2026-09-17 07:13:11.327262 UTC
TXN003346,CUST0087,333.58,0,Low,,,2026-09-17 07:13:11.327262 UTC
TXN000630,CUST0087,50.72,0,Low,,,2026-09-17 07:13:11.327262 UTC
TXN001495,CUST0087,163.78,0,Low,,,2026-09-17 07:13:11.327262 UTC
TXN004285,CUST0087,21.45,0,Low,,,2026-09-17 07:13:11.327262 UTC
TXN003456,CUST0077,37.05,0,Low,,,2026-09-17 07:13:11.327262 UTC
TXN000614,CUST0077,40.93,0,Low,,,2026-09-17 07:13:11.327262 UTC
TXN003922,CUST0077,12.64,0,Low,,,2026-09-17 07:13:11.327262 UTC
TXN002746,CUST0077,92.67,0,Low,,,2026-09-17 07:13:11.327262 UTC
TXN003393,CUST0077,329.6,0,Low,,,2026-09-17 07:13:11.327262 UTC
TXN002863,CUST0088,15.32,0,Low,,,2026-09-17 07:13:11.327262 UTC
TXN002466,CUST0088,20.42,0,Low,,,2026-09-17 07:13:11.327262 UTC
TXN003629,CUST0088,8.13,0,Low,,,2026-09-17 07:13:11.327262 UTC
TXN002247,CUST0088,8.92,0,Low,,,2026-09-17 07:13:11.327262 UTC
TXN000479,CUST0088,252.13,0,Low,,,2026-09-17 07:13:11.327262 UTC
TXN004403,CUST0077,307.02,0,Low,,,2026-09-17 07:13:11.327262 UTC
TXN002309,CUST0077,75.73,0,Low,,,2026-09-17 07:13:11.327262 UTC
TXN000129,CUST0076,28.52,0,Low,,,2026-09-17 07:13:11.327262 UTC
TXN000101,CUST0076,351.46,0,Low,,,2026-09-17 07:13:11.327262 UTC
TXN000174,CUST0076,19.76,0,Low,,,2026-09-17 07:13:11.327262 UTC
TXN000774,CUST0076,134.41,0,Low,,,2026-09-17 07:13:11.327262 UTC
TXN000168,CUST0089,86.57,0,Low,,,2026-09-17 07:13:11.327262 UTC
TXN004804,CUST0089,60.51,0,Low,,,2026-09-17 07:13:11.327262 UTC
TXN002327,CUST0089,57.99,0,Low,,,2026-09-17 07:13:11.327262 UTC
TXN004073,CUST0089,10.58,0,Low,,,2026-09-17 07:13:11.327262 UTC
TXN002301,CUST0089,19.52,0,Low,,,2026-09-17 07:13:11.327262 UTC
TXN000546,CUST0089,173.59,0,Low,,,2026-09-17 07:13:11.327262 UTC
TXN001427,CUST0089,65.95,0,Low,,,2026-09-17 07:13:11.327262 UTC
TXN001850,CUST0089,160.72,0,Low,,,2026-09-17 07:13:11.327262 UTC
TXN004866,CUST0089,130.54,0,Low,,,2026-09-17 07:13:11.327262 UTC
TXN003315,CUST0076,319.94,0,Low,,,2026-09-17 07:13:11.327262 UTC
TXN004931,CUST0076,36.61,0,Low,,,2026-09-17 07:13:11.327262 UTC
TXN002879,CUST0076,277.57,0,Low,,,2026-09-17 07:13:11.327262 UTC
TXN002877,CUST0090,394.25,0,Low,,,2026-09-17 07:13:11.327262 UTC
TXN002908,CUST0090,312.58,0,Low,,,2026-09-17 07:13:11.327262 UTC
TXN004572,CUST0090,42.64,0,Low,,,2026-09-17 07:13:11.327262 UTC
TXN004815,CUST0090,114.47,0,Low,,,2026-09-17 07:13:11.327262 UTC
TXN000034,CUST0090,92.14,0,Low,,,2026-09-17 07:13:11.327262 UTC
TXN002428,CUST0090,55.32,0,Low,,,2026-09-17 07:13:11.327262 UTC
TXN004684,CUST0090,82.08,0,Low,,,2026-09-17 07:13:11.327262 UTC
TXN003161,CUST0090,128.77,0,Low,,,2026-09-17 07:13:11.327262 UTC
TXN003968,CUST0090,25.21,0,Low,,,2026-09-17 07:13:11.327262 UTC
TXN002106,CUST0090,20.26,0,Low,,,2026-09-17 07:13:11.327262 UTC
TXN000115,CUST0090,21.24,0,Low,,,2026-09-17 07:13:11.327262 UTC
TXN002658,CUST0090,129.75,0,Low,,,2026-09-17 07:13:11.327262 UTC
TXN002108,CUST0090,8.08,0,Low,,,2026-09-17 07:13:11.327262 UTC
TXN004294,CUST0090,318.8,0,Low,,,2026-09-17 07:13:11.327262 UTC
TXN003782,CUST0076,241.43,0,Low,,,2026-09-17 07:13:11.327262 UTC
TXN002900,CUST0076,282.97,0,Low,,,2026-09-17 07:13:11.327262 UTC
TXN000568,CUST0091,13.09,0,Low,,,2026-09-17 07:13:11.327262 UTC
TXN001534,CUST0091,12.57,0,Low,,,2026-09-17 07:13:11.327262 UTC
TXN004581,CUST0091,14.15,0,Low,,,2026-09-17 07:13:11.327262 UTC
TXN002098,CUST0091,10.34,0,Low,,,2026-09-17 07:13:11.327262 UTC
TXN000591,CUST0091,47.6,0,Low,,,2026-09-17 07:13:11.327262 UTC
TXN002920,CUST0091,10.66,0,Low,,,2026-09-17 07:13:11.327262 UTC
TXN002338,CUST0091,16.5,0,Low,,,2026-09-17 07:13:11.327262 UTC
TXN003140,CUST0091,12.78,0,Low,,,2026-09-17 07:13:11.327262 UTC
TXN002183,CUST0091,69.81,0,Low,,,2026-09-17 07:13:11.327262 UTC
TXN002100,CUST0076,31.07,0,Low,,,2026-09-17 07:13:11.327262 UTC
TXN004741,CUST0076,21.67,0,Low,,,2026-09-17 07:13:11.327262 UTC
TXN003893,CUST0075,209.23,0,Low,,,2026-09-17 07:13:11.327262 UTC
TXN004133,CUST0092,15.8,0,Low,,,2026-09-17 07:13:11.327262 UTC
TXN004122,CUST0092,195.05,0,Low,,,2026-09-17 07:13:11.327262 UTC
TXN000691,CUST0092,13.52,0,Low,,,2026-09-17 07:13:11.327262 UTC
TXN003011,CUST0092,72.7,0,Low,,,2026-09-17 07:13:11.327262 UTC
TXN001208,CUST0092,78.6,0,Low,,,2026-09-17 07:13:11.327262 UTC
TXN001763,CUST0092,17.16,0,Low,,,2026-09-17 07:13:11.327262 UTC
TXN000346,CUST0092,41.75,0,Low,,,2026-09-17 07:13:11.327262 UTC
TXN003587,CUST0092,23.7,0,Low,,,2026-09-17 07:13:11.327262 UTC
TXN004293,CUST0092,88.38,0,Low,,,2026-09-17 07:13:11.327262 UTC
TXN000749,CUST0092,47.47,0,Low,,,2026-09-17 07:13:11.327262 UTC
TXN002188,CUST0092,167.29,0,Low,,,2026-09-17 07:13:11.327262 UTC
TXN001732,CUST0092,17.25,0,Low,,,2026-09-17 07:13:11.327262 UTC
TXN004756,CUST0075,102.4,0,Low,,,2026-09-17 07:13:11.327262 UTC
TXN004486,CUST0093,15.23,0,Low,,,2026-09-17 07:13:11.327262 UTC
TXN004301,CUST0093,163.63,0,Low,,,2026-09-17 07:13:11.327262 UTC
TXN001978,CUST0093,138.39,0,Low,,,2026-09-17 07:13:11.327262 UTC
TXN000694,CUST0093,28.62,0,Low,,,2026-09-17 07:13:11.327262 UTC
TXN002864,CUST0093,230.85,0,Low,,,2026-09-17 07:13:11.327262 UTC
TXN000130,CUST0093,45.4,0,Low,,,2026-09-17 07:13:11.327262 UTC
TXN003253,CUST0093,22.45,0,Low,,,2026-09-17 07:13:11.327262 UTC
TXN001733,CUST0093,10.09,0,Low,,,2026-09-17 07:13:11.327262 UTC
TXN001839,CUST0093,242.61,0,Low,,,2026-09-17 07:13:11.327262 UTC
TXN000365,CUST0075,8.29,0,Low,,,2026-09-17 07:13:11.327262 UTC
TXN002371,CUST0094,8.71,0,Low,,,2026-09-17 07:13:11.327262 UTC
TXN001571,CUST0094,166.51,0,Low,,,2026-09-17 07:13:11.327262 UTC
TXN003631,CUST0094,8.21,0,Low,,,2026-09-17 07:13:11.327262 UTC
TXN001067,CUST0094,22.49,0,Low,,,2026-09-17 07:13:11.327262 UTC
TXN000753,CUST0094,96.08,0,Low,,,2026-09-17 07:13:11.327262 UTC
TXN002236,CUST0094,107.74,0,Low,,,2026-09-17 07:13:11.327262 UTC
TXN003770,CUST0075,274.95,0,Low,,,2026-09-17 07:13:11.327262 UTC
TXN003179,CUST0095,94.25,0,Low,,,2026-09-17 07:13:11.327262 UTC
TXN003341,CUST0095,226.52,0,Low,,,2026-09-17 07:13:11.327262 UTC
TXN004249,CUST0095,126.19,0,Low,,,2026-09-17 07:13:11.327262 UTC
TXN003519,CUST0095,20.15,0,Low,,,2026-09-17 07:13:11.327262 UTC
TXN004076,CUST0095,16.05,0,Low,,,2026-09-17 07:13:11.327262 UTC
TXN001205,CUST0095,13.43,0,Low,,,2026-09-17 07:13:11.327262 UTC
TXN001119,CUST0095,153.79,0,Low,,,2026-09-17 07:13:11.327262 UTC
TXN004736,CUST0095,26.97,0,Low,,,2026-09-17 07:13:11.327262 UTC
TXN001953,CUST0095,333.84,0,Low,,,2026-09-17 07:13:11.327262 UTC
TXN004324,CUST0095,121.38,0,Low,,,2026-09-17 07:13:11.327262 UTC
TXN002705,CUST0095,65.75,0,Low,,,2026-09-17 07:13:11.327262 UTC
TXN000200,CUST0095,292.83,0,Low,,,2026-09-17 07:13:11.327262 UTC
TXN004212,CUST0075,364.81,0,Low,,,2026-09-17 07:13:11.327262 UTC
TXN004541,CUST0075,17.84,0,Low,,,2026-09-17 07:13:11.327262 UTC
TXN002897,CUST0075,13.15,0,Low,,,2026-09-17 07:13:11.327262 UTC
TXN004066,CUST0096,10.19,0,Low,,,2026-09-17 07:13:11.327262 UTC
TXN001604,CUST0096,11.28,0,Low,,,2026-09-17 07:13:11.327262 UTC
TXN002943,CUST0096,54.83,0,Low,,,2026-09-17 07:13:11.327262 UTC
TXN002015,CUST0096,32.8,0,Low,,,2026-09-17 07:13:11.327262 UTC
TXN001772,CUST0096,7.73,0,Low,,,2026-09-17 07:13:11.327262 UTC
TXN000206,CUST0096,19.12,0,Low,,,2026-09-17 07:13:11.327262 UTC
TXN002573,CUST0096,40.14,0,Low,,,2026-09-17 07:13:11.327262 UTC
TXN002910,CUST0096,7.61,0,Low,,,2026-09-17 07:13:11.327262 UTC
TXN004829,CUST0096,33.07,0,Low,,,2026-09-17 07:13:11.327262 UTC
TXN003664,CUST0096,17.86,0,Low,,,2026-09-17 07:13:11.327262 UTC
TXN003745,CUST0096,14.74,0,Low,,,2026-09-17 07:13:11.327262 UTC
TXN003576,CUST0096,35.2,0,Low,,,2026-09-17 07:13:11.327262 UTC
TXN000360,CUST0075,95.8,0,Low,,,2026-09-17 07:13:11.327262 UTC
TXN004148,CUST0075,293.83,0,Low,,,2026-09-17 07:13:11.327262 UTC
TXN003804,CUST0075,101.06,0,Low,,,2026-09-17 07:13:11.327262 UTC
TXN001450,CUST0074,11.48,0,Low,,,2026-09-17 07:13:11.327262 UTC
TXN003430,CUST0097,384.67,0,Low,,,2026-09-17 07:13:11.327262 UTC
TXN002310,CUST0097,8.21,0,Low,,,2026-09-17 07:13:11.327262 UTC
TXN004315,CUST0097,70.97,0,Low,,,2026-09-17 07:13:11.327262 UTC
TXN002647,CUST0097,43.48,0,Low,,,2026-09-17 07:13:11.327262 UTC
TXN002348,CUST0097,18.69,0,Low,,,2026-09-17 07:13:11.327262 UTC
TXN001169,CUST0097,14.91,0,Low,,,2026-09-17 07:13:11.327262 UTC
TXN004759,CUST0097,25.06,0,Low,,,2026-09-17 07:13:11.327262 UTC
TXN000766,CUST0097,33.24,0,Low,,,2026-09-17 07:13:11.327262 UTC
TXN001372,CUST0097,38.39,0,Low,,,2026-09-17 07:13:11.327262 UTC
TXN001868,CUST0074,46.52,0,Low,,,2026-09-17 07:13:11.327262 UTC
TXN000767,CUST0074,13.95,0,Low,,,2026-09-17 07:13:11.327262 UTC
TXN004666,CUST0098,14.25,0,Low,,,2026-09-17 07:13:11.327262 UTC
TXN003570,CUST0098,242.88,0,Low,,,2026-09-17 07:13:11.327262 UTC
TXN004575,CUST0098,95.49,0,Low,,,2026-09-17 07:13:11.327262 UTC
TXN003059,CUST0098,22.75,0,Low,,,2026-09-17 07:13:11.327262 UTC
TXN001711,CUST0098,54.37,0,Low,,,2026-09-17 07:13:11.327262 UTC
TXN000328,CUST0098,44.52,0,Low,,,2026-09-17 07:13:11.327262 UTC
TXN003658,CUST0098,36.75,0,Low,,,2026-09-17 07:13:11.327262 UTC
TXN001828,CUST0098,56.01,0,Low,,,2026-09-17 07:13:11.327262 UTC
TXN003524,CUST0098,27.8,0,Low,,,2026-09-17 07:13:11.327262 UTC
TXN000433,CUST0098,281.21,0,Low,,,2026-09-17 07:13:11.327262 UTC
TXN004447,CUST0098,76.93,0,Low,,,2026-09-17 07:13:11.327262 UTC
TXN003917,CUST0099,9.83,0,Low,,,2026-09-17 07:13:11.327262 UTC
TXN001294,CUST0099,29.69,0,Low,,,2026-09-17 07:13:11.327262 UTC
TXN000503,CUST0099,37.79,0,Low,,,2026-09-17 07:13:11.327262 UTC
TXN000617,CUST0099,217.13,0,Low,,,2026-09-17 07:13:11.327262 UTC
TXN004643,CUST0099,74.52,0,Low,,,2026-09-17 07:13:11.327262 UTC
TXN002165,CUST0099,122.05,0,Low,,,2026-09-17 07:13:11.327262 UTC
TXN003259,CUST0099,24.17,0,Low,,,2026-09-17 07:13:11.327262 UTC
TXN000327,CUST0099,7.68,0,Low,,,2026-09-17 07:13:11.327262 UTC
TXN004252,CUST0099,116.33,0,Low,,,2026-09-17 07:13:11.327262 UTC
TXN003767,CUST0099,23.1,0,Low,,,2026-09-17 07:13:11.327262 UTC
TXN001121,CUST0099,66.85,0,Low,,,2026-09-17 07:13:11.327262 UTC
TXN001140,CUST0099,16.8,0,Low,,,2026-09-17 07:13:11.327262 UTC
TXN000986,CUST0099,258.3,0,Low,,,2026-09-17 07:13:11.327262 UTC
TXN001528,CUST0099,7.58,0,Low,,,2026-09-17 07:13:11.327262 UTC
TXN003418,CUST0074,10.01,0,Low,,,2026-09-17 07:13:11.327262 UTC
TXN004474,CUST0074,22.57,0,Low,,,2026-09-17 07:13:11.327262 UTC
TXN003498,CUST0074,44.12,0,Low,,,2026-09-17 07:13:11.327262 UTC
TXN002760,CUST0074,36.25,0,Low,,,2026-09-17 07:13:11.327262 UTC
TXN000701,CUST0100,17.19,0,Low,,,2026-09-17 07:13:11.327262 UTC
TXN002675,CUST0100,59.74,0,Low,,,2026-09-17 07:13:11.327262 UTC
TXN003156,CUST0100,13.88,0,Low,,,2026-09-17 07:13:11.327262 UTC
TXN003784,CUST0100,54.02,0,Low,,,2026-09-17 07:13:11.327262 UTC
TXN001954,CUST0100,10.31,0,Low,,,2026-09-17 07:13:11.327262 UTC
TXN004180,CUST0100,56.35,0,Low,,,2026-09-17 07:13:11.327262 UTC
TXN003460,CUST0100,118.27,0,Low,,,2026-09-17 07:13:11.327262 UTC
TXN003659,CUST0100,140.86,0,Low,,,2026-09-17 07:13:11.327262 UTC
TXN004838,CUST0100,69.37,0,Low,,,2026-09-17 07:13:11.327262 UTC
TXN004816,CUST0100,10.08,0,Low,,,2026-09-17 07:13:11.327262 UTC
TXN003588,CUST0100,157.78,0,Low,,,2026-09-17 07:13:11.327262 UTC
TXN002253,CUST0100,20.11,0,Low,,,2026-09-17 07:13:11.327262 UTC
TXN002505,CUST0100,156.16,0,Low,,,2026-09-17 07:13:11.327262 UTC
TXN004706,CUST0100,254.52,0,Low,,,2026-09-17 07:13:11.327262 UTC
TXN003882,CUST0074,42.15,0,Low,,,2026-09-17 07:13:11.327262 UTC
TXN004770,CUST0073,41.69,0,Low,,,2026-09-17 07:13:11.327262 UTC
TXN003859,CUST0101,85.13,0,Low,,,2026-09-17 07:13:11.327262 UTC
TXN003870,CUST0101,25.03,0,Low,,,2026-09-17 07:13:11.327262 UTC
TXN004228,CUST0101,338.86,0,Low,,,2026-09-17 07:13:11.327262 UTC
TXN003554,CUST0101,35.76,0,Low,,,2026-09-17 07:13:11.327262 UTC
TXN003823,CUST0101,127.71,0,Low,,,2026-09-17 07:13:11.327262 UTC
TXN002946,CUST0101,12.22,0,Low,,,2026-09-17 07:13:11.327262 UTC
TXN002091,CUST0101,33.48,0,Low,,,2026-09-17 07:13:11.327262 UTC
TXN004828,CUST0101,34.53,0,Low,,,2026-09-17 07:13:11.327262 UTC
TXN004883,CUST0101,12.79,0,Low,,,2026-09-17 07:13:11.327262 UTC
TXN004722,CUST0101,25.18,0,Low,,,2026-09-17 07:13:11.327262 UTC
TXN003286,CUST0101,284.48,0,Low,,,2026-09-17 07:13:11.327262 UTC
TXN003244,CUST0073,164.1,0,Low,,,2026-09-17 07:13:11.327262 UTC
TXN001330,CUST0073,17.36,0,Low,,,2026-09-17 07:13:11.327262 UTC
TXN000379,CUST0073,267.36,0,Low,,,2026-09-17 07:13:11.327262 UTC
TXN003452,CUST0073,32.03,0,Low,,,2026-09-17 07:13:11.327262 UTC
TXN000149,CUST0102,186.86,0,Low,,,2026-09-17 07:13:11.327262 UTC
TXN003953,CUST0102,22.29,0,Low,,,2026-09-17 07:13:11.327262 UTC
TXN000812,CUST0102,81.7,0,Low,,,2026-09-17 07:13:11.327262 UTC
TXN001801,CUST0102,9.32,0,Low,,,2026-09-17 07:13:11.327262 UTC
TXN001448,CUST0102,77.2,0,Low,,,2026-09-17 07:13:11.327262 UTC
TXN004549,CUST0102,130.06,0,Low,,,2026-09-17 07:13:11.327262 UTC
TXN000584,CUST0073,38.04,0,Low,,,2026-09-17 07:13:11.327262 UTC
TXN003378,CUST0103,30.92,0,Low,,,2026-09-17 07:13:11.327262 UTC
TXN000038,CUST0103,28.76,0,Low,,,2026-09-17 07:13:11.327262 UTC
TXN001787,CUST0103,23.72,0,Low,,,2026-09-17 07:13:11.327262 UTC
TXN000102,CUST0103,319.65,0,Low,,,2026-09-17 07:13:11.327262 UTC
TXN000646,CUST0103,13.1,0,Low,,,2026-09-17 07:13:11.327262 UTC
TXN001437,CUST0103,8.73,0,Low,,,2026-09-17 07:13:11.327262 UTC
TXN001707,CUST0073,41.23,0,Low,,,2026-09-17 07:13:11.327262 UTC
TXN001980,CUST0104,106.91,0,Low,,,2026-09-17 07:13:11.327262 UTC
TXN004632,CUST0104,146.56,0,Low,,,2026-09-17 07:13:11.327262 UTC
TXN003844,CUST0104,32.44,0,Low,,,2026-09-17 07:13:11.327262 UTC
TXN003721,CUST0104,13.05,0,Low,,,2026-09-17 07:13:11.327262 UTC
TXN003785,CUST0104,35.57,0,Low,,,2026-09-17 07:13:11.327262 UTC
TXN002008,CUST0104,12.17,0,Low,,,2026-09-17 07:13:11.327262 UTC
TXN002953,CUST0104,15.72,0,Low,,,2026-09-17 07:13:11.327262 UTC
TXN003128,CUST0104,24.14,0,Low,,,2026-09-17 07:13:11.327262 UTC
TXN002999,CUST0104,10.94,0,Low,,,2026-09-17 07:13:11.327262 UTC
TXN004088,CUST0073,402.44,0,Low,,,2026-09-17 07:13:11.327262 UTC
TXN002662,CUST0073,76.06,0,Low,,,2026-09-17 07:13:11.327262 UTC
TXN003897,CUST0073,101.35,0,Low,,,2026-09-17 07:13:11.327262 UTC
TXN002718,CUST0073,7.77,0,Low,,,2026-09-17 07:13:11.327262 UTC
TXN000425,CUST0072,76.3,0,Low,,,2026-09-17 07:13:11.327262 UTC
TXN003987,CUST0105,10.54,0,Low,,,2026-09-17 07:13:11.327262 UTC
TXN001725,CUST0105,253.0,0,Low,,,2026-09-17 07:13:11.327262 UTC
TXN000912,CUST0105,79.51,0,Low,,,2026-09-17 07:13:11.327262 UTC
TXN000357,CUST0105,293.02,0,Low,,,2026-09-17 07:13:11.327262 UTC
TXN004350,CUST0105,239.67,0,Low,,,2026-09-17 07:13:11.327262 UTC
TXN002070,CUST0105,58.04,0,Low,,,2026-09-17 07:13:11.327262 UTC
TXN003693,CUST0105,334.99,0,Low,,,2026-09-17 07:13:11.327262 UTC
TXN004010,CUST0105,42.9,0,Low,,,2026-09-17 07:13:11.327262 UTC
TXN002583,CUST0105,295.14,0,Low,,,2026-09-17 07:13:11.327262 UTC
TXN000738,CUST0072,59.46,0,Low,,,2026-09-17 07:13:11.327262 UTC
TXN000330,CUST0072,189.01,0,Low,,,2026-09-17 07:13:11.327262 UTC
TXN002436,CUST0106,279.97,0,Low,,,2026-09-17 07:13:11.327262 UTC
TXN001833,CUST0106,154.54,0,Low,,,2026-09-17 07:13:11.327262 UTC
TXN000134,CUST0106,17.52,0,Low,,,2026-09-17 07:13:11.327262 UTC
TXN002549,CUST0106,66.78,0,Low,,,2026-09-17 07:13:11.327262 UTC
TXN003155,CUST0106,137.63,0,Low,,,2026-09-17 07:13:11.327262 UTC
TXN004163,CUST0106,131.2,0,Low,,,2026-09-17 07:13:11.327262 UTC
TXN002102,CUST0106,103.68,0,Low,,,2026-09-17 07:13:11.327262 UTC
TXN003413,CUST0106,32.63,0,Low,,,2026-09-17 07:13:11.327262 UTC
TXN000668,CUST0106,72.23,0,Low,,,2026-09-17 07:13:11.327262 UTC
TXN001691,CUST0072,96.96,0,Low,,,2026-09-17 07:13:11.327262 UTC
TXN004019,CUST0107,245.51,0,Low,,,2026-09-17 07:13:11.327262 UTC
TXN003533,CUST0107,54.31,0,Low,,,2026-09-17 07:13:11.327262 UTC
TXN002479,CUST0107,17.1,0,Low,,,2026-09-17 07:13:11.327262 UTC
TXN004046,CUST0107,7.58,0,Low,,,2026-09-17 07:13:11.327262 UTC
TXN001758,CUST0107,17.55,0,Low,,,2026-09-17 07:13:11.327262 UTC
TXN003971,CUST0107,123.52,0,Low,,,2026-09-17 07:13:11.327262 UTC
TXN000605,CUST0107,26.93,0,Low,,,2026-09-17 07:13:11.327262 UTC
TXN003313,CUST0107,196.5,0,Low,,,2026-09-17 07:13:11.327262 UTC
TXN000962,CUST0107,143.5,0,Low,,,2026-09-17 07:13:11.327262 UTC
TXN004524,CUST0107,322.66,0,Low,,,2026-09-17 07:13:11.327262 UTC
TXN003027,CUST0072,22.57,0,Low,,,2026-09-17 07:13:11.327262 UTC
TXN000520,CUST0072,21.3,0,Low,,,2026-09-17 07:13:11.327262 UTC
TXN002507,CUST0108,10.16,0,Low,,,2026-09-17 07:13:11.327262 UTC
TXN002190,CUST0108,18.63,0,Low,,,2026-09-17 07:13:11.327262 UTC
TXN004040,CUST0108,175.22,0,Low,,,2026-09-17 07:13:11.327262 UTC
TXN001638,CUST0108,44.61,0,Low,,,2026-09-17 07:13:11.327262 UTC
TXN001474,CUST0108,152.59,0,Low,,,2026-09-17 07:13:11.327262 UTC
TXN003602,CUST0108,328.23,0,Low,,,2026-09-17 07:13:11.327262 UTC
TXN000173,CUST0108,224.76,0,Low,,,2026-09-17 07:13:11.327262 UTC
TXN001996,CUST0108,156.35,0,Low,,,2026-09-17 07:13:11.327262 UTC
TXN002494,CUST0108,125.78,0,Low,,,2026-09-17 07:13:11.327262 UTC
TXN004972,CUST0108,135.59,0,Low,,,2026-09-17 07:13:11.327262 UTC
TXN000146,CUST0108,22.13,0,Low,,,2026-09-17 07:13:11.327262 UTC
TXN003601,CUST0072,76.97,0,Low,,,2026-09-17 07:13:11.327262 UTC
TXN000103,CUST0109,24.88,0,Low,,,2026-09-17 07:13:11.327262 UTC
TXN003506,CUST0109,84.02,0,Low,,,2026-09-17 07:13:11.327262 UTC
TXN003864,CUST0109,7.93,0,Low,,,2026-09-17 07:13:11.327262 UTC
TXN003835,CUST0109,28.44,0,Low,,,2026-09-17 07:13:11.327262 UTC
TXN001668,CUST0109,86.55,0,Low,,,2026-09-17 07:13:11.327262 UTC
TXN000188,CUST0109,178.83,0,Low,,,2026-09-17 07:13:11.327262 UTC
TXN000050,CUST0109,9.96,0,Low,,,2026-09-17 07:13:11.327262 UTC
TXN001179,CUST0109,33.75,0,Low,,,2026-09-17 07:13:11.327262 UTC
TXN004622,CUST0109,13.92,0,Low,,,2026-09-17 07:13:11.327262 UTC
TXN004667,CUST0109,8.11,0,Low,,,2026-09-17 07:13:11.327262 UTC
TXN002427,CUST0109,7.93,0,Low,,,2026-09-17 07:13:11.327262 UTC
TXN002850,CUST0109,129.18,0,Low,,,2026-09-17 07:13:11.327262 UTC
TXN002126,CUST0109,40.57,0,Low,,,2026-09-17 07:13:11.327262 UTC
TXN000046,CUST0109,12.51,0,Low,,,2026-09-17 07:13:11.327262 UTC
TXN001855,CUST0109,25.7,0,Low,,,2026-09-17 07:13:11.327262 UTC
TXN002564,CUST0109,14.32,0,Low,,,2026-09-17 07:13:11.327262 UTC
TXN001334,CUST0109,198.37,0,Low,,,2026-09-17 07:13:11.327262 UTC
TXN001193,CUST0072,67.78,0,Low,,,2026-09-17 07:13:11.327262 UTC
TXN002404,CUST0072,12.47,0,Low,,,2026-09-17 07:13:11.327262 UTC
TXN003609,CUST0110,17.48,0,Low,,,2026-09-17 07:13:11.327262 UTC
TXN001597,CUST0110,11.54,0,Low,,,2026-09-17 07:13:11.327262 UTC
TXN004740,CUST0110,26.25,0,Low,,,2026-09-17 07:13:11.327262 UTC
TXN003536,CUST0110,38.17,0,Low,,,2026-09-17 07:13:11.327262 UTC
TXN003261,CUST0110,18.23,0,Low,,,2026-09-17 07:13:11.327262 UTC
TXN003755,CUST0110,10.6,0,Low,,,2026-09-17 07:13:11.327262 UTC
TXN000660,CUST0110,72.71,0,Low,,,2026-09-17 07:13:11.327262 UTC
TXN004591,CUST0110,11.69,0,Low,,,2026-09-17 07:13:11.327262 UTC
TXN002372,CUST0072,162.88,0,Low,,,2026-09-17 07:13:11.327262 UTC
TXN003789,CUST0072,14.77,0,Low,,,2026-09-17 07:13:11.327262 UTC
TXN004291,CUST0072,114.99,0,Low,,,2026-09-17 07:13:11.327262 UTC
TXN003511,CUST0072,144.98,0,Low,,,2026-09-17 07:13:11.327262 UTC
TXN001336,CUST0111,21.78,0,Low,,,2026-09-17 07:13:11.327262 UTC
TXN002010,CUST0111,318.22,0,Low,,,2026-09-17 07:13:11.327262 UTC
TXN003731,CUST0111,35.69,0,Low,,,2026-09-17 07:13:11.327262 UTC
TXN001373,CUST0111,12.92,0,Low,,,2026-09-17 07:13:11.327262 UTC
TXN001000,CUST0111,119.09,0,Low,,,2026-09-17 07:13:11.327262 UTC
TXN003714,CUST0111,85.63,0,Low,,,2026-09-17 07:13:11.327262 UTC
TXN002948,CUST0111,135.16,0,Low,,,2026-09-17 07:13:11.327262 UTC
TXN001713,CUST0111,49.58,0,Low,,,2026-09-17 07:13:11.327262 UTC
TXN000573,CUST0072,151.01,0,Low,,,2026-09-17 07:13:11.327262 UTC
TXN002621,CUST0072,27.07,0,Low,,,2026-09-17 07:13:11.327262 UTC
TXN002826,CUST0072,90.81,0,Low,,,2026-09-17 07:13:11.327262 UTC
TXN003515,CUST0071,92.21,0,Low,,,2026-09-17 07:13:11.327262 UTC
TXN003779,CUST0112,26.29,0,Low,,,2026-09-17 07:13:11.327262 UTC
TXN002605,CUST0112,30.19,0,Low,,,2026-09-17 07:13:11.327262 UTC
TXN003827,CUST0112,8.88,0,Low,,,2026-09-17 07:13:11.327262 UTC
TXN001040,CUST0112,164.48,0,Low,,,2026-09-17 07:13:11.327262 UTC
TXN001684,CUST0112,95.22,0,Low,,,2026-09-17 07:13:11.327262 UTC
TXN002770,CUST0112,148.61,0,Low,,,2026-09-17 07:13:11.327262 UTC
TXN002773,CUST0112,396.99,0,Low,,,2026-09-17 07:13:11.327262 UTC
TXN004790,CUST0112,126.21,0,Low,,,2026-09-17 07:13:11.327262 UTC
TXN000717,CUST0112,81.97,0,Low,,,2026-09-17 07:13:11.327262 UTC
TXN002034,CUST0112,28.34,0,Low,,,2026-09-17 07:13:11.327262 UTC
TXN000864,CUST0112,124.54,0,Low,,,2026-09-17 07:13:11.327262 UTC
TXN004297,CUST0112,319.51,0,Low,,,2026-09-17 07:13:11.327262 UTC
TXN004413,CUST0071,114.23,0,Low,,,2026-09-17 07:13:11.327262 UTC
TXN001964,CUST0071,143.52,0,Low,,,2026-09-17 07:13:11.327262 UTC
TXN004926,CUST0071,73.42,0,Low,,,2026-09-17 07:13:11.327262 UTC
TXN001956,CUST0113,232.52,0,Low,,,2026-09-17 07:13:11.327262 UTC
TXN003352,CUST0113,261.33,0,Low,,,2026-09-17 07:13:11.327262 UTC
TXN004679,CUST0113,11.79,0,Low,,,2026-09-17 07:13:11.327262 UTC
TXN002036,CUST0113,317.9,0,Low,,,2026-09-17 07:13:11.327262 UTC
TXN003257,CUST0113,13.95,0,Low,,,2026-09-17 07:13:11.327262 UTC
TXN000808,CUST0113,109.94,0,Low,,,2026-09-17 07:13:11.327262 UTC
TXN000417,CUST0113,11.9,0,Low,,,2026-09-17 07:13:11.327262 UTC
TXN003439,CUST0113,18.7,0,Low,,,2026-09-17 07:13:11.327262 UTC
TXN000485,CUST0113,213.01,0,Low,,,2026-09-17 07:13:11.327262 UTC
TXN002118,CUST0113,34.45,0,Low,,,2026-09-17 07:13:11.327262 UTC
TXN004869,CUST0113,294.71,0,Low,,,2026-09-17 07:13:11.327262 UTC
TXN004488,CUST0113,50.33,0,Low,,,2026-09-17 07:13:11.327262 UTC
TXN001037,CUST0071,33.2,0,Low,,,2026-09-17 07:13:11.327262 UTC
TXN003185,CUST0071,53.21,0,Low,,,2026-09-17 07:13:11.327262 UTC
TXN003039,CUST0071,35.71,0,Low,,,2026-09-17 07:13:11.327262 UTC
TXN002138,CUST0114,30.1,0,Low,,,2026-09-17 07:13:11.327262 UTC
TXN002513,CUST0114,111.71,0,Low,,,2026-09-17 07:13:11.327262 UTC
TXN004494,CUST0114,13.57,0,Low,,,2026-09-17 07:13:11.327262 UTC
TXN002712,CUST0114,209.6,0,Low,,,2026-09-17 07:13:11.327262 UTC
TXN004786,CUST0114,21.81,0,Low,,,2026-09-17 07:13:11.327262 UTC
TXN001046,CUST0114,7.66,0,Low,,,2026-09-17 07:13:11.327262 UTC
TXN000286,CUST0114,7.8,0,Low,,,2026-09-17 07:13:11.327262 UTC
TXN004379,CUST0114,19.34,0,Low,,,2026-09-17 07:13:11.327262 UTC
TXN001365,CUST0114,10.73,0,Low,,,2026-09-17 07:13:11.327262 UTC
TXN001428,CUST0114,40.05,0,Low,,,2026-09-17 07:13:11.327262 UTC
TXN002085,CUST0114,24.69,0,Low,,,2026-09-17 07:13:11.327262 UTC
TXN002654,CUST0114,12.26,0,Low,,,2026-09-17 07:13:11.327262 UTC
TXN002893,CUST0071,127.94,0,Low,,,2026-09-17 07:13:11.327262 UTC
TXN000020,CUST0071,19.95,0,Low,,,2026-09-17 07:13:11.327262 UTC
TXN000825,CUST0071,50.98,0,Low,,,2026-09-17 07:13:11.327262 UTC
TXN004888,CUST0071,64.54,0,Low,,,2026-09-17 07:13:11.327262 UTC
TXN004933,CUST0115,162.17,0,Low,,,2026-09-17 07:13:11.327262 UTC
TXN003349,CUST0115,116.96,0,Low,,,2026-09-17 07:13:11.327262 UTC
TXN004943,CUST0115,14.39,0,Low,,,2026-09-17 07:13:11.327262 UTC
TXN002576,CUST0115,15.17,0,Low,,,2026-09-17 07:13:11.327262 UTC
TXN000785,CUST0115,10.41,0,Low,,,2026-09-17 07:13:11.327262 UTC
TXN003712,CUST0115,27.33,0,Low,,,2026-09-17 07:13:11.327262 UTC
TXN002312,CUST0115,18.51,0,Low,,,2026-09-17 07:13:11.327262 UTC
TXN004876,CUST0115,9.3,0,Low,,,2026-09-17 07:13:11.327262 UTC
TXN003129,CUST0115,64.83,0,Low,,,2026-09-17 07:13:11.327262 UTC
TXN004401,CUST0115,51.58,0,Low,,,2026-09-17 07:13:11.327262 UTC
TXN001541,CUST0070,115.59,0,Low,,,2026-09-17 07:13:11.327262 UTC
TXN000863,CUST0070,69.53,0,Low,,,2026-09-17 07:13:11.327262 UTC
TXN000024,CUST0070,24.04,0,Low,,,2026-09-17 07:13:11.327262 UTC
TXN004215,CUST0070,395.2,0,Low,,,2026-09-17 07:13:11.327262 UTC
TXN002988,CUST0070,114.13,0,Low,,,2026-09-17 07:13:11.327262 UTC
TXN001987,CUST0070,42.09,0,Low,,,2026-09-17 07:13:11.327262 UTC
TXN001338,CUST0070,24.1,0,Low,,,2026-09-17 07:13:11.327262 UTC
TXN004323,CUST0116,55.15,0,Low,,,2026-09-17 07:13:11.327262 UTC
TXN004187,CUST0116,243.18,0,Low,,,2026-09-17 07:13:11.327262 UTC
TXN000421,CUST0116,115.61,0,Low,,,2026-09-17 07:13:11.327262 UTC
TXN000181,CUST0116,15.36,0,Low,,,2026-09-17 07:13:11.327262 UTC
TXN003935,CUST0070,90.2,0,Low,,,2026-09-17 07:13:11.327262 UTC
TXN001948,CUST0070,18.73,0,Low,,,2026-09-17 07:13:11.327262 UTC
TXN003255,CUST0070,62.39,0,Low,,,2026-09-17 07:13:11.327262 UTC
TXN004870,CUST0070,156.24,0,Low,,,2026-09-17 07:13:11.327262 UTC
TXN001384,CUST0069,94.81,0,Low,,,2026-09-17 07:13:11.327262 UTC
TXN002577,CUST0117,11.39,0,Low,,,2026-09-17 07:13:11.327262 UTC
TXN002162,CUST0117,18.57,0,Low,,,2026-09-17 07:13:11.327262 UTC
TXN002862,CUST0117,32.26,0,Low,,,2026-09-17 07:13:11.327262 UTC
TXN001239,CUST0117,368.68,0,Low,,,2026-09-17 07:13:11.327262 UTC
TXN002916,CUST0117,263.83,0,Low,,,2026-09-17 07:13:11.327262 UTC
TXN000132,CUST0117,69.41,0,Low,,,2026-09-17 07:13:11.327262 UTC
TXN003104,CUST0117,210.03,0,Low,,,2026-09-17 07:13:11.327262 UTC
TXN004351,CUST0117,10.15,0,Low,,,2026-09-17 07:13:11.327262 UTC
TXN001350,CUST0118,30.61,0,Low,,,2026-09-17 07:13:11.327262 UTC
TXN000910,CUST0118,108.5,0,Low,,,2026-09-17 07:13:11.327262 UTC
TXN002504,CUST0118,321.87,0,Low,,,2026-09-17 07:13:11.327262 UTC
TXN003556,CUST0118,45.17,0,Low,,,2026-09-17 07:13:11.327262 UTC
TXN004445,CUST0118,59.95,0,Low,,,2026-09-17 07:13:11.327262 UTC
TXN003090,CUST0118,349.4,0,Low,,,2026-09-17 07:13:11.327262 UTC
TXN002374,CUST0118,57.44,0,Low,,,2026-09-17 07:13:11.327262 UTC
TXN003892,CUST0118,242.87,0,Low,,,2026-09-17 07:13:11.327262 UTC
TXN003290,CUST0069,9.38,0,Low,,,2026-09-17 07:13:11.327262 UTC
TXN004471,CUST0069,67.41,0,Low,,,2026-09-17 07:13:11.327262 UTC
TXN004037,CUST0069,14.97,0,Low,,,2026-09-17 07:13:11.327262 UTC
TXN004048,CUST0069,49.72,0,Low,,,2026-09-17 07:13:11.327262 UTC
TXN003198,CUST0069,33.69,0,Low,,,2026-09-17 07:13:11.327262 UTC
TXN000260,CUST0119,76.99,0,Low,,,2026-09-17 07:13:11.327262 UTC
TXN001931,CUST0119,77.23,0,Low,,,2026-09-17 07:13:11.327262 UTC
TXN003004,CUST0119,8.04,0,Low,,,2026-09-17 07:13:11.327262 UTC
TXN002446,CUST0119,24.92,0,Low,,,2026-09-17 07:13:11.327262 UTC
TXN001663,CUST0119,74.16,0,Low,,,2026-09-17 07:13:11.327262 UTC
TXN004928,CUST0119,23.54,0,Low,,,2026-09-17 07:13:11.327262 UTC
TXN004243,CUST0119,135.81,0,Low,,,2026-09-17 07:13:11.327262 UTC
TXN001254,CUST0119,154.07,0,Low,,,2026-09-17 07:13:11.327262 UTC
TXN001908,CUST0119,107.82,0,Low,,,2026-09-17 07:13:11.327262 UTC
TXN003240,CUST0069,59.33,0,Low,,,2026-09-17 07:13:11.327262 UTC
TXN003399,CUST0069,16.8,0,Low,,,2026-09-17 07:13:11.327262 UTC
TXN003617,CUST0120,37.01,0,Low,,,2026-09-17 07:13:11.327262 UTC
TXN001181,CUST0120,30.77,0,Low,,,2026-09-17 07:13:11.327262 UTC
TXN001441,CUST0120,146.08,0,Low,,,2026-09-17 07:13:11.327262 UTC
TXN002024,CUST0120,249.38,0,Low,,,2026-09-17 07:13:11.327262 UTC
TXN001460,CUST0120,83.9,0,Low,,,2026-09-17 07:13:11.327262 UTC
TXN003076,CUST0120,26.43,0,Low,,,2026-09-17 07:13:11.327262 UTC
TXN000896,CUST0120,135.15,0,Low,,,2026-09-17 07:13:11.327262 UTC
TXN002584,CUST0120,62.08,0,Low,,,2026-09-17 07:13:11.327262 UTC
TXN002469,CUST0120,10.3,0,Low,,,2026-09-17 07:13:11.327262 UTC
TXN001889,CUST0069,44.88,0,Low,,,2026-09-17 07:13:11.327262 UTC
TXN002303,CUST0121,236.92,0,Low,,,2026-09-17 07:13:11.327262 UTC
TXN004569,CUST0121,200.07,0,Low,,,2026-09-17 07:13:11.327262 UTC
TXN003373,CUST0121,65.76,0,Low,,,2026-09-17 07:13:11.327262 UTC
TXN003163,CUST0121,58.68,0,Low,,,2026-09-17 07:13:11.327262 UTC
TXN002063,CUST0121,49.18,0,Low,,,2026-09-17 07:13:11.327262 UTC
TXN001471,CUST0121,25.83,0,Low,,,2026-09-17 07:13:11.327262 UTC
TXN000296,CUST0121,304.62,0,Low,,,2026-09-17 07:13:11.327262 UTC
TXN004061,CUST0121,28.85,0,Low,,,2026-09-17 07:13:11.327262 UTC
TXN003560,CUST0121,15.7,0,Low,,,2026-09-17 07:13:11.327262 UTC
TXN001212,CUST0121,20.81,0,Low,,,2026-09-17 07:13:11.327262 UTC
TXN003406,CUST0121,160.59,0,Low,,,2026-09-17 07:13:11.327262 UTC
TXN004111,CUST0121,17.97,0,Low,,,2026-09-17 07:13:11.327262 UTC
TXN000329,CUST0069,46.04,0,Low,,,2026-09-17 07:13:11.327262 UTC
TXN000941,CUST0069,43.85,0,Low,,,2026-09-17 07:13:11.327262 UTC
TXN001253,CUST0069,30.72,0,Low,,,2026-09-17 07:13:11.327262 UTC
TXN004079,CUST0122,27.77,0,Low,,,2026-09-17 07:13:11.327262 UTC
TXN001105,CUST0122,93.99,0,Low,,,2026-09-17 07:13:11.327262 UTC
TXN000231,CUST0122,29.39,0,Low,,,2026-09-17 07:13:11.327262 UTC
TXN001425,CUST0122,65.33,0,Low,,,2026-09-17 07:13:11.327262 UTC
TXN004960,CUST0122,23.59,0,Low,,,2026-09-17 07:13:11.327262 UTC
TXN003169,CUST0122,100.32,0,Low,,,2026-09-17 07:13:11.327262 UTC
TXN002181,CUST0122,59.06,0,Low,,,2026-09-17 07:13:11.327262 UTC
TXN001687,CUST0122,9.75,0,Low,,,2026-09-17 07:13:11.327262 UTC
TXN000841,CUST0122,96.68,0,Low,,,2026-09-17 07:13:11.327262 UTC
TXN003369,CUST0122,12.63,0,Low,,,2026-09-17 07:13:11.327262 UTC
TXN001270,CUST0069,42.67,0,Low,,,2026-09-17 07:13:11.327262 UTC
TXN002623,CUST0069,46.43,0,Low,,,2026-09-17 07:13:11.327262 UTC
TXN002981,CUST0123,33.44,0,Low,,,2026-09-17 07:13:11.327262 UTC
TXN003396,CUST0123,75.36,0,Low,,,2026-09-17 07:13:11.327262 UTC
TXN001240,CUST0123,86.46,0,Low,,,2026-09-17 07:13:11.327262 UTC
TXN002516,CUST0123,44.14,0,Low,,,2026-09-17 07:13:11.327262 UTC
TXN004364,CUST0123,23.33,0,Low,,,2026-09-17 07:13:11.327262 UTC
TXN002464,CUST0123,152.34,0,Low,,,2026-09-17 07:13:11.327262 UTC
TXN003364,CUST0123,51.32,0,Low,,,2026-09-17 07:13:11.327262 UTC
TXN003990,CUST0123,68.15,0,Low,,,2026-09-17 07:13:11.327262 UTC
TXN003326,CUST0069,9.72,0,Low,,,2026-09-17 07:13:11.327262 UTC
TXN002337,CUST0068,167.56,0,Low,,,2026-09-17 07:13:11.327262 UTC
TXN000686,CUST0124,8.2,0,Low,,,2026-09-17 07:13:11.327262 UTC
TXN002614,CUST0124,26.24,0,Low,,,2026-09-17 07:13:11.327262 UTC
TXN004665,CUST0124,29.19,0,Low,,,2026-09-17 07:13:11.327262 UTC
TXN000316,CUST0124,16.17,0,Low,,,2026-09-17 07:13:11.327262 UTC
TXN004598,CUST0124,11.54,0,Low,,,2026-09-17 07:13:11.327262 UTC
TXN003177,CUST0124,62.55,0,Low,,,2026-09-17 07:13:11.327262 UTC
TXN004416,CUST0124,12.43,0,Low,,,2026-09-17 07:13:11.327262 UTC
TXN000160,CUST0124,289.3,0,Low,,,2026-09-17 07:13:11.327262 UTC
TXN002135,CUST0124,100.0,0,Low,,,2026-09-17 07:13:11.327262 UTC
TXN001049,CUST0124,21.48,0,Low,,,2026-09-17 07:13:11.327262 UTC
TXN002261,CUST0068,340.78,0,Low,,,2026-09-17 07:13:11.327262 UTC
TXN000856,CUST0068,58.35,0,Low,,,2026-09-17 07:13:11.327262 UTC
TXN002219,CUST0068,56.86,0,Low,,,2026-09-17 07:13:11.327262 UTC
TXN004368,CUST0125,20.22,0,Low,,,2026-09-17 07:13:11.327262 UTC
TXN003954,CUST0125,17.6,0,Low,,,2026-09-17 07:13:11.327262 UTC
TXN003053,CUST0125,90.94,0,Low,,,2026-09-17 07:13:11.327262 UTC
TXN002376,CUST0125,9.49,0,Low,,,2026-09-17 07:13:11.327262 UTC
TXN002619,CUST0125,13.23,0,Low,,,2026-09-17 07:13:11.327262 UTC
TXN003037,CUST0125,71.55,0,Low,,,2026-09-17 07:13:11.327262 UTC
TXN004412,CUST0125,30.15,0,Low,,,2026-09-17 07:13:11.327262 UTC
TXN001235,CUST0125,18.77,0,Low,,,2026-09-17 07:13:11.327262 UTC
TXN004795,CUST0125,140.79,0,Low,,,2026-09-17 07:13:11.327262 UTC
TXN001805,CUST0125,12.22,0,Low,,,2026-09-17 07:13:11.327262 UTC
TXN000775,CUST0125,373.01,0,Low,,,2026-09-17 07:13:11.327262 UTC
TXN002444,CUST0125,147.99,0,Low,,,2026-09-17 07:13:11.327262 UTC
TXN001186,CUST0125,47.36,0,Low,,,2026-09-17 07:13:11.327262 UTC
TXN000748,CUST0125,88.79,0,Low,,,2026-09-17 07:13:11.327262 UTC
TXN003008,CUST0068,261.48,0,Low,,,2026-09-17 07:13:11.327262 UTC
TXN004236,CUST0067,94.34,0,Low,,,2026-09-17 07:13:11.327262 UTC
TXN002114,CUST0067,15.26,0,Low,,,2026-09-17 07:13:11.327262 UTC
TXN004539,CUST0067,377.4,0,Low,,,2026-09-17 07:13:11.327262 UTC
TXN003457,CUST0126,63.57,0,Low,,,2026-09-17 07:13:11.327262 UTC
TXN004744,CUST0126,402.79,0,Low,,,2026-09-17 07:13:11.327262 UTC
TXN002097,CUST0067,47.48,0,Low,,,2026-09-17 07:13:11.327262 UTC
TXN004230,CUST0127,7.87,0,Low,,,2026-09-17 07:13:11.327262 UTC
TXN004119,CUST0127,307.79,0,Low,,,2026-09-17 07:13:11.327262 UTC
TXN002624,CUST0127,54.84,0,Low,,,2026-09-17 07:13:11.327262 UTC
TXN002958,CUST0127,36.54,0,Low,,,2026-09-17 07:13:11.327262 UTC
TXN001660,CUST0067,377.33,0,Low,,,2026-09-17 07:13:11.327262 UTC
TXN000968,CUST0067,51.24,0,Low,,,2026-09-17 07:13:11.327262 UTC
TXN002799,CUST0067,35.1,0,Low,,,2026-09-17 07:13:11.327262 UTC
TXN000795,CUST0067,43.45,0,Low,,,2026-09-17 07:13:11.327262 UTC
TXN002368,CUST0128,19.56,0,Low,,,2026-09-17 07:13:11.327262 UTC
TXN002555,CUST0128,53.41,0,Low,,,2026-09-17 07:13:11.327262 UTC
TXN003802,CUST0128,34.11,0,Low,,,2026-09-17 07:13:11.327262 UTC
TXN003219,CUST0128,23.54,0,Low,,,2026-09-17 07:13:11.327262 UTC
TXN002932,CUST0128,369.66,0,Low,,,2026-09-17 07:13:11.327262 UTC
TXN001718,CUST0128,335.92,0,Low,,,2026-09-17 07:13:11.327262 UTC
TXN003726,CUST0128,261.23,0,Low,,,2026-09-17 07:13:11.327262 UTC
TXN003191,CUST0128,43.31,0,Low,,,2026-09-17 07:13:11.327262 UTC
TXN002872,CUST0067,92.0,0,Low,,,2026-09-17 07:13:11.327262 UTC
TXN000663,CUST0067,94.38,0,Low,,,2026-09-17 07:13:11.327262 UTC
TXN000667,CUST0067,73.64,0,Low,,,2026-09-17 07:13:11.327262 UTC
TXN003471,CUST0067,12.41,0,Low,,,2026-09-17 07:13:11.327262 UTC
TXN003006,CUST0129,7.68,0,Low,,,2026-09-17 07:13:11.327262 UTC
TXN004278,CUST0129,13.99,0,Low,,,2026-09-17 07:13:11.327262 UTC
TXN000300,CUST0129,15.68,0,Low,,,2026-09-17 07:13:11.327262 UTC
TXN004863,CUST0129,25.44,0,Low,,,2026-09-17 07:13:11.327262 UTC
TXN001494,CUST0129,45.37,0,Low,,,2026-09-17 07:13:11.327262 UTC
TXN004064,CUST0129,29.58,0,Low,,,2026-09-17 07:13:11.327262 UTC
TXN000504,CUST0129,51.44,0,Low,,,2026-09-17 07:13:11.327262 UTC
TXN000769,CUST0129,177.89,0,Low,,,2026-09-17 07:13:11.327262 UTC
TXN002169,CUST0067,104.09,0,Low,,,2026-09-17 07:13:11.327262 UTC
TXN004580,CUST0067,14.54,0,Low,,,2026-09-17 07:13:11.327262 UTC
TXN004878,CUST0067,116.78,0,Low,,,2026-09-17 07:13:11.327262 UTC
TXN002227,CUST0130,272.12,0,Low,,,2026-09-17 07:13:11.327262 UTC
TXN003499,CUST0130,174.82,0,Low,,,2026-09-17 07:13:11.327262 UTC
TXN004183,CUST0130,8.96,0,Low,,,2026-09-17 07:13:11.327262 UTC
TXN001852,CUST0130,300.34,0,Low,,,2026-09-17 07:13:11.327262 UTC
TXN002690,CUST0130,8.04,0,Low,,,2026-09-17 07:13:11.327262 UTC
TXN000345,CUST0130,240.14,0,Low,,,2026-09-17 07:13:11.327262 UTC
TXN003496,CUST0130,98.45,0,Low,,,2026-09-17 07:13:11.327262 UTC
TXN003508,CUST0130,308.76,0,Low,,,2026-09-17 07:13:11.327262 UTC
TXN002797,CUST0130,44.21,0,Low,,,2026-09-17 07:13:11.327262 UTC
TXN003735,CUST0130,242.7,0,Low,,,2026-09-17 07:13:11.327262 UTC
TXN002650,CUST0130,62.96,0,Low,,,2026-09-17 07:13:11.327262 UTC
TXN001083,CUST0067,28.72,0,Low,,,2026-09-17 07:13:11.327262 UTC
TXN003777,CUST0066,65.47,0,Low,,,2026-09-17 07:13:11.327262 UTC
TXN004283,CUST0066,183.86,0,Low,,,2026-09-17 07:13:11.327262 UTC
TXN003769,CUST0066,9.26,0,Low,,,2026-09-17 07:13:11.327262 UTC
TXN002866,CUST0066,27.54,0,Low,,,2026-09-17 07:13:11.327262 UTC
TXN004130,CUST0131,96.42,0,Low,,,2026-09-17 07:13:11.327262 UTC
TXN002653,CUST0131,197.95,0,Low,,,2026-09-17 07:13:11.327262 UTC
TXN004372,CUST0131,96.6,0,Low,,,2026-09-17 07:13:11.327262 UTC
TXN000797,CUST0131,305.44,0,Low,,,2026-09-17 07:13:11.327262 UTC
TXN002915,CUST0131,46.81,0,Low,,,2026-09-17 07:13:11.327262 UTC
TXN000689,CUST0131,186.75,0,Low,,,2026-09-17 07:13:11.327262 UTC
TXN002232,CUST0131,161.58,0,Low,,,2026-09-17 07:13:11.327262 UTC
TXN000239,CUST0131,14.85,0,Low,,,2026-09-17 07:13:11.327262 UTC
TXN000045,CUST0131,24.57,0,Low,,,2026-09-17 07:13:11.327262 UTC
TXN000510,CUST0131,19.76,0,Low,,,2026-09-17 07:13:11.327262 UTC
TXN000154,CUST0131,215.9,0,Low,,,2026-09-17 07:13:11.327262 UTC
TXN004819,CUST0131,108.09,0,Low,,,2026-09-17 07:13:11.327262 UTC
TXN004592,CUST0066,73.49,0,Low,,,2026-09-17 07:13:11.327262 UTC
TXN003371,CUST0132,179.39,0,Low,,,2026-09-17 07:13:11.327262 UTC
TXN001464,CUST0132,37.62,0,Low,,,2026-09-17 07:13:11.327262 UTC
TXN004678,CUST0132,12.54,0,Low,,,2026-09-17 07:13:11.327262 UTC
TXN002579,CUST0132,236.67,0,Low,,,2026-09-17 07:13:11.327262 UTC
TXN002551,CUST0132,13.96,0,Low,,,2026-09-17 07:13:11.327262 UTC
TXN001989,CUST0132,14.76,0,Low,,,2026-09-17 07:13:11.327262 UTC
TXN004839,CUST0132,18.05,0,Low,,,2026-09-17 07:13:11.327262 UTC
TXN000370,CUST0132,18.97,0,Low,,,2026-09-17 07:13:11.327262 UTC
TXN004307,CUST0066,13.46,0,Low,,,2026-09-17 07:13:11.327262 UTC
TXN003474,CUST0066,75.99,0,Low,,,2026-09-17 07:13:11.327262 UTC
TXN003358,CUST0133,8.52,0,Low,,,2026-09-17 07:13:11.327262 UTC
TXN004277,CUST0133,10.34,0,Low,,,2026-09-17 07:13:11.327262 UTC
TXN001542,CUST0133,17.03,0,Low,,,2026-09-17 07:13:11.327262 UTC
TXN001035,CUST0133,70.76,0,Low,,,2026-09-17 07:13:11.327262 UTC
TXN001400,CUST0133,367.61,0,Low,,,2026-09-17 07:13:11.327262 UTC
TXN000618,CUST0133,12.94,0,Low,,,2026-09-17 07:13:11.327262 UTC
TXN000685,CUST0133,11.5,0,Low,,,2026-09-17 07:13:11.327262 UTC
TXN002319,CUST0133,273.47,0,Low,,,2026-09-17 07:13:11.327262 UTC
TXN004905,CUST0133,376.02,0,Low,,,2026-09-17 07:13:11.327262 UTC
TXN001574,CUST0133,9.89,0,Low,,,2026-09-17 07:13:11.327262 UTC
TXN000175,CUST0066,61.08,0,Low,,,2026-09-17 07:13:11.327262 UTC
TXN002004,CUST0134,34.94,0,Low,,,2026-09-17 07:13:11.327262 UTC
TXN002408,CUST0134,18.72,0,Low,,,2026-09-17 07:13:11.327262 UTC
TXN000109,CUST0134,17.71,0,Low,,,2026-09-17 07:13:11.327262 UTC
TXN000318,CUST0134,72.7,0,Low,,,2026-09-17 07:13:11.327262 UTC
TXN002484,CUST0134,27.57,0,Low,,,2026-09-17 07:13:11.327262 UTC
TXN004441,CUST0134,11.44,0,Low,,,2026-09-17 07:13:11.327262 UTC
TXN002286,CUST0134,91.79,0,Low,,,2026-09-17 07:13:11.327262 UTC
TXN004800,CUST0134,11.11,0,Low,,,2026-09-17 07:13:11.327262 UTC
TXN003058,CUST0134,55.59,0,Low,,,2026-09-17 07:13:11.327262 UTC
TXN003544,CUST0134,39.01,0,Low,,,2026-09-17 07:13:11.327262 UTC
TXN000422,CUST0066,8.22,0,Low,,,2026-09-17 07:13:11.327262 UTC
TXN000596,CUST0066,31.23,0,Low,,,2026-09-17 07:13:11.327262 UTC
TXN002603,CUST0066,13.02,0,Low,,,2026-09-17 07:13:11.327262 UTC
TXN000935,CUST0066,20.09,0,Low,,,2026-09-17 07:13:11.327262 UTC
TXN000972,CUST0135,80.14,0,Low,,,2026-09-17 07:13:11.327262 UTC
TXN000096,CUST0135,84.97,0,Low,,,2026-09-17 07:13:11.327262 UTC
TXN001279,CUST0135,120.42,0,Low,,,2026-09-17 07:13:11.327262 UTC
TXN000043,CUST0135,67.04,0,Low,,,2026-09-17 07:13:11.327262 UTC
TXN004780,CUST0135,312.94,0,Low,,,2026-09-17 07:13:11.327262 UTC
TXN003689,CUST0135,7.47,0,Low,,,2026-09-17 07:13:11.327262 UTC
TXN003909,CUST0135,201.09,0,Low,,,2026-09-17 07:13:11.327262 UTC
TXN003126,CUST0135,55.18,0,Low,,,2026-09-17 07:13:11.327262 UTC
TXN000664,CUST0135,40.83,0,Low,,,2026-09-17 07:13:11.327262 UTC
TXN000027,CUST0135,289.67,0,Low,,,2026-09-17 07:13:11.327262 UTC
TXN000201,CUST0136,80.75,0,Low,,,2026-09-17 07:13:11.327262 UTC
TXN001658,CUST0136,68.98,0,Low,,,2026-09-17 07:13:11.327262 UTC
TXN003675,CUST0136,85.0,0,Low,,,2026-09-17 07:13:11.327262 UTC
TXN003651,CUST0136,34.81,0,Low,,,2026-09-17 07:13:11.327262 UTC
TXN003082,CUST0136,228.68,0,Low,,,2026-09-17 07:13:11.327262 UTC
TXN001457,CUST0136,116.65,0,Low,,,2026-09-17 07:13:11.327262 UTC
TXN004777,CUST0136,17.14,0,Low,,,2026-09-17 07:13:11.327262 UTC
TXN003989,CUST0066,65.02,0,Low,,,2026-09-17 07:13:11.327262 UTC
TXN003210,CUST0065,235.53,0,Low,,,2026-09-17 07:13:11.327262 UTC
TXN000879,CUST0065,78.12,0,Low,,,2026-09-17 07:13:11.327262 UTC
TXN003605,CUST0065,209.48,0,Low,,,2026-09-17 07:13:11.327262 UTC
TXN003709,CUST0137,207.16,0,Low,,,2026-09-17 07:13:11.327262 UTC
TXN002454,CUST0137,194.87,0,Low,,,2026-09-17 07:13:11.327262 UTC
TXN003314,CUST0137,32.27,0,Low,,,2026-09-17 07:13:11.327262 UTC
TXN004068,CUST0137,290.67,0,Low,,,2026-09-17 07:13:11.327262 UTC
TXN001337,CUST0137,22.09,0,Low,,,2026-09-17 07:13:11.327262 UTC
TXN003115,CUST0137,100.23,0,Low,,,2026-09-17 07:13:11.327262 UTC
TXN001478,CUST0065,140.05,0,Low,,,2026-09-17 07:13:11.327262 UTC
TXN000255,CUST0065,240.25,0,Low,,,2026-09-17 07:13:11.327262 UTC
TXN003513,CUST0065,360.4,0,Low,,,2026-09-17 07:13:11.327262 UTC
TXN001895,CUST0065,342.88,0,Low,,,2026-09-17 07:13:11.327262 UTC
TXN002805,CUST0138,12.65,0,Low,,,2026-09-17 07:13:11.327262 UTC
TXN001189,CUST0138,22.04,0,Low,,,2026-09-17 07:13:11.327262 UTC
TXN000924,CUST0138,29.09,0,Low,,,2026-09-17 07:13:11.327262 UTC
TXN004211,CUST0138,93.14,0,Low,,,2026-09-17 07:13:11.327262 UTC
TXN000238,CUST0138,126.04,0,Low,,,2026-09-17 07:13:11.327262 UTC
TXN000248,CUST0138,7.71,0,Low,,,2026-09-17 07:13:11.327262 UTC
TXN001922,CUST0138,140.13,0,Low,,,2026-09-17 07:13:11.327262 UTC
TXN001990,CUST0138,123.0,0,Low,,,2026-09-17 07:13:11.327262 UTC
TXN002931,CUST0138,42.56,0,Low,,,2026-09-17 07:13:11.327262 UTC
TXN000680,CUST0138,12.16,0,Low,,,2026-09-17 07:13:11.327262 UTC
TXN002086,CUST0138,71.86,0,Low,,,2026-09-17 07:13:11.327262 UTC
TXN000156,CUST0138,199.84,0,Low,,,2026-09-17 07:13:11.327262 UTC
TXN000967,CUST0138,18.42,0,Low,,,2026-09-17 07:13:11.327262 UTC
TXN004054,CUST0065,14.92,0,Low,,,2026-09-17 07:13:11.327262 UTC
TXN000571,CUST0065,40.89,0,Low,,,2026-09-17 07:13:11.327262 UTC
TXN000553,CUST0139,19.14,0,Low,,,2026-09-17 07:13:11.327262 UTC
TXN004875,CUST0139,13.07,0,Low,,,2026-09-17 07:13:11.327262 UTC
TXN000025,CUST0139,33.8,0,Low,,,2026-09-17 07:13:11.327262 UTC
TXN001266,CUST0139,119.9,0,Low,,,2026-09-17 07:13:11.327262 UTC
TXN002665,CUST0139,35.16,0,Low,,,2026-09-17 07:13:11.327262 UTC
TXN000060,CUST0139,92.54,0,Low,,,2026-09-17 07:13:11.327262 UTC
TXN002855,CUST0065,126.04,0,Low,,,2026-09-17 07:13:11.327262 UTC
TXN002020,CUST0065,82.93,0,Low,,,2026-09-17 07:13:11.327262 UTC
TXN002703,CUST0065,25.51,0,Low,,,2026-09-17 07:13:11.327262 UTC
TXN001009,CUST0064,49.72,0,Low,,,2026-09-17 07:13:11.327262 UTC
TXN003998,CUST0064,11.46,0,Low,,,2026-09-17 07:13:11.327262 UTC
TXN002311,CUST0140,78.32,0,Low,,,2026-09-17 07:13:11.327262 UTC
TXN000760,CUST0140,8.68,0,Low,,,2026-09-17 07:13:11.327262 UTC
TXN004345,CUST0140,9.74,0,Low,,,2026-09-17 07:13:11.327262 UTC
TXN004655,CUST0140,97.44,0,Low,,,2026-09-17 07:13:11.327262 UTC
TXN000247,CUST0140,8.22,0,Low,,,2026-09-17 07:13:11.327262 UTC
TXN003282,CUST0140,24.07,0,Low,,,2026-09-17 07:13:11.327262 UTC
TXN000022,CUST0140,17.66,0,Low,,,2026-09-17 07:13:11.327262 UTC
TXN004250,CUST0140,33.93,0,Low,,,2026-09-17 07:13:11.327262 UTC
TXN004586,CUST0140,20.98,0,Low,,,2026-09-17 07:13:11.327262 UTC
TXN002974,CUST0140,75.21,0,Low,,,2026-09-17 07:13:11.327262 UTC
TXN001937,CUST0064,31.3,0,Low,,,2026-09-17 07:13:11.327262 UTC
TXN004328,CUST0064,62.45,0,Low,,,2026-09-17 07:13:11.327262 UTC
TXN001716,CUST0141,250.36,0,Low,,,2026-09-17 07:13:11.327262 UTC
TXN002359,CUST0141,148.78,0,Low,,,2026-09-17 07:13:11.327262 UTC
TXN003342,CUST0141,21.3,0,Low,,,2026-09-17 07:13:11.327262 UTC
TXN001769,CUST0141,8.48,0,Low,,,2026-09-17 07:13:11.327262 UTC
TXN004167,CUST0141,10.74,0,Low,,,2026-09-17 07:13:11.327262 UTC
TXN003535,CUST0141,191.69,0,Low,,,2026-09-17 07:13:11.327262 UTC
TXN004835,CUST0064,32.85,0,Low,,,2026-09-17 07:13:11.327262 UTC
TXN001719,CUST0142,22.12,0,Low,,,2026-09-17 07:13:11.327262 UTC
TXN004027,CUST0142,17.43,0,Low,,,2026-09-17 07:13:11.327262 UTC
TXN000537,CUST0142,82.9,0,Low,,,2026-09-17 07:13:11.327262 UTC
TXN001374,CUST0142,52.66,0,Low,,,2026-09-17 07:13:11.327262 UTC
TXN002519,CUST0142,60.36,0,Low,,,2026-09-17 07:13:11.327262 UTC
TXN002074,CUST0142,24.07,0,Low,,,2026-09-17 07:13:11.327262 UTC
TXN003759,CUST0142,32.57,0,Low,,,2026-09-17 07:13:11.327262 UTC
TXN001592,CUST0142,48.8,0,Low,,,2026-09-17 07:13:11.327262 UTC
TXN002562,CUST0063,10.35,0,Low,,,2026-09-17 07:13:11.327262 UTC
TXN001006,CUST0063,186.86,0,Low,,,2026-09-17 07:13:11.327262 UTC
TXN004867,CUST0143,72.93,0,Low,,,2026-09-17 07:13:11.327262 UTC
TXN001885,CUST0143,12.35,0,Low,,,2026-09-17 07:13:11.327262 UTC
TXN002716,CUST0143,142.24,0,Low,,,2026-09-17 07:13:11.327262 UTC
TXN000574,CUST0143,73.61,0,Low,,,2026-09-17 07:13:11.327262 UTC
TXN004288,CUST0143,126.66,0,Low,,,2026-09-17 07:13:11.327262 UTC
TXN001640,CUST0143,79.55,0,Low,,,2026-09-17 07:13:11.327262 UTC
TXN003669,CUST0143,235.63,0,Low,,,2026-09-17 07:13:11.327262 UTC
TXN001706,CUST0063,8.42,0,Low,,,2026-09-17 07:13:11.327262 UTC
TXN001700,CUST0144,41.85,0,Low,,,2026-09-17 07:13:11.327262 UTC
TXN003196,CUST0144,17.41,0,Low,,,2026-09-17 07:13:11.327262 UTC
TXN001443,CUST0144,18.53,0,Low,,,2026-09-17 07:13:11.327262 UTC
TXN004069,CUST0144,10.18,0,Low,,,2026-09-17 07:13:11.327262 UTC
TXN004005,CUST0144,163.65,0,Low,,,2026-09-17 07:13:11.327262 UTC
TXN001659,CUST0144,24.1,0,Low,,,2026-09-17 07:13:11.327262 UTC
TXN001242,CUST0144,19.41,0,Low,,,2026-09-17 07:13:11.327262 UTC
TXN002347,CUST0144,53.09,0,Low,,,2026-09-17 07:13:11.327262 UTC
TXN004653,CUST0063,39.95,0,Low,,,2026-09-17 07:13:11.327262 UTC
TXN004818,CUST0063,162.83,0,Low,,,2026-09-17 07:13:11.327262 UTC
TXN004362,CUST0145,101.57,0,Low,,,2026-09-17 07:13:11.327262 UTC
TXN000450,CUST0145,296.29,0,Low,,,2026-09-17 07:13:11.327262 UTC
TXN002157,CUST0145,190.26,0,Low,,,2026-09-17 07:13:11.327262 UTC
TXN003952,CUST0145,63.85,0,Low,,,2026-09-17 07:13:11.327262 UTC
TXN004044,CUST0145,128.9,0,Low,,,2026-09-17 07:13:11.327262 UTC
TXN003166,CUST0145,292.6,0,Low,,,2026-09-17 07:13:11.327262 UTC
TXN004135,CUST0145,65.96,0,Low,,,2026-09-17 07:13:11.327262 UTC
TXN004882,CUST0145,10.7,0,Low,,,2026-09-17 07:13:11.327262 UTC
TXN001651,CUST0145,128.02,0,Low,,,2026-09-17 07:13:11.327262 UTC
TXN001741,CUST0063,8.91,0,Low,,,2026-09-17 07:13:11.327262 UTC
TXN000565,CUST0063,103.85,0,Low,,,2026-09-17 07:13:11.327262 UTC
TXN004527,CUST0063,39.02,0,Low,,,2026-09-17 07:13:11.327262 UTC
TXN003434,CUST0146,281.18,0,Low,,,2026-09-17 07:13:11.327262 UTC
TXN002330,CUST0146,152.68,0,Low,,,2026-09-17 07:13:11.327262 UTC
TXN001184,CUST0146,396.94,0,Low,,,2026-09-17 07:13:11.327262 UTC
TXN000187,CUST0146,47.89,0,Low,,,2026-09-17 07:13:11.327262 UTC
TXN004083,CUST0146,177.98,0,Low,,,2026-09-17 07:13:11.327262 UTC
TXN003458,CUST0146,22.37,0,Low,,,2026-09-17 07:13:11.327262 UTC
TXN001649,CUST0146,48.56,0,Low,,,2026-09-17 07:13:11.327262 UTC
TXN000477,CUST0146,225.39,0,Low,,,2026-09-17 07:13:11.327262 UTC
TXN004070,CUST0146,154.28,0,Low,,,2026-09-17 07:13:11.327262 UTC
TXN001454,CUST0063,25.31,0,Low,,,2026-09-17 07:13:11.327262 UTC
TXN002006,CUST0063,13.65,0,Low,,,2026-09-17 07:13:11.327262 UTC
TXN003985,CUST0147,165.98,0,Low,,,2026-09-17 07:13:11.327262 UTC
TXN000381,CUST0147,17.93,0,Low,,,2026-09-17 07:13:11.327262 UTC
TXN001387,CUST0147,64.89,0,Low,,,2026-09-17 07:13:11.327262 UTC
TXN000836,CUST0147,299.55,0,Low,,,2026-09-17 07:13:11.327262 UTC
TXN002320,CUST0147,217.98,0,Low,,,2026-09-17 07:13:11.327262 UTC
TXN002751,CUST0147,270.27,0,Low,,,2026-09-17 07:13:11.327262 UTC
TXN003594,CUST0147,26.76,0,Low,,,2026-09-17 07:13:11.327262 UTC
TXN002148,CUST0147,28.65,0,Low,,,2026-09-17 07:13:11.327262 UTC
TXN002249,CUST0147,312.24,0,Low,,,2026-09-17 07:13:11.327262 UTC
TXN002489,CUST0147,385.11,0,Low,,,2026-09-17 07:13:11.327262 UTC
TXN002659,CUST0147,20.97,0,Low,,,2026-09-17 07:13:11.327262 UTC
TXN000143,CUST0147,29.02,0,Low,,,2026-09-17 07:13:11.327262 UTC
TXN003700,CUST0147,22.27,0,Low,,,2026-09-17 07:13:11.327262 UTC
TXN002688,CUST0062,20.46,0,Low,,,2026-09-17 07:13:11.327262 UTC
TXN002676,CUST0062,11.1,0,Low,,,2026-09-17 07:13:11.327262 UTC
TXN004978,CUST0062,19.66,0,Low,,,2026-09-17 07:13:11.327262 UTC
TXN000744,CUST0148,61.68,0,Low,,,2026-09-17 07:13:11.327262 UTC
TXN001693,CUST0148,173.29,0,Low,,,2026-09-17 07:13:11.327262 UTC
TXN003546,CUST0148,103.2,0,Low,,,2026-09-17 07:13:11.327262 UTC
TXN002843,CUST0148,17.8,0,Low,,,2026-09-17 07:13:11.327262 UTC
TXN001935,CUST0148,35.76,0,Low,,,2026-09-17 07:13:11.327262 UTC
TXN004006,CUST0062,94.38,0,Low,,,2026-09-17 07:13:11.327262 UTC
TXN000303,CUST0062,8.78,0,Low,,,2026-09-17 07:13:11.327262 UTC
TXN004032,CUST0149,63.36,0,Low,,,2026-09-17 07:13:11.327262 UTC
TXN002535,CUST0149,189.28,0,Low,,,2026-09-17 07:13:11.327262 UTC
TXN001122,CUST0149,8.61,0,Low,,,2026-09-17 07:13:11.327262 UTC
TXN001603,CUST0149,68.86,0,Low,,,2026-09-17 07:13:11.327262 UTC
TXN000374,CUST0149,44.56,0,Low,,,2026-09-17 07:13:11.327262 UTC
TXN001388,CUST0149,67.22,0,Low,,,2026-09-17 07:13:11.327262 UTC
TXN002078,CUST0149,145.2,0,Low,,,2026-09-17 07:13:11.327262 UTC
TXN004221,CUST0062,94.45,0,Low,,,2026-09-17 07:13:11.327262 UTC
TXN002206,CUST0062,24.24,0,Low,,,2026-09-17 07:13:11.327262 UTC
TXN001551,CUST0061,350.71,0,Low,,,2026-09-17 07:13:11.327262 UTC
TXN003065,CUST0061,13.01,0,Low,,,2026-09-17 07:13:11.327262 UTC
TXN002929,CUST0061,11.09,0,Low,,,2026-09-17 07:13:11.327262 UTC
TXN003235,CUST0150,9.15,0,Low,,,2026-09-17 07:13:11.327262 UTC
TXN001302,CUST0150,101.82,0,Low,,,2026-09-17 07:13:11.327262 UTC
TXN000549,CUST0150,32.38,0,Low,,,2026-09-17 07:13:11.327262 UTC
TXN002933,CUST0150,22.62,0,Low,,,2026-09-17 07:13:11.327262 UTC
TXN001504,CUST0150,211.36,0,Low,,,2026-09-17 07:13:11.327262 UTC
TXN001911,CUST0150,87.87,0,Low,,,2026-09-17 07:13:11.327262 UTC
TXN004168,CUST0150,30.78,0,Low,,,2026-09-17 07:13:11.327262 UTC
TXN003584,CUST0150,8.76,0,Low,,,2026-09-17 07:13:11.327262 UTC
TXN002200,CUST0150,9.76,0,Low,,,2026-09-17 07:13:11.327262 UTC
TXN000056,CUST0061,322.2,0,Low,,,2026-09-17 07:13:11.327262 UTC
TXN000333,CUST0061,26.94,0,Low,,,2026-09-17 07:13:11.327262 UTC
TXN002816,CUST0061,157.7,0,Low,,,2026-09-17 07:13:11.327262 UTC
TXN004983,CUST0151,274.35,0,Low,,,2026-09-17 07:13:11.327262 UTC
TXN001840,CUST0151,211.92,0,Low,,,2026-09-17 07:13:11.327262 UTC
TXN004663,CUST0151,171.72,0,Low,,,2026-09-17 07:13:11.327262 UTC
TXN003036,CUST0151,17.55,0,Low,,,2026-09-17 07:13:11.327262 UTC
TXN003408,CUST0151,123.46,0,Low,,,2026-09-17 07:13:11.327262 UTC
TXN004571,CUST0151,18.3,0,Low,,,2026-09-17 07:13:11.327262 UTC
TXN003624,CUST0151,18.68,0,Low,,,2026-09-17 07:13:11.327262 UTC
TXN000628,CUST0151,9.35,0,Low,,,2026-09-17 07:13:11.327262 UTC
TXN001575,CUST0151,162.27,0,Low,,,2026-09-17 07:13:11.327262 UTC
TXN001361,CUST0151,21.46,0,Low,,,2026-09-17 07:13:11.327262 UTC
TXN003647,CUST0151,401.61,0,Low,,,2026-09-17 07:13:11.327262 UTC
TXN004016,CUST0151,43.72,0,Low,,,2026-09-17 07:13:11.327262 UTC
TXN001389,CUST0061,279.97,0,Low,,,2026-09-17 07:13:11.327262 UTC
TXN000593,CUST0061,85.06,0,Low,,,2026-09-17 07:13:11.327262 UTC
TXN003395,CUST0152,120.61,0,Low,,,2026-09-17 07:13:11.327262 UTC
TXN001497,CUST0152,18.75,0,Low,,,2026-09-17 07:13:11.327262 UTC
TXN004789,CUST0152,142.1,0,Low,,,2026-09-17 07:13:11.327262 UTC
TXN003423,CUST0152,222.38,0,Low,,,2026-09-17 07:13:11.327262 UTC
TXN000167,CUST0152,109.8,0,Low,,,2026-09-17 07:13:11.327262 UTC
TXN004387,CUST0152,21.75,0,Low,,,2026-09-17 07:13:11.327262 UTC
TXN003841,CUST0152,302.93,0,Low,,,2026-09-17 07:13:11.327262 UTC
TXN004289,CUST0153,18.57,0,Low,,,2026-09-17 07:13:11.327262 UTC
TXN001416,CUST0153,27.06,0,Low,,,2026-09-17 07:13:11.327262 UTC
TXN002825,CUST0153,329.21,0,Low,,,2026-09-17 07:13:11.327262 UTC
TXN002509,CUST0153,20.18,0,Low,,,2026-09-17 07:13:11.327262 UTC
TXN004468,CUST0153,34.81,0,Low,,,2026-09-17 07:13:11.327262 UTC
TXN002954,CUST0153,38.99,0,Low,,,2026-09-17 07:13:11.327262 UTC
TXN001879,CUST0153,76.68,0,Low,,,2026-09-17 07:13:11.327262 UTC
TXN003747,CUST0153,284.59,0,Low,,,2026-09-17 07:13:11.327262 UTC
TXN004874,CUST0153,39.43,0,Low,,,2026-09-17 07:13:11.327262 UTC
TXN004214,CUST0153,355.9,0,Low,,,2026-09-17 07:13:11.327262 UTC
TXN001498,CUST0061,31.0,0,Low,,,2026-09-17 07:13:11.327262 UTC
TXN003860,CUST0154,41.21,0,Low,,,2026-09-17 07:13:11.327262 UTC
TXN002171,CUST0154,25.39,0,Low,,,2026-09-17 07:13:11.327262 UTC
TXN003620,CUST0154,11.77,0,Low,,,2026-09-17 07:13:11.327262 UTC
TXN004025,CUST0154,14.0,0,Low,,,2026-09-17 07:13:11.327262 UTC
TXN004912,CUST0154,128.5,0,Low,,,2026-09-17 07:13:11.327262 UTC
TXN001258,CUST0154,23.76,0,Low,,,2026-09-17 07:13:11.327262 UTC
TXN004188,CUST0061,65.87,0,Low,,,2026-09-17 07:13:11.327262 UTC
TXN003766,CUST0155,30.73,0,Low,,,2026-09-17 07:13:11.327262 UTC
TXN001233,CUST0155,30.81,0,Low,,,2026-09-17 07:13:11.327262 UTC
TXN000186,CUST0155,33.35,0,Low,,,2026-09-17 07:13:11.327262 UTC
TXN003653,CUST0155,39.25,0,Low,,,2026-09-17 07:13:11.327262 UTC
TXN004147,CUST0155,34.07,0,Low,,,2026-09-17 07:13:11.327262 UTC
TXN001410,CUST0155,21.45,0,Low,,,2026-09-17 07:13:11.327262 UTC
TXN004927,CUST0155,13.01,0,Low,,,2026-09-17 07:13:11.327262 UTC
TXN004576,CUST0155,40.22,0,Low,,,2026-09-17 07:13:11.327262 UTC
TXN003888,CUST0155,109.85,0,Low,,,2026-09-17 07:13:11.327262 UTC
TXN002694,CUST0061,72.24,0,Low,,,2026-09-17 07:13:11.327262 UTC
TXN004086,CUST0060,38.77,0,Low,,,2026-09-17 07:13:11.327262 UTC
TXN001910,CUST0060,28.2,0,Low,,,2026-09-17 07:13:11.327262 UTC
TXN004418,CUST0060,21.39,0,Low,,,2026-09-17 07:13:11.327262 UTC
TXN000108,CUST0060,273.86,0,Low,,,2026-09-17 07:13:11.327262 UTC
TXN004404,CUST0060,32.95,0,Low,,,2026-09-17 07:13:11.327262 UTC
TXN001788,CUST0156,56.14,0,Low,,,2026-09-17 07:13:11.327262 UTC
TXN002458,CUST0156,8.34,0,Low,,,2026-09-17 07:13:11.327262 UTC
TXN003686,CUST0156,38.36,0,Low,,,2026-09-17 07:13:11.327262 UTC
TXN001853,CUST0156,89.43,0,Low,,,2026-09-17 07:13:11.327262 UTC
TXN001378,CUST0156,71.39,0,Low,,,2026-09-17 07:13:11.327262 UTC
TXN003189,CUST0060,44.25,0,Low,,,2026-09-17 07:13:11.327262 UTC
TXN004536,CUST0157,31.13,0,Low,,,2026-09-17 07:13:11.327262 UTC
TXN002955,CUST0157,8.58,0,Low,,,2026-09-17 07:13:11.327262 UTC
TXN002785,CUST0157,249.81,0,Low,,,2026-09-17 07:13:11.327262 UTC
TXN002996,CUST0157,19.97,0,Low,,,2026-09-17 07:13:11.327262 UTC
TXN002333,CUST0157,253.08,0,Low,,,2026-09-17 07:13:11.327262 UTC
TXN000724,CUST0157,40.17,0,Low,,,2026-09-17 07:13:11.327262 UTC
TXN000042,CUST0157,13.6,0,Low,,,2026-09-17 07:13:11.327262 UTC
TXN003663,CUST0060,80.85,0,Low,,,2026-09-17 07:13:11.327262 UTC
TXN001939,CUST0158,118.87,0,Low,,,2026-09-17 07:13:11.327262 UTC
TXN003762,CUST0158,44.4,0,Low,,,2026-09-17 07:13:11.327262 UTC
TXN000624,CUST0158,84.87,0,Low,,,2026-09-17 07:13:11.327262 UTC
TXN002548,CUST0158,8.15,0,Low,,,2026-09-17 07:13:11.327262 UTC
TXN003063,CUST0158,27.2,0,Low,,,2026-09-17 07:13:11.327262 UTC
TXN001106,CUST0158,61.54,0,Low,,,2026-09-17 07:13:11.327262 UTC
TXN001515,CUST0158,22.45,0,Low,,,2026-09-17 07:13:11.327262 UTC
TXN000363,CUST0158,76.4,0,Low,,,2026-09-17 07:13:11.327262 UTC
TXN001465,CUST0158,72.76,0,Low,,,2026-09-17 07:13:11.327262 UTC
TXN004939,CUST0158,7.86,0,Low,,,2026-09-17 07:13:11.327262 UTC
TXN001584,CUST0158,163.74,0,Low,,,2026-09-17 07:13:11.327262 UTC
TXN004463,CUST0158,207.81,0,Low,,,2026-09-17 07:13:11.327262 UTC
TXN002021,CUST0060,262.07,0,Low,,,2026-09-17 07:13:11.327262 UTC
TXN000375,CUST0060,24.46,0,Low,,,2026-09-17 07:13:11.327262 UTC
TXN004052,CUST0060,18.45,0,Low,,,2026-09-17 07:13:11.327262 UTC
TXN002151,CUST0059,9.91,0,Low,,,2026-09-17 07:13:11.327262 UTC
TXN004854,CUST0059,36.59,0,Low,,,2026-09-17 07:13:11.327262 UTC
TXN002465,CUST0059,13.2,0,Low,,,2026-09-17 07:13:11.327262 UTC
TXN000930,CUST0159,18.84,0,Low,,,2026-09-17 07:13:11.327262 UTC
TXN002628,CUST0159,331.95,0,Low,,,2026-09-17 07:13:11.327262 UTC
TXN004688,CUST0159,18.1,0,Low,,,2026-09-17 07:13:11.327262 UTC
TXN001065,CUST0159,43.96,0,Low,,,2026-09-17 07:13:11.327262 UTC
TXN002011,CUST0159,8.91,0,Low,,,2026-09-17 07:13:11.327262 UTC
TXN004810,CUST0159,10.42,0,Low,,,2026-09-17 07:13:11.327262 UTC
TXN004271,CUST0159,9.27,0,Low,,,2026-09-17 07:13:11.327262 UTC
TXN001985,CUST0159,296.39,0,Low,,,2026-09-17 07:13:11.327262 UTC
TXN000243,CUST0159,18.86,0,Low,,,2026-09-17 07:13:11.327262 UTC
TXN001156,CUST0059,20.73,0,Low,,,2026-09-17 07:13:11.327262 UTC
TXN000053,CUST0059,17.04,0,Low,,,2026-09-17 07:13:11.327262 UTC
TXN001823,CUST0059,15.12,0,Low,,,2026-09-17 07:13:11.327262 UTC
TXN000017,CUST0059,10.39,0,Low,,,2026-09-17 07:13:11.327262 UTC
TXN003539,CUST0160,11.2,0,Low,,,2026-09-17 07:13:11.327262 UTC
TXN004542,CUST0160,10.59,0,Low,,,2026-09-17 07:13:11.327262 UTC
TXN004093,CUST0160,85.13,0,Low,,,2026-09-17 07:13:11.327262 UTC
TXN004950,CUST0160,41.95,0,Low,,,2026-09-17 07:13:11.327262 UTC
TXN004903,CUST0160,101.37,0,Low,,,2026-09-17 07:13:11.327262 UTC
TXN000801,CUST0160,12.79,0,Low,,,2026-09-17 07:13:11.327262 UTC
TXN002381,CUST0160,17.56,0,Low,,,2026-09-17 07:13:11.327262 UTC
TXN000792,CUST0160,145.83,0,Low,,,2026-09-17 07:13:11.327262 UTC
TXN004409,CUST0160,170.56,0,Low,,,2026-09-17 07:13:11.327262 UTC
TXN004782,CUST0160,118.22,0,Low,,,2026-09-17 07:13:11.327262 UTC
TXN004371,CUST0160,7.96,0,Low,,,2026-09-17 07:13:11.327262 UTC
TXN004600,CUST0160,12.69,0,Low,,,2026-09-17 07:13:11.327262 UTC
TXN000362,CUST0059,37.61,0,Low,,,2026-09-17 07:13:11.327262 UTC
TXN002599,CUST0059,51.61,0,Low,,,2026-09-17 07:13:11.327262 UTC
TXN000123,CUST0058,293.32,0,Low,,,2026-09-17 07:13:11.327262 UTC
TXN002244,CUST0058,11.83,0,Low,,,2026-09-17 07:13:11.327262 UTC
TXN002606,CUST0161,67.08,0,Low,,,2026-09-17 07:13:11.327262 UTC
TXN004936,CUST0161,9.26,0,Low,,,2026-09-17 07:13:11.327262 UTC
TXN004100,CUST0161,329.03,0,Low,,,2026-09-17 07:13:11.327262 UTC
TXN000880,CUST0161,49.52,0,Low,,,2026-09-17 07:13:11.327262 UTC
TXN001723,CUST0161,45.49,0,Low,,,2026-09-17 07:13:11.327262 UTC
TXN001055,CUST0161,27.46,0,Low,,,2026-09-17 07:13:11.327262 UTC
TXN004370,CUST0161,32.09,0,Low,,,2026-09-17 07:13:11.327262 UTC
TXN004220,CUST0161,18.78,0,Low,,,2026-09-17 07:13:11.327262 UTC
TXN000055,CUST0161,174.48,0,Low,,,2026-09-17 07:13:11.327262 UTC
TXN000899,CUST0161,92.69,0,Low,,,2026-09-17 07:13:11.327262 UTC
TXN001092,CUST0161,8.54,0,Low,,,2026-09-17 07:13:11.327262 UTC
TXN001366,CUST0161,8.18,0,Low,,,2026-09-17 07:13:11.327262 UTC
TXN001332,CUST0161,292.95,0,Low,,,2026-09-17 07:13:11.327262 UTC
TXN004176,CUST0161,316.41,0,Low,,,2026-09-17 07:13:11.327262 UTC
TXN002105,CUST0161,219.37,0,Low,,,2026-09-17 07:13:11.327262 UTC
TXN002399,CUST0058,158.42,0,Low,,,2026-09-17 07:13:11.327262 UTC
TXN003213,CUST0058,89.71,0,Low,,,2026-09-17 07:13:11.327262 UTC
TXN001008,CUST0162,8.67,0,Low,,,2026-09-17 07:13:11.327262 UTC
TXN000712,CUST0162,68.05,0,Low,,,2026-09-17 07:13:11.327262 UTC
TXN000305,CUST0162,15.17,0,Low,,,2026-09-17 07:13:11.327262 UTC
TXN000090,CUST0162,17.07,0,Low,,,2026-09-17 07:13:11.327262 UTC
TXN004760,CUST0162,17.83,0,Low,,,2026-09-17 07:13:11.327262 UTC
TXN000478,CUST0162,239.2,0,Low,,,2026-09-17 07:13:11.327262 UTC
TXN002556,CUST0162,82.47,0,Low,,,2026-09-17 07:13:11.327262 UTC
TXN004460,CUST0162,170.77,0,Low,,,2026-09-17 07:13:11.327262 UTC
TXN003215,CUST0162,7.68,0,Low,,,2026-09-17 07:13:11.327262 UTC
TXN001297,CUST0162,73.64,0,Low,,,2026-09-17 07:13:11.327262 UTC
TXN002109,CUST0162,16.74,0,Low,,,2026-09-17 07:13:11.327262 UTC
TXN002026,CUST0162,131.33,0,Low,,,2026-09-17 07:13:11.327262 UTC
TXN003218,CUST0162,266.37,0,Low,,,2026-09-17 07:13:11.327262 UTC
TXN002414,CUST0162,13.76,0,Low,,,2026-09-17 07:13:11.327262 UTC
TXN001907,CUST0058,22.43,0,Low,,,2026-09-17 07:13:11.327262 UTC
TXN002529,CUST0163,30.57,0,Low,,,2026-09-17 07:13:11.327262 UTC
TXN001580,CUST0163,281.47,0,Low,,,2026-09-17 07:13:11.327262 UTC
TXN001927,CUST0163,254.44,0,Low,,,2026-09-17 07:13:11.327262 UTC
TXN003633,CUST0163,220.01,0,Low,,,2026-09-17 07:13:11.327262 UTC
TXN001918,CUST0163,141.21,0,Low,,,2026-09-17 07:13:11.327262 UTC
TXN000004,CUST0163,38.09,0,Low,,,2026-09-17 07:13:11.327262 UTC
TXN004024,CUST0163,15.04,0,Low,,,2026-09-17 07:13:11.327262 UTC
TXN001513,CUST0163,97.12,0,Low,,,2026-09-17 07:13:11.327262 UTC
TXN002550,CUST0163,240.89,0,Low,,,2026-09-17 07:13:11.327262 UTC
TXN000107,CUST0163,65.21,0,Low,,,2026-09-17 07:13:11.327262 UTC
TXN001902,CUST0163,23.65,0,Low,,,2026-09-17 07:13:11.327262 UTC
TXN002022,CUST0163,326.12,0,Low,,,2026-09-17 07:13:11.327262 UTC
TXN004454,CUST0163,12.69,0,Low,,,2026-09-17 07:13:11.327262 UTC
TXN000956,CUST0163,16.41,0,Low,,,2026-09-17 07:13:11.327262 UTC
TXN002818,CUST0164,15.88,0,Low,,,2026-09-17 07:13:11.327262 UTC
TXN003139,CUST0164,312.33,0,Low,,,2026-09-17 07:13:11.327262 UTC
TXN000589,CUST0164,12.15,0,Low,,,2026-09-17 07:13:11.327262 UTC
TXN002789,CUST0164,14.61,0,Low,,,2026-09-17 07:13:11.327262 UTC
TXN002788,CUST0164,11.37,0,Low,,,2026-09-17 07:13:11.327262 UTC
TXN002869,CUST0164,94.49,0,Low,,,2026-09-17 07:13:11.327262 UTC
TXN002252,CUST0164,188.76,0,Low,,,2026-09-17 07:13:11.327262 UTC
TXN001977,CUST0058,19.36,0,Low,,,2026-09-17 07:13:11.327262 UTC
TXN004332,CUST0165,18.82,0,Low,,,2026-09-17 07:13:11.327262 UTC
TXN000999,CUST0165,51.07,0,Low,,,2026-09-17 07:13:11.327262 UTC
TXN004182,CUST0165,38.58,0,Low,,,2026-09-17 07:13:11.327262 UTC
TXN003884,CUST0165,212.36,0,Low,,,2026-09-17 07:13:11.327262 UTC
TXN002329,CUST0165,35.65,0,Low,,,2026-09-17 07:13:11.327262 UTC
TXN004430,CUST0165,9.71,0,Low,,,2026-09-17 07:13:11.327262 UTC
TXN001940,CUST0165,193.15,0,Low,,,2026-09-17 07:13:11.327262 UTC
TXN001127,CUST0165,71.48,0,Low,,,2026-09-17 07:13:11.327262 UTC
TXN001057,CUST0165,53.25,0,Low,,,2026-09-17 07:13:11.327262 UTC
TXN002927,CUST0165,26.88,0,Low,,,2026-09-17 07:13:11.327262 UTC
TXN000723,CUST0165,99.83,0,Low,,,2026-09-17 07:13:11.327262 UTC
TXN004661,CUST0166,11.22,0,Low,,,2026-09-17 07:13:11.327262 UTC
TXN002334,CUST0166,187.36,0,Low,,,2026-09-17 07:13:11.327262 UTC
TXN000416,CUST0166,185.74,0,Low,,,2026-09-17 07:13:11.327262 UTC
TXN004781,CUST0166,75.6,0,Low,,,2026-09-17 07:13:11.327262 UTC
TXN002461,CUST0166,14.63,0,Low,,,2026-09-17 07:13:11.327262 UTC
TXN000920,CUST0166,8.99,0,Low,,,2026-09-17 07:13:11.327262 UTC
TXN003549,CUST0166,155.13,0,Low,,,2026-09-17 07:13:11.327262 UTC
TXN003725,CUST0166,183.29,0,Low,,,2026-09-17 07:13:11.327262 UTC
TXN000213,CUST0166,42.73,0,Low,,,2026-09-17 07:13:11.327262 UTC
TXN003002,CUST0166,67.46,0,Low,,,2026-09-17 07:13:11.327262 UTC
TXN000003,CUST0166,152.43,0,Low,,,2026-09-17 07:13:11.327262 UTC
TXN000778,CUST0166,46.15,0,Low,,,2026-09-17 07:13:11.327262 UTC
TXN002434,CUST0166,12.99,0,Low,,,2026-09-17 07:13:11.327262 UTC
TXN002540,CUST0058,66.8,0,Low,,,2026-09-17 07:13:11.327262 UTC
TXN004922,CUST0058,45.49,0,Low,,,2026-09-17 07:13:11.327262 UTC
TXN004749,CUST0058,8.14,0,Low,,,2026-09-17 07:13:11.327262 UTC
TXN004641,CUST0058,171.32,0,Low,,,2026-09-17 07:13:11.327262 UTC
TXN000310,CUST0167,12.0,0,Low,,,2026-09-17 07:13:11.327262 UTC
TXN002308,CUST0167,129.44,0,Low,,,2026-09-17 07:13:11.327262 UTC
TXN002423,CUST0167,53.57,0,Low,,,2026-09-17 07:13:11.327262 UTC
TXN003879,CUST0167,11.14,0,Low,,,2026-09-17 07:13:11.327262 UTC
TXN002822,CUST0167,8.34,0,Low,,,2026-09-17 07:13:11.327262 UTC
TXN001588,CUST0167,218.04,0,Low,,,2026-09-17 07:13:11.327262 UTC
TXN002942,CUST0167,23.7,0,Low,,,2026-09-17 07:13:11.327262 UTC
TXN004853,CUST0167,234.81,0,Low,,,2026-09-17 07:13:11.327262 UTC
TXN002023,CUST0167,15.54,0,Low,,,2026-09-17 07:13:11.327262 UTC
TXN004676,CUST0167,355.87,0,Low,,,2026-09-17 07:13:11.327262 UTC
TXN001072,CUST0167,245.12,0,Low,,,2026-09-17 07:13:11.327262 UTC
TXN004842,CUST0167,68.12,0,Low,,,2026-09-17 07:13:11.327262 UTC
TXN004118,CUST0167,29.92,0,Low,,,2026-09-17 07:13:11.327262 UTC
TXN002997,CUST0167,41.65,0,Low,,,2026-09-17 07:13:11.327262 UTC
TXN001477,CUST0058,28.95,0,Low,,,2026-09-17 07:13:11.327262 UTC
TXN004382,CUST0057,39.41,0,Low,,,2026-09-17 07:13:11.327262 UTC
TXN001492,CUST0168,398.69,0,Low,,,2026-09-17 07:13:11.327262 UTC
TXN004174,CUST0168,62.85,0,Low,,,2026-09-17 07:13:11.327262 UTC
TXN003778,CUST0168,184.45,0,Low,,,2026-09-17 07:13:11.327262 UTC
TXN001746,CUST0168,8.43,0,Low,,,2026-09-17 07:13:11.327262 UTC
TXN004949,CUST0168,35.15,0,Low,,,2026-09-17 07:13:11.327262 UTC
TXN003563,CUST0168,155.54,0,Low,,,2026-09-17 07:13:11.327262 UTC
TXN003593,CUST0168,168.36,0,Low,,,2026-09-17 07:13:11.327262 UTC
TXN000826,CUST0168,358.81,0,Low,,,2026-09-17 07:13:11.327262 UTC
TXN003432,CUST0168,62.12,0,Low,,,2026-09-17 07:13:11.327262 UTC
TXN003896,CUST0168,42.68,0,Low,,,2026-09-17 07:13:11.327262 UTC
TXN003534,CUST0057,21.47,0,Low,,,2026-09-17 07:13:11.327262 UTC
TXN004823,CUST0057,9.25,0,Low,,,2026-09-17 07:13:11.327262 UTC
TXN000122,CUST0169,92.46,0,Low,,,2026-09-17 07:13:11.327262 UTC
TXN004491,CUST0169,85.33,0,Low,,,2026-09-17 07:13:11.327262 UTC
TXN004704,CUST0169,19.86,0,Low,,,2026-09-17 07:13:11.327262 UTC
TXN004635,CUST0169,10.72,0,Low,,,2026-09-17 07:13:11.327262 UTC
TXN002082,CUST0169,24.46,0,Low,,,2026-09-17 07:13:11.327262 UTC
TXN003661,CUST0169,62.38,0,Low,,,2026-09-17 07:13:11.327262 UTC
TXN000736,CUST0169,15.78,0,Low,,,2026-09-17 07:13:11.327262 UTC
TXN004893,CUST0057,10.82,0,Low,,,2026-09-17 07:13:11.327262 UTC
TXN004127,CUST0170,124.25,0,Low,,,2026-09-17 07:13:11.327262 UTC
TXN000622,CUST0170,114.11,0,Low,,,2026-09-17 07:13:11.327262 UTC
TXN003684,CUST0170,110.79,0,Low,,,2026-09-17 07:13:11.327262 UTC
TXN002069,CUST0170,15.51,0,Low,,,2026-09-17 07:13:11.327262 UTC
TXN003077,CUST0170,15.06,0,Low,,,2026-09-17 07:13:11.327262 UTC
TXN004974,CUST0170,29.12,0,Low,,,2026-09-17 07:13:11.327262 UTC
TXN004419,CUST0170,317.9,0,Low,,,2026-09-17 07:13:11.327262 UTC
TXN000563,CUST0170,8.3,0,Low,,,2026-09-17 07:13:11.327262 UTC
TXN002079,CUST0170,235.63,0,Low,,,2026-09-17 07:13:11.327262 UTC
TXN004087,CUST0170,105.15,0,Low,,,2026-09-17 07:13:11.327262 UTC
TXN001810,CUST0057,42.63,0,Low,,,2026-09-17 07:13:11.327262 UTC
TXN000012,CUST0057,114.55,0,Low,,,2026-09-17 07:13:11.327262 UTC
TXN002511,CUST0171,9.15,0,Low,,,2026-09-17 07:13:11.327262 UTC
TXN003064,CUST0171,29.11,0,Low,,,2026-09-17 07:13:11.327262 UTC
TXN003842,CUST0171,50.22,0,Low,,,2026-09-17 07:13:11.327262 UTC
TXN001955,CUST0171,24.6,0,Low,,,2026-09-17 07:13:11.327262 UTC
TXN004946,CUST0171,28.26,0,Low,,,2026-09-17 07:13:11.327262 UTC
TXN001675,CUST0171,22.36,0,Low,,,2026-09-17 07:13:11.327262 UTC
TXN004129,CUST0171,35.87,0,Low,,,2026-09-17 07:13:11.327262 UTC
TXN003682,CUST0171,20.07,0,Low,,,2026-09-17 07:13:11.327262 UTC
TXN003836,CUST0171,34.76,0,Low,,,2026-09-17 07:13:11.327262 UTC
TXN001667,CUST0171,10.76,0,Low,,,2026-09-17 07:13:11.327262 UTC
TXN003738,CUST0171,38.39,0,Low,,,2026-09-17 07:13:11.327262 UTC
TXN004605,CUST0057,10.66,0,Low,,,2026-09-17 07:13:11.327262 UTC
TXN004444,CUST0057,9.01,0,Low,,,2026-09-17 07:13:11.327262 UTC
TXN002304,CUST0057,49.41,0,Low,,,2026-09-17 07:13:11.327262 UTC
TXN000454,CUST0172,230.22,0,Low,,,2026-09-17 07:13:11.327262 UTC
TXN004848,CUST0172,26.13,0,Low,,,2026-09-17 07:13:11.327262 UTC
TXN000595,CUST0172,66.52,0,Low,,,2026-09-17 07:13:11.327262 UTC
TXN000561,CUST0172,192.91,0,Low,,,2026-09-17 07:13:11.327262 UTC
TXN004930,CUST0172,292.67,0,Low,,,2026-09-17 07:13:11.327262 UTC
TXN004859,CUST0172,7.41,0,Low,,,2026-09-17 07:13:11.327262 UTC
TXN001573,CUST0172,17.47,0,Low,,,2026-09-17 07:13:11.327262 UTC
TXN000861,CUST0057,44.36,0,Low,,,2026-09-17 07:13:11.327262 UTC
TXN003520,CUST0057,57.07,0,Low,,,2026-09-17 07:13:11.327262 UTC
TXN002989,CUST0056,142.82,0,Low,,,2026-09-17 07:13:11.327262 UTC
TXN002515,CUST0056,66.87,0,Low,,,2026-09-17 07:13:11.327262 UTC
TXN001405,CUST0173,18.11,0,Low,,,2026-09-17 07:13:11.327262 UTC
TXN000906,CUST0173,14.51,0,Low,,,2026-09-17 07:13:11.327262 UTC
TXN002041,CUST0173,68.12,0,Low,,,2026-09-17 07:13:11.327262 UTC
TXN004962,CUST0173,10.65,0,Low,,,2026-09-17 07:13:11.327262 UTC
TXN001409,CUST0173,91.6,0,Low,,,2026-09-17 07:13:11.327262 UTC
TXN004634,CUST0173,26.31,0,Low,,,2026-09-17 07:13:11.327262 UTC
TXN004443,CUST0173,17.6,0,Low,,,2026-09-17 07:13:11.327262 UTC
TXN002656,CUST0173,166.3,0,Low,,,2026-09-17 07:13:11.327262 UTC
TXN000465,CUST0173,60.26,0,Low,,,2026-09-17 07:13:11.327262 UTC
TXN002532,CUST0056,16.26,0,Low,,,2026-09-17 07:13:11.327262 UTC
TXN002373,CUST0056,150.18,0,Low,,,2026-09-17 07:13:11.327262 UTC
TXN002871,CUST0056,262.93,0,Low,,,2026-09-17 07:13:11.327262 UTC
TXN004392,CUST0056,84.43,0,Low,,,2026-09-17 07:13:11.327262 UTC
TXN004231,CUST0174,11.65,0,Low,,,2026-09-17 07:13:11.327262 UTC
TXN002698,CUST0174,34.58,0,Low,,,2026-09-17 07:13:11.327262 UTC
TXN004126,CUST0174,287.05,0,Low,,,2026-09-17 07:13:11.327262 UTC
TXN004196,CUST0174,69.07,0,Low,,,2026-09-17 07:13:11.327262 UTC
TXN000494,CUST0174,13.42,0,Low,,,2026-09-17 07:13:11.327262 UTC
TXN000776,CUST0174,32.78,0,Low,,,2026-09-17 07:13:11.327262 UTC
TXN000882,CUST0174,85.11,0,Low,,,2026-09-17 07:13:11.327262 UTC
TXN004134,CUST0056,270.78,0,Low,,,2026-09-17 07:13:11.327262 UTC
TXN001309,CUST0056,61.6,0,Low,,,2026-09-17 07:13:11.327262 UTC
TXN003951,CUST0056,11.68,0,Low,,,2026-09-17 07:13:11.327262 UTC
TXN001359,CUST0175,387.6,0,Low,,,2026-09-17 07:13:11.327262 UTC
TXN003715,CUST0175,119.4,0,Low,,,2026-09-17 07:13:11.327262 UTC
TXN000870,CUST0175,290.34,0,Low,,,2026-09-17 07:13:11.327262 UTC
TXN002470,CUST0175,92.06,0,Low,,,2026-09-17 07:13:11.327262 UTC
TXN000321,CUST0175,9.89,0,Low,,,2026-09-17 07:13:11.327262 UTC
TXN002545,CUST0175,16.99,0,Low,,,2026-09-17 07:13:11.327262 UTC
TXN002216,CUST0175,381.29,0,Low,,,2026-09-17 07:13:11.327262 UTC
TXN002225,CUST0175,243.99,0,Low,,,2026-09-17 07:13:11.327262 UTC
TXN000468,CUST0175,32.16,0,Low,,,2026-09-17 07:13:11.327262 UTC
TXN001928,CUST0175,135.43,0,Low,,,2026-09-17 07:13:11.327262 UTC
TXN002378,CUST0175,170.67,0,Low,,,2026-09-17 07:13:11.327262 UTC
TXN000559,CUST0175,56.15,0,Low,,,2026-09-17 07:13:11.327262 UTC
TXN002433,CUST0175,27.22,0,Low,,,2026-09-17 07:13:11.327262 UTC
TXN002482,CUST0056,35.48,0,Low,,,2026-09-17 07:13:11.327262 UTC
TXN002350,CUST0056,12.79,0,Low,,,2026-09-17 07:13:11.327262 UTC
TXN001091,CUST0056,8.07,0,Low,,,2026-09-17 07:13:11.327262 UTC
TXN001608,CUST0176,223.38,0,Low,,,2026-09-17 07:13:11.327262 UTC
TXN004733,CUST0176,15.24,0,Low,,,2026-09-17 07:13:11.327262 UTC
TXN002012,CUST0176,90.67,0,Low,,,2026-09-17 07:13:11.327262 UTC
TXN004089,CUST0176,12.75,0,Low,,,2026-09-17 07:13:11.327262 UTC
TXN001619,CUST0176,24.04,0,Low,,,2026-09-17 07:13:11.327262 UTC
TXN002325,CUST0056,302.16,0,Low,,,2026-09-17 07:13:11.327262 UTC
TXN001562,CUST0056,290.23,0,Low,,,2026-09-17 07:13:11.327262 UTC
TXN001491,CUST0056,122.73,0,Low,,,2026-09-17 07:13:11.327262 UTC
TXN003565,CUST0055,27.13,0,Low,,,2026-09-17 07:13:11.327262 UTC
TXN004302,CUST0055,8.8,0,Low,,,2026-09-17 07:13:11.327262 UTC
TXN000409,CUST0177,23.22,0,Low,,,2026-09-17 07:13:11.327262 UTC
TXN004432,CUST0177,22.81,0,Low,,,2026-09-17 07:13:11.327262 UTC
TXN002256,CUST0177,61.45,0,Low,,,2026-09-17 07:13:11.327262 UTC
TXN002187,CUST0177,297.46,0,Low,,,2026-09-17 07:13:11.327262 UTC
TXN003559,CUST0177,15.64,0,Low,,,2026-09-17 07:13:11.327262 UTC
TXN002405,CUST0177,217.4,0,Low,,,2026-09-17 07:13:11.327262 UTC
TXN000594,CUST0177,244.18,0,Low,,,2026-09-17 07:13:11.327262 UTC
TXN001380,CUST0177,33.78,0,Low,,,2026-09-17 07:13:11.327262 UTC
TXN000874,CUST0177,27.49,0,Low,,,2026-09-17 07:13:11.327262 UTC
TXN003116,CUST0177,8.37,0,Low,,,2026-09-17 07:13:11.327262 UTC
TXN000586,CUST0177,31.73,0,Low,,,2026-09-17 07:13:11.327262 UTC
TXN001102,CUST0177,110.05,0,Low,,,2026-09-17 07:13:11.327262 UTC
TXN000528,CUST0177,10.77,0,Low,,,2026-09-17 07:13:11.327262 UTC
TXN004374,CUST0055,9.8,0,Low,,,2026-09-17 07:13:11.327262 UTC
TXN003803,CUST0055,22.89,0,Low,,,2026-09-17 07:13:11.327262 UTC
TXN001142,CUST0055,15.83,0,Low,,,2026-09-17 07:13:11.327262 UTC
TXN000697,CUST0178,135.85,0,Low,,,2026-09-17 07:13:11.327262 UTC
TXN001790,CUST0178,15.88,0,Low,,,2026-09-17 07:13:11.327262 UTC
TXN004461,CUST0178,18.89,0,Low,,,2026-09-17 07:13:11.327262 UTC
TXN002728,CUST0178,14.82,0,Low,,,2026-09-17 07:13:11.327262 UTC
TXN003485,CUST0178,48.4,0,Low,,,2026-09-17 07:13:11.327262 UTC
TXN000317,CUST0055,14.77,0,Low,,,2026-09-17 07:13:11.327262 UTC
TXN001924,CUST0055,36.29,0,Low,,,2026-09-17 07:13:11.327262 UTC
TXN003154,CUST0055,19.79,0,Low,,,2026-09-17 07:13:11.327262 UTC
TXN001453,CUST0179,25.23,0,Low,,,2026-09-17 07:13:11.327262 UTC
TXN001149,CUST0179,32.51,0,Low,,,2026-09-17 07:13:11.327262 UTC
TXN003811,CUST0179,226.17,0,Low,,,2026-09-17 07:13:11.327262 UTC
TXN002891,CUST0179,213.36,0,Low,,,2026-09-17 07:13:11.327262 UTC
TXN001312,CUST0179,38.45,0,Low,,,2026-09-17 07:13:11.327262 UTC
TXN004189,CUST0179,24.6,0,Low,,,2026-09-17 07:13:11.327262 UTC
TXN003833,CUST0055,27.52,0,Low,,,2026-09-17 07:13:11.327262 UTC
TXN001090,CUST0055,31.25,0,Low,,,2026-09-17 07:13:11.327262 UTC
TXN003843,CUST0180,8.66,0,Low,,,2026-09-17 07:13:11.327262 UTC
TXN002921,CUST0180,11.88,0,Low,,,2026-09-17 07:13:11.327262 UTC
TXN004714,CUST0180,268.81,0,Low,,,2026-09-17 07:13:11.327262 UTC
TXN000758,CUST0180,248.68,0,Low,,,2026-09-17 07:13:11.327262 UTC
TXN003483,CUST0180,77.96,0,Low,,,2026-09-17 07:13:11.327262 UTC
TXN003461,CUST0180,27.48,0,Low,,,2026-09-17 07:13:11.327262 UTC
TXN001014,CUST0180,271.61,0,Low,,,2026-09-17 07:13:11.327262 UTC
TXN000889,CUST0180,40.73,0,Low,,,2026-09-17 07:13:11.327262 UTC
TXN004260,CUST0180,341.05,0,Low,,,2026-09-17 07:13:11.327262 UTC
TXN004240,CUST0180,165.64,0,Low,,,2026-09-17 07:13:11.327262 UTC
TXN002448,CUST0180,200.03,0,Low,,,2026-09-17 07:13:11.327262 UTC
TXN001248,CUST0180,20.51,0,Low,,,2026-09-17 07:13:11.327262 UTC
TXN001196,CUST0180,22.57,0,Low,,,2026-09-17 07:13:11.327262 UTC
TXN003097,CUST0054,213.33,0,Low,,,2026-09-17 07:13:11.327262 UTC
TXN004498,CUST0054,76.87,0,Low,,,2026-09-17 07:13:11.327262 UTC
TXN000030,CUST0054,108.86,0,Low,,,2026-09-17 07:13:11.327262 UTC
TXN002648,CUST0181,108.99,0,Low,,,2026-09-17 07:13:11.327262 UTC
TXN000526,CUST0181,253.77,0,Low,,,2026-09-17 07:13:11.327262 UTC
TXN004849,CUST0181,337.3,0,Low,,,2026-09-17 07:13:11.327262 UTC
TXN000756,CUST0181,11.22,0,Low,,,2026-09-17 07:13:11.327262 UTC
TXN004424,CUST0181,8.26,0,Low,,,2026-09-17 07:13:11.327262 UTC
TXN003697,CUST0181,10.64,0,Low,,,2026-09-17 07:13:11.327262 UTC
TXN004693,CUST0181,124.26,0,Low,,,2026-09-17 07:13:11.327262 UTC
TXN004896,CUST0181,242.3,0,Low,,,2026-09-17 07:13:11.327262 UTC
TXN002644,CUST0181,27.18,0,Low,,,2026-09-17 07:13:11.327262 UTC
TXN002326,CUST0181,49.75,0,Low,,,2026-09-17 07:13:11.327262 UTC
TXN003234,CUST0181,12.49,0,Low,,,2026-09-17 07:13:11.327262 UTC
TXN001124,CUST0181,32.71,0,Low,,,2026-09-17 07:13:11.327262 UTC
TXN004920,CUST0181,8.85,0,Low,,,2026-09-17 07:13:11.327262 UTC
TXN000947,CUST0181,43.23,0,Low,,,2026-09-17 07:13:11.327262 UTC
TXN001249,CUST0054,101.03,0,Low,,,2026-09-17 07:13:11.327262 UTC
TXN003640,CUST0053,29.91,0,Low,,,2026-09-17 07:13:11.327262 UTC
TXN003599,CUST0182,8.94,0,Low,,,2026-09-17 07:13:11.327262 UTC
TXN001158,CUST0182,31.8,0,Low,,,2026-09-17 07:13:11.327262 UTC
TXN001050,CUST0182,18.49,0,Low,,,2026-09-17 07:13:11.327262 UTC
TXN002160,CUST0182,17.93,0,Low,,,2026-09-17 07:13:11.327262 UTC
TXN001595,CUST0182,47.35,0,Low,,,2026-09-17 07:13:11.327262 UTC
TXN001259,CUST0182,35.71,0,Low,,,2026-09-17 07:13:11.327262 UTC
TXN000400,CUST0182,62.43,0,Low,,,2026-09-17 07:13:11.327262 UTC
TXN004806,CUST0182,43.53,0,Low,,,2026-09-17 07:13:11.327262 UTC
TXN001357,CUST0182,28.66,0,Low,,,2026-09-17 07:13:11.327262 UTC
TXN000917,CUST0182,29.85,0,Low,,,2026-09-17 07:13:11.327262 UTC
TXN001117,CUST0053,11.29,0,Low,,,2026-09-17 07:13:11.327262 UTC
TXN000888,CUST0053,57.02,0,Low,,,2026-09-17 07:13:11.327262 UTC
TXN003929,CUST0183,8.3,0,Low,,,2026-09-17 07:13:11.327262 UTC
TXN003136,CUST0183,148.2,0,Low,,,2026-09-17 07:13:11.327262 UTC
TXN004209,CUST0183,53.78,0,Low,,,2026-09-17 07:13:11.327262 UTC
TXN002544,CUST0183,45.94,0,Low,,,2026-09-17 07:13:11.327262 UTC
TXN000872,CUST0183,75.77,0,Low,,,2026-09-17 07:13:11.327262 UTC
TXN003162,CUST0183,11.59,0,Low,,,2026-09-17 07:13:11.327262 UTC
TXN004053,CUST0183,57.17,0,Low,,,2026-09-17 07:13:11.327262 UTC
TXN003528,CUST0183,11.27,0,Low,,,2026-09-17 07:13:11.327262 UTC
TXN004446,CUST0183,196.83,0,Low,,,2026-09-17 07:13:11.327262 UTC
TXN002076,CUST0183,181.52,0,Low,,,2026-09-17 07:13:11.327262 UTC
TXN001771,CUST0053,15.74,0,Low,,,2026-09-17 07:13:11.327262 UTC
TXN004085,CUST0184,157.47,0,Low,,,2026-09-17 07:13:11.327262 UTC
TXN000958,CUST0184,12.12,0,Low,,,2026-09-17 07:13:11.327262 UTC
TXN002982,CUST0184,27.2,0,Low,,,2026-09-17 07:13:11.327262 UTC
TXN000093,CUST0184,43.08,0,Low,,,2026-09-17 07:13:11.327262 UTC
TXN002060,CUST0184,152.7,0,Low,,,2026-09-17 07:13:11.327262 UTC
TXN003683,CUST0184,7.9,0,Low,,,2026-09-17 07:13:11.327262 UTC
TXN001470,CUST0184,200.02,0,Low,,,2026-09-17 07:13:11.327262 UTC
TXN001066,CUST0184,56.81,0,Low,,,2026-09-17 07:13:11.327262 UTC
TXN001680,CUST0184,46.96,0,Low,,,2026-09-17 07:13:11.327262 UTC
TXN000897,CUST0184,135.29,0,Low,,,2026-09-17 07:13:11.327262 UTC
TXN004096,CUST0184,51.99,0,Low,,,2026-09-17 07:13:11.327262 UTC
TXN004958,CUST0184,10.97,0,Low,,,2026-09-17 07:13:11.327262 UTC
TXN004880,CUST0053,25.35,0,Low,,,2026-09-17 07:13:11.327262 UTC
TXN004084,CUST0053,193.55,0,Low,,,2026-09-17 07:13:11.327262 UTC
TXN001688,CUST0185,88.85,0,Low,,,2026-09-17 07:13:11.327262 UTC
TXN002824,CUST0185,132.49,0,Low,,,2026-09-17 07:13:11.327262 UTC
TXN003667,CUST0185,139.02,0,Low,,,2026-09-17 07:13:11.327262 UTC
TXN002137,CUST0185,34.73,0,Low,,,2026-09-17 07:13:11.327262 UTC
TXN003761,CUST0185,169.3,0,Low,,,2026-09-17 07:13:11.327262 UTC
TXN000128,CUST0185,62.2,0,Low,,,2026-09-17 07:13:11.327262 UTC
TXN000182,CUST0185,34.03,0,Low,,,2026-09-17 07:13:11.327262 UTC
TXN004590,CUST0185,268.09,0,Low,,,2026-09-17 07:13:11.327262 UTC
TXN002258,CUST0185,372.47,0,Low,,,2026-09-17 07:13:11.327262 UTC
TXN001776,CUST0185,105.98,0,Low,,,2026-09-17 07:13:11.327262 UTC
TXN001402,CUST0185,14.03,0,Low,,,2026-09-17 07:13:11.327262 UTC
TXN003685,CUST0185,145.29,0,Low,,,2026-09-17 07:13:11.327262 UTC
TXN002679,CUST0185,375.7,0,Low,,,2026-09-17 07:13:11.327262 UTC
TXN001449,CUST0185,32.99,0,Low,,,2026-09-17 07:13:11.327262 UTC
TXN002940,CUST0053,33.96,0,Low,,,2026-09-17 07:13:11.327262 UTC
TXN004287,CUST0186,189.4,0,Low,,,2026-09-17 07:13:11.327262 UTC
TXN002578,CUST0186,311.86,0,Low,,,2026-09-17 07:13:11.327262 UTC
TXN001582,CUST0186,24.69,0,Low,,,2026-09-17 07:13:11.327262 UTC
TXN002602,CUST0186,36.74,0,Low,,,2026-09-17 07:13:11.327262 UTC
TXN002592,CUST0186,195.7,0,Low,,,2026-09-17 07:13:11.327262 UTC
TXN003547,CUST0186,247.93,0,Low,,,2026-09-17 07:13:11.327262 UTC
TXN002631,CUST0186,91.83,0,Low,,,2026-09-17 07:13:11.327262 UTC
TXN004606,CUST0186,63.68,0,Low,,,2026-09-17 07:13:11.327262 UTC
TXN002089,CUST0186,33.6,0,Low,,,2026-09-17 07:13:11.327262 UTC
TXN001197,CUST0186,25.02,0,Low,,,2026-09-17 07:13:11.327262 UTC
TXN000077,CUST0186,14.56,0,Low,,,2026-09-17 07:13:11.327262 UTC
TXN003966,CUST0186,14.51,0,Low,,,2026-09-17 07:13:11.327262 UTC
TXN002575,CUST0053,177.47,0,Low,,,2026-09-17 07:13:11.327262 UTC
TXN001555,CUST0053,47.45,0,Low,,,2026-09-17 07:13:11.327262 UTC
TXN004140,CUST0053,286.49,0,Low,,,2026-09-17 07:13:11.327262 UTC
TXN002478,CUST0053,230.25,0,Low,,,2026-09-17 07:13:11.327262 UTC
TXN002911,CUST0052,68.19,0,Low,,,2026-09-17 07:13:11.327262 UTC
TXN000135,CUST0187,100.25,0,Low,,,2026-09-17 07:13:11.327262 UTC
TXN003435,CUST0187,69.38,0,Low,,,2026-09-17 07:13:11.327262 UTC
TXN004913,CUST0187,26.08,0,Low,,,2026-09-17 07:13:11.327262 UTC
TXN001329,CUST0187,8.34,0,Low,,,2026-09-17 07:13:11.327262 UTC
TXN003874,CUST0187,60.15,0,Low,,,2026-09-17 07:13:11.327262 UTC
TXN001803,CUST0187,385.38,0,Low,,,2026-09-17 07:13:11.327262 UTC
TXN000386,CUST0187,97.84,0,Low,,,2026-09-17 07:13:11.327262 UTC
TXN003120,CUST0187,130.07,0,Low,,,2026-09-17 07:13:11.327262 UTC
TXN003625,CUST0052,20.08,0,Low,,,2026-09-17 07:13:11.327262 UTC
TXN002450,CUST0052,46.03,0,Low,,,2026-09-17 07:13:11.327262 UTC
TXN003424,CUST0188,28.8,0,Low,,,2026-09-17 07:13:11.327262 UTC
TXN001273,CUST0188,57.41,0,Low,,,2026-09-17 07:13:11.327262 UTC
TXN001216,CUST0188,17.46,0,Low,,,2026-09-17 07:13:11.327262 UTC
TXN003026,CUST0188,79.41,0,Low,,,2026-09-17 07:13:11.327262 UTC
TXN000127,CUST0188,12.93,0,Low,,,2026-09-17 07:13:11.327262 UTC
TXN003088,CUST0188,20.75,0,Low,,,2026-09-17 07:13:11.327262 UTC
TXN003638,CUST0188,7.94,0,Low,,,2026-09-17 07:13:11.327262 UTC
TXN003907,CUST0188,28.0,0,Low,,,2026-09-17 07:13:11.327262 UTC
TXN003357,CUST0052,13.7,0,Low,,,2026-09-17 07:13:11.327262 UTC
TXN000587,CUST0052,36.43,0,Low,,,2026-09-17 07:13:11.327262 UTC
TXN000508,CUST0052,151.37,0,Low,,,2026-09-17 07:13:11.327262 UTC
TXN004039,CUST0189,151.52,0,Low,,,2026-09-17 07:13:11.327262 UTC
TXN003489,CUST0189,176.67,0,Low,,,2026-09-17 07:13:11.327262 UTC
TXN000048,CUST0189,35.84,0,Low,,,2026-09-17 07:13:11.327262 UTC
TXN001268,CUST0189,179.68,0,Low,,,2026-09-17 07:13:11.327262 UTC
TXN004952,CUST0189,20.34,0,Low,,,2026-09-17 07:13:11.327262 UTC
TXN001605,CUST0052,28.79,0,Low,,,2026-09-17 07:13:11.327262 UTC
TXN002880,CUST0052,30.18,0,Low,,,2026-09-17 07:13:11.327262 UTC
TXN001982,CUST0052,100.63,0,Low,,,2026-09-17 07:13:11.327262 UTC
TXN001075,CUST0052,24.0,0,Low,,,2026-09-17 07:13:11.327262 UTC
TXN003078,CUST0190,126.38,0,Low,,,2026-09-17 07:13:11.327262 UTC
TXN000391,CUST0190,38.11,0,Low,,,2026-09-17 07:13:11.327262 UTC
TXN001331,CUST0190,14.11,0,Low,,,2026-09-17 07:13:11.327262 UTC
TXN000237,CUST0190,10.76,0,Low,,,2026-09-17 07:13:11.327262 UTC
TXN004120,CUST0190,248.53,0,Low,,,2026-09-17 07:13:11.327262 UTC
TXN004112,CUST0190,58.3,0,Low,,,2026-09-17 07:13:11.327262 UTC
TXN001764,CUST0190,24.09,0,Low,,,2026-09-17 07:13:11.327262 UTC
TXN003810,CUST0190,13.04,0,Low,,,2026-09-17 07:13:11.327262 UTC
TXN001364,CUST0190,38.72,0,Low,,,2026-09-17 07:13:11.327262 UTC
TXN002962,CUST0052,76.2,0,Low,,,2026-09-17 07:13:11.327262 UTC
TXN000002,CUST0052,51.05,0,Low,,,2026-09-17 07:13:11.327262 UTC
TXN000496,CUST0051,118.48,0,Low,,,2026-09-17 07:13:11.327262 UTC
TXN002468,CUST0191,49.74,0,Low,,,2026-09-17 07:13:11.327262 UTC
TXN002722,CUST0191,120.76,0,Low,,,2026-09-17 07:13:11.327262 UTC
TXN001992,CUST0191,327.97,0,Low,,,2026-09-17 07:13:11.327262 UTC
TXN004948,CUST0191,141.17,0,Low,,,2026-09-17 07:13:11.327262 UTC
TXN000627,CUST0191,100.91,0,Low,,,2026-09-17 07:13:11.327262 UTC
TXN004397,CUST0191,23.94,0,Low,,,2026-09-17 07:13:11.327262 UTC
TXN001157,CUST0191,47.94,0,Low,,,2026-09-17 07:13:11.327262 UTC
TXN000564,CUST0191,161.47,0,Low,,,2026-09-17 07:13:11.327262 UTC
TXN004280,CUST0051,158.92,0,Low,,,2026-09-17 07:13:11.327262 UTC
TXN003772,CUST0051,27.51,0,Low,,,2026-09-17 07:13:11.327262 UTC
TXN000673,CUST0051,386.38,0,Low,,,2026-09-17 07:13:11.327262 UTC
TXN000298,CUST0192,17.66,0,Low,,,2026-09-17 07:13:11.327262 UTC
TXN002689,CUST0192,51.06,0,Low,,,2026-09-17 07:13:11.327262 UTC
TXN003152,CUST0192,35.41,0,Low,,,2026-09-17 07:13:11.327262 UTC
TXN000869,CUST0192,12.33,0,Low,,,2026-09-17 07:13:11.327262 UTC
TXN001916,CUST0192,28.98,0,Low,,,2026-09-17 07:13:11.327262 UTC
TXN002810,CUST0050,41.11,0,Low,,,2026-09-17 07:13:11.327262 UTC
TXN002870,CUST0050,401.64,0,Low,,,2026-09-17 07:13:11.327262 UTC
TXN002572,CUST0050,45.42,0,Low,,,2026-09-17 07:13:11.327262 UTC
TXN004352,CUST0193,21.36,0,Low,,,2026-09-17 07:13:11.327262 UTC
TXN000816,CUST0193,9.79,0,Low,,,2026-09-17 07:13:11.327262 UTC
TXN004178,CUST0193,12.63,0,Low,,,2026-09-17 07:13:11.327262 UTC
TXN000432,CUST0193,8.86,0,Low,,,2026-09-17 07:13:11.327262 UTC
TXN002281,CUST0193,51.03,0,Low,,,2026-09-17 07:13:11.327262 UTC
TXN003264,CUST0193,17.92,0,Low,,,2026-09-17 07:13:11.327262 UTC
TXN002957,CUST0193,21.49,0,Low,,,2026-09-17 07:13:11.327262 UTC
TXN002387,CUST0193,149.89,0,Low,,,2026-09-17 07:13:11.327262 UTC
TXN003947,CUST0193,72.95,0,Low,,,2026-09-17 07:13:11.327262 UTC
TXN004296,CUST0050,10.19,0,Low,,,2026-09-17 07:13:11.327262 UTC
TXN004977,CUST0050,383.71,0,Low,,,2026-09-17 07:13:11.327262 UTC
TXN002212,CUST0050,125.82,0,Low,,,2026-09-17 07:13:11.327262 UTC
TXN003071,CUST0194,230.4,0,Low,,,2026-09-17 07:13:11.327262 UTC
TXN001012,CUST0194,54.39,0,Low,,,2026-09-17 07:13:11.327262 UTC
TXN001134,CUST0194,31.29,0,Low,,,2026-09-17 07:13:11.327262 UTC
TXN001267,CUST0194,17.92,0,Low,,,2026-09-17 07:13:11.327262 UTC
TXN003444,CUST0194,18.17,0,Low,,,2026-09-17 07:13:11.327262 UTC
TXN001031,CUST0194,156.36,0,Low,,,2026-09-17 07:13:11.327262 UTC
TXN003481,CUST0194,224.37,0,Low,,,2026-09-17 07:13:11.327262 UTC
TXN000911,CUST0194,283.18,0,Low,,,2026-09-17 07:13:11.327262 UTC
TXN002154,CUST0194,177.16,0,Low,,,2026-09-17 07:13:11.327262 UTC
TXN003532,CUST0194,171.4,0,Low,,,2026-09-17 07:13:11.327262 UTC
TXN002588,CUST0194,23.67,0,Low,,,2026-09-17 07:13:11.327262 UTC
TXN001709,CUST0194,291.57,0,Low,,,2026-09-17 07:13:11.327262 UTC
TXN003671,CUST0050,115.56,0,Low,,,2026-09-17 07:13:11.327262 UTC
TXN001231,CUST0195,118.48,0,Low,,,2026-09-17 07:13:11.327262 UTC
TXN004312,CUST0195,13.71,0,Low,,,2026-09-17 07:13:11.327262 UTC
TXN001362,CUST0195,60.88,0,Low,,,2026-09-17 07:13:11.327262 UTC
TXN001785,CUST0195,51.6,0,Low,,,2026-09-17 07:13:11.327262 UTC
TXN001051,CUST0195,288.77,0,Low,,,2026-09-17 07:13:11.327262 UTC
TXN003252,CUST0195,67.79,0,Low,,,2026-09-17 07:13:11.327262 UTC
TXN004659,CUST0195,149.84,0,Low,,,2026-09-17 07:13:11.327262 UTC
TXN001869,CUST0195,35.04,0,Low,,,2026-09-17 07:13:11.327262 UTC
TXN001873,CUST0195,95.36,0,Low,,,2026-09-17 07:13:11.327262 UTC
TXN004150,CUST0195,9.13,0,Low,,,2026-09-17 07:13:11.327262 UTC
TXN001420,CUST0050,48.6,0,Low,,,2026-09-17 07:13:11.327262 UTC
TXN000072,CUST0050,142.54,0,Low,,,2026-09-17 07:13:11.327262 UTC
TXN001743,CUST0196,89.15,0,Low,,,2026-09-17 07:13:11.327262 UTC
TXN002352,CUST0196,358.23,0,Low,,,2026-09-17 07:13:11.327262 UTC
TXN003691,CUST0196,31.94,0,Low,,,2026-09-17 07:13:11.327262 UTC
TXN003022,CUST0196,26.57,0,Low,,,2026-09-17 07:13:11.327262 UTC
TXN000835,CUST0196,224.08,0,Low,,,2026-09-17 07:13:11.327262 UTC
TXN003969,CUST0196,148.35,0,Low,,,2026-09-17 07:13:11.327262 UTC
TXN001219,CUST0196,7.44,0,Low,,,2026-09-17 07:13:11.327262 UTC
TXN000670,CUST0196,19.96,0,Low,,,2026-09-17 07:13:11.327262 UTC
TXN000777,CUST0196,305.31,0,Low,,,2026-09-17 07:13:11.327262 UTC
TXN003690,CUST0196,94.98,0,Low,,,2026-09-17 07:13:11.327262 UTC
TXN002088,CUST0196,15.75,0,Low,,,2026-09-17 07:13:11.327262 UTC
TXN001101,CUST0196,38.36,0,Low,,,2026-09-17 07:13:11.327262 UTC
TXN002670,CUST0050,138.49,0,Low,,,2026-09-17 07:13:11.327262 UTC
TXN003526,CUST0197,48.95,0,Low,,,2026-09-17 07:13:11.327262 UTC
TXN003894,CUST0197,110.88,0,Low,,,2026-09-17 07:13:11.327262 UTC
TXN004637,CUST0197,12.0,0,Low,,,2026-09-17 07:13:11.327262 UTC
TXN000415,CUST0197,75.48,0,Low,,,2026-09-17 07:13:11.327262 UTC
TXN003102,CUST0197,59.99,0,Low,,,2026-09-17 07:13:11.327262 UTC
TXN000419,CUST0197,35.8,0,Low,,,2026-09-17 07:13:11.327262 UTC
TXN001487,CUST0197,31.17,0,Low,,,2026-09-17 07:13:11.327262 UTC
TXN001883,CUST0050,284.01,0,Low,,,2026-09-17 07:13:11.327262 UTC
TXN001632,CUST0049,26.16,0,Low,,,2026-09-17 07:13:11.327262 UTC
TXN001587,CUST0198,8.08,0,Low,,,2026-09-17 07:13:11.327262 UTC
TXN001690,CUST0198,131.13,0,Low,,,2026-09-17 07:13:11.327262 UTC
TXN001847,CUST0198,149.43,0,Low,,,2026-09-17 07:13:11.327262 UTC
TXN002364,CUST0198,23.68,0,Low,,,2026-09-17 07:13:11.327262 UTC
TXN004247,CUST0198,167.17,0,Low,,,2026-09-17 07:13:11.327262 UTC
TXN003062,CUST0198,88.68,0,Low,,,2026-09-17 07:13:11.327262 UTC
TXN001503,CUST0198,28.55,0,Low,,,2026-09-17 07:13:11.327262 UTC
TXN002158,CUST0198,196.33,0,Low,,,2026-09-17 07:13:11.327262 UTC
TXN004391,CUST0198,18.63,0,Low,,,2026-09-17 07:13:11.327262 UTC
TXN003829,CUST0049,190.61,0,Low,,,2026-09-17 07:13:11.327262 UTC
TXN003207,CUST0049,144.77,0,Low,,,2026-09-17 07:13:11.327262 UTC
TXN004787,CUST0199,34.82,0,Low,,,2026-09-17 07:13:11.327262 UTC
TXN004746,CUST0199,26.74,0,Low,,,2026-09-17 07:13:11.327262 UTC
TXN003933,CUST0199,28.8,0,Low,,,2026-09-17 07:13:11.327262 UTC
TXN003057,CUST0199,11.2,0,Low,,,2026-09-17 07:13:11.327262 UTC
TXN003490,CUST0199,51.44,0,Low,,,2026-09-17 07:13:11.327262 UTC
TXN002049,CUST0199,180.53,0,Low,,,2026-09-17 07:13:11.327262 UTC
TXN004173,CUST0199,8.3,0,Low,,,2026-09-17 07:13:11.327262 UTC
TXN001945,CUST0199,15.92,0,Low,,,2026-09-17 07:13:11.327262 UTC
TXN001710,CUST0199,7.99,0,Low,,,2026-09-17 07:13:11.327262 UTC
TXN003862,CUST0199,41.15,0,Low,,,2026-09-17 07:13:11.327262 UTC
TXN000789,CUST0199,27.12,0,Low,,,2026-09-17 07:13:11.327262 UTC
TXN000010,CUST0001,17.93,0,Low,,,2026-09-17 07:13:11.327262 UTC
TXN002277,CUST0049,226.66,0,Low,,,2026-09-17 07:13:11.327262 UTC
TXN000672,CUST0199,33.32,0,Low,,,2026-09-17 07:13:11.327262 UTC
TXN003744,CUST0199,15.78,0,Low,,,2026-09-17 07:13:11.327262 UTC
TXN004282,CUST0048,37.21,0,Low,,,2026-09-17 07:13:11.327262 UTC
TXN000006,CUST0048,112.58,0,Low,,,2026-09-17 07:13:11.327262 UTC
TXN001792,CUST0048,9.38,0,Low,,,2026-09-17 07:13:11.327262 UTC
TXN003538,CUST0048,61.82,0,Low,,,2026-09-17 07:13:11.327262 UTC
TXN001681,CUST0200,18.01,0,Low,,,2026-09-17 07:13:11.327262 UTC
TXN001486,CUST0200,201.28,0,Low,,,2026-09-17 07:13:11.327262 UTC
TXN000137,CUST0200,7.88,0,Low,,,2026-09-17 07:13:11.327262 UTC
TXN003149,CUST0200,121.37,0,Low,,,2026-09-17 07:13:11.327262 UTC
TXN000511,CUST0200,44.11,0,Low,,,2026-09-17 07:13:11.327262 UTC
TXN004224,CUST0200,98.7,0,Low,,,2026-09-17 07:13:11.327262 UTC
TXN001884,CUST0200,21.65,0,Low,,,2026-09-17 07:13:11.327262 UTC
TXN004652,CUST0200,90.79,0,Low,,,2026-09-17 07:13:11.327262 UTC
TXN001459,CUST0200,187.11,0,Low,,,2026-09-17 07:13:11.327262 UTC
TXN003756,CUST0200,8.49,0,Low,,,2026-09-17 07:13:11.327262 UTC
TXN004919,CUST0200,357.52,0,Low,,,2026-09-17 07:13:11.327262 UTC
TXN003046,CUST0200,271.81,0,Low,,,2026-09-17 07:13:11.327262 UTC
TXN000094,CUST0200,35.26,0,Low,,,2026-09-17 07:13:11.327262 UTC
TXN004675,CUST0200,17.99,0,Low,,,2026-09-17 07:13:11.327262 UTC
TXN000131,CUST0048,68.63,0,Low,,,2026-09-17 07:13:11.327262 UTC
TXN004833,CUST0201,53.15,0,Low,,,2026-09-17 07:13:11.327262 UTC
TXN003997,CUST0201,15.08,0,Low,,,2026-09-17 07:13:11.327262 UTC
TXN000117,CUST0201,74.99,0,Low,,,2026-09-17 07:13:11.327262 UTC
TXN002048,CUST0048,56.85,0,Low,,,2026-09-17 07:13:11.327262 UTC
TXN000088,CUST0048,20.7,0,Low,,,2026-09-17 07:13:11.327262 UTC
TXN000007,CUST0202,151.58,0,Low,,,2026-09-17 07:13:11.327262 UTC
TXN001531,CUST0202,42.7,0,Low,,,2026-09-17 07:13:11.327262 UTC
TXN000928,CUST0202,68.0,0,Low,,,2026-09-17 07:13:11.327262 UTC
TXN002439,CUST0202,46.82,0,Low,,,2026-09-17 07:13:11.327262 UTC
TXN000403,CUST0202,48.88,0,Low,,,2026-09-17 07:13:11.327262 UTC
TXN002498,CUST0048,59.1,0,Low,,,2026-09-17 07:13:11.327262 UTC
TXN004526,CUST0203,30.01,0,Low,,,2026-09-17 07:13:11.327262 UTC
TXN001630,CUST0203,14.94,0,Low,,,2026-09-17 07:13:11.327262 UTC
TXN004868,CUST0203,18.02,0,Low,,,2026-09-17 07:13:11.327262 UTC
TXN000192,CUST0203,178.62,0,Low,,,2026-09-17 07:13:11.327262 UTC
TXN000637,CUST0203,185.83,0,Low,,,2026-09-17 07:13:11.327262 UTC
TXN004357,CUST0203,29.54,0,Low,,,2026-09-17 07:13:11.327262 UTC
TXN003130,CUST0203,26.54,0,Low,,,2026-09-17 07:13:11.327262 UTC
TXN004846,CUST0047,37.54,0,Low,,,2026-09-17 07:13:11.327262 UTC
TXN004309,CUST0047,60.86,0,Low,,,2026-09-17 07:13:11.327262 UTC
TXN000486,CUST0047,13.79,0,Low,,,2026-09-17 07:13:11.327262 UTC
TXN003655,CUST0204,207.34,0,Low,,,2026-09-17 07:13:11.327262 UTC
TXN000625,CUST0204,47.62,0,Low,,,2026-09-17 07:13:11.327262 UTC
TXN000313,CUST0204,18.56,0,Low,,,2026-09-17 07:13:11.327262 UTC
TXN004139,CUST0204,99.04,0,Low,,,2026-09-17 07:13:11.327262 UTC
TXN004887,CUST0204,101.09,0,Low,,,2026-09-17 07:13:11.327262 UTC
TXN004702,CUST0204,71.29,0,Low,,,2026-09-17 07:13:11.327262 UTC
TXN002083,CUST0204,88.35,0,Low,,,2026-09-17 07:13:11.327262 UTC
TXN002639,CUST0204,25.26,0,Low,,,2026-09-17 07:13:11.327262 UTC
TXN004824,CUST0204,147.13,0,Low,,,2026-09-17 07:13:11.327262 UTC
TXN000973,CUST0204,18.36,0,Low,,,2026-09-17 07:13:11.327262 UTC
TXN001245,CUST0204,31.59,0,Low,,,2026-09-17 07:13:11.327262 UTC
TXN004597,CUST0204,196.95,0,Low,,,2026-09-17 07:13:11.327262 UTC
TXN002201,CUST0047,7.98,0,Low,,,2026-09-17 07:13:11.327262 UTC
TXN001346,CUST0205,14.81,0,Low,,,2026-09-17 07:13:11.327262 UTC
TXN001628,CUST0205,130.05,0,Low,,,2026-09-17 07:13:11.327262 UTC
TXN003272,CUST0205,58.65,0,Low,,,2026-09-17 07:13:11.327262 UTC
TXN004969,CUST0205,309.9,0,Low,,,2026-09-17 07:13:11.327262 UTC
TXN004393,CUST0205,13.22,0,Low,,,2026-09-17 07:13:11.327262 UTC
TXN002292,CUST0205,206.92,0,Low,,,2026-09-17 07:13:11.327262 UTC
TXN003402,CUST0205,54.96,0,Low,,,2026-09-17 07:13:11.327262 UTC
TXN001047,CUST0205,173.75,0,Low,,,2026-09-17 07:13:11.327262 UTC
TXN003017,CUST0047,13.43,0,Low,,,2026-09-17 07:13:11.327262 UTC
TXN002391,CUST0047,58.22,0,Low,,,2026-09-17 07:13:11.327262 UTC
TXN001011,CUST0047,7.75,0,Low,,,2026-09-17 07:13:11.327262 UTC
TXN000543,CUST0206,357.78,0,Low,,,2026-09-17 07:13:11.327262 UTC
TXN000787,CUST0206,9.95,0,Low,,,2026-09-17 07:13:11.327262 UTC
TXN003451,CUST0206,109.51,0,Low,,,2026-09-17 07:13:11.327262 UTC
TXN001576,CUST0206,233.41,0,Low,,,2026-09-17 07:13:11.327262 UTC
TXN004031,CUST0206,374.55,0,Low,,,2026-09-17 07:13:11.327262 UTC
TXN004791,CUST0206,112.66,0,Low,,,2026-09-17 07:13:11.327262 UTC
TXN000600,CUST0206,30.36,0,Low,,,2026-09-17 07:13:11.327262 UTC
TXN002819,CUST0206,73.87,0,Low,,,2026-09-17 07:13:11.327262 UTC
TXN001739,CUST0206,109.71,0,Low,,,2026-09-17 07:13:11.327262 UTC
TXN003542,CUST0206,17.91,0,Low,,,2026-09-17 07:13:11.327262 UTC
TXN001018,CUST0047,22.72,0,Low,,,2026-09-17 07:13:11.327262 UTC
TXN003983,CUST0207,39.93,0,Low,,,2026-09-17 07:13:11.327262 UTC
TXN002609,CUST0207,89.58,0,Low,,,2026-09-17 07:13:11.327262 UTC
TXN004621,CUST0207,35.64,0,Low,,,2026-09-17 07:13:11.327262 UTC
TXN003746,CUST0207,210.99,0,Low,,,2026-09-17 07:13:11.327262 UTC
TXN002307,CUST0207,40.07,0,Low,,,2026-09-17 07:13:11.327262 UTC
TXN004545,CUST0207,165.77,0,Low,,,2026-09-17 07:13:11.327262 UTC
TXN002831,CUST0207,25.04,0,Low,,,2026-09-17 07:13:11.327262 UTC
TXN001496,CUST0207,26.35,0,Low,,,2026-09-17 07:13:11.327262 UTC
TXN003061,CUST0207,33.93,0,Low,,,2026-09-17 07:13:11.327262 UTC
TXN003086,CUST0207,32.53,0,Low,,,2026-09-17 07:13:11.327262 UTC
TXN003075,CUST0047,78.25,0,Low,,,2026-09-17 07:13:11.327262 UTC
TXN000014,CUST0208,157.58,0,Low,,,2026-09-17 07:13:11.327262 UTC
TXN001984,CUST0208,241.47,0,Low,,,2026-09-17 07:13:11.327262 UTC
TXN002112,CUST0208,91.54,0,Low,,,2026-09-17 07:13:11.327262 UTC
TXN003111,CUST0208,138.27,0,Low,,,2026-09-17 07:13:11.327262 UTC
TXN004358,CUST0208,7.84,0,Low,,,2026-09-17 07:13:11.327262 UTC
TXN001168,CUST0208,378.07,0,Low,,,2026-09-17 07:13:11.327262 UTC
TXN004275,CUST0208,11.08,0,Low,,,2026-09-17 07:13:11.327262 UTC
TXN003988,CUST0208,95.82,0,Low,,,2026-09-17 07:13:11.327262 UTC
TXN004921,CUST0208,109.78,0,Low,,,2026-09-17 07:13:11.327262 UTC
TXN002795,CUST0046,78.12,0,Low,,,2026-09-17 07:13:11.327262 UTC
TXN002077,CUST0046,14.93,0,Low,,,2026-09-17 07:13:11.327262 UTC
TXN000851,CUST0209,17.99,0,Low,,,2026-09-17 07:13:11.327262 UTC
TXN002497,CUST0209,311.19,0,Low,,,2026-09-17 07:13:11.327262 UTC
TXN001837,CUST0209,38.62,0,Low,,,2026-09-17 07:13:11.327262 UTC
TXN002745,CUST0209,16.58,0,Low,,,2026-09-17 07:13:11.327262 UTC
TXN002774,CUST0209,254.75,0,Low,,,2026-09-17 07:13:11.327262 UTC
TXN003214,CUST0209,72.02,0,Low,,,2026-09-17 07:13:11.327262 UTC
TXN002266,CUST0209,91.04,0,Low,,,2026-09-17 07:13:11.327262 UTC
TXN001099,CUST0209,154.21,0,Low,,,2026-09-17 07:13:11.327262 UTC
TXN000351,CUST0209,31.12,0,Low,,,2026-09-17 07:13:11.327262 UTC
TXN004814,CUST0209,394.06,0,Low,,,2026-09-17 07:13:11.327262 UTC
TXN004772,CUST0209,113.84,0,Low,,,2026-09-17 07:13:11.327262 UTC
TXN003302,CUST0209,279.93,0,Low,,,2026-09-17 07:13:11.327262 UTC
TXN003131,CUST0046,276.06,0,Low,,,2026-09-17 07:13:11.327262 UTC
TXN001007,CUST0046,7.86,0,Low,,,2026-09-17 07:13:11.327262 UTC
TXN002692,CUST0046,34.18,0,Low,,,2026-09-17 07:13:11.327262 UTC
TXN004162,CUST0046,92.99,0,Low,,,2026-09-17 07:13:11.327262 UTC
TXN001747,CUST0210,37.59,0,Low,,,2026-09-17 07:13:11.327262 UTC
TXN002033,CUST0210,35.99,0,Low,,,2026-09-17 07:13:11.327262 UTC
TXN002525,CUST0210,37.55,0,Low,,,2026-09-17 07:13:11.327262 UTC
TXN002170,CUST0210,13.3,0,Low,,,2026-09-17 07:13:11.327262 UTC
TXN003801,CUST0210,125.61,0,Low,,,2026-09-17 07:13:11.327262 UTC
TXN003187,CUST0210,11.13,0,Low,,,2026-09-17 07:13:11.327262 UTC
TXN003911,CUST0210,9.54,0,Low,,,2026-09-17 07:13:11.327262 UTC
TXN003832,CUST0210,172.49,0,Low,,,2026-09-17 07:13:11.327262 UTC
TXN002896,CUST0210,38.47,0,Low,,,2026-09-17 07:13:11.327262 UTC
TXN000289,CUST0046,18.82,0,Low,,,2026-09-17 07:13:11.327262 UTC
TXN003238,CUST0046,33.38,0,Low,,,2026-09-17 07:13:11.327262 UTC
TXN003410,CUST0211,25.51,0,Low,,,2026-09-17 07:13:11.327262 UTC
TXN001104,CUST0211,8.51,0,Low,,,2026-09-17 07:13:11.327262 UTC
TXN001705,CUST0211,13.7,0,Low,,,2026-09-17 07:13:11.327262 UTC
TXN004141,CUST0211,33.73,0,Low,,,2026-09-17 07:13:11.327262 UTC
TXN002723,CUST0211,29.68,0,Low,,,2026-09-17 07:13:11.327262 UTC
TXN003327,CUST0211,7.74,0,Low,,,2026-09-17 07:13:11.327262 UTC
TXN000845,CUST0211,225.98,0,Low,,,2026-09-17 07:13:11.327262 UTC
TXN001621,CUST0211,297.41,0,Low,,,2026-09-17 07:13:11.327262 UTC
TXN000153,CUST0211,289.61,0,Low,,,2026-09-17 07:13:11.327262 UTC
TXN001738,CUST0211,20.03,0,Low,,,2026-09-17 07:13:11.327262 UTC
TXN003868,CUST0046,234.05,0,Low,,,2026-09-17 07:13:11.327262 UTC
TXN001784,CUST0046,57.38,0,Low,,,2026-09-17 07:13:11.327262 UTC
TXN001653,CUST0212,50.43,0,Low,,,2026-09-17 07:13:11.327262 UTC
TXN000446,CUST0212,13.42,0,Low,,,2026-09-17 07:13:11.327262 UTC
TXN000464,CUST0212,21.5,0,Low,,,2026-09-17 07:13:11.327262 UTC
TXN002297,CUST0212,8.87,0,Low,,,2026-09-17 07:13:11.327262 UTC
TXN003798,CUST0212,367.27,0,Low,,,2026-09-17 07:13:11.327262 UTC
TXN004646,CUST0212,167.62,0,Low,,,2026-09-17 07:13:11.327262 UTC
TXN004861,CUST0212,65.92,0,Low,,,2026-09-17 07:13:11.327262 UTC
TXN000207,CUST0212,7.46,0,Low,,,2026-09-17 07:13:11.327262 UTC
TXN002918,CUST0212,12.82,0,Low,,,2026-09-17 07:13:11.327262 UTC
TXN001202,CUST0212,318.27,0,Low,,,2026-09-17 07:13:11.327262 UTC
TXN003400,CUST0212,325.97,0,Low,,,2026-09-17 07:13:11.327262 UTC
TXN003206,CUST0212,161.03,0,Low,,,2026-09-17 07:13:11.327262 UTC
TXN000097,CUST0212,134.1,0,Low,,,2026-09-17 07:13:11.327262 UTC
TXN004881,CUST0212,34.94,0,Low,,,2026-09-17 07:13:11.327262 UTC
TXN000613,CUST0212,33.29,0,Low,,,2026-09-17 07:13:11.327262 UTC
TXN002081,CUST0212,14.03,0,Low,,,2026-09-17 07:13:11.327262 UTC
TXN000291,CUST0212,21.4,0,Low,,,2026-09-17 07:13:11.327262 UTC
TXN003821,CUST0213,9.87,0,Low,,,2026-09-17 07:13:11.327262 UTC
TXN000666,CUST0213,51.88,0,Low,,,2026-09-17 07:13:11.327262 UTC
TXN000245,CUST0213,94.87,0,Low,,,2026-09-17 07:13:11.327262 UTC
TXN000484,CUST0213,15.07,0,Low,,,2026-09-17 07:13:11.327262 UTC
TXN003754,CUST0213,33.75,0,Low,,,2026-09-17 07:13:11.327262 UTC
TXN001257,CUST0213,74.94,0,Low,,,2026-09-17 07:13:11.327262 UTC
TXN001683,CUST0213,19.96,0,Low,,,2026-09-17 07:13:11.327262 UTC
TXN004889,CUST0213,35.22,0,Low,,,2026-09-17 07:13:11.327262 UTC
TXN001756,CUST0213,15.64,0,Low,,,2026-09-17 07:13:11.327262 UTC
TXN000636,CUST0213,202.12,0,Low,,,2026-09-17 07:13:11.327262 UTC
TXN000057,CUST0213,22.8,0,Low,,,2026-09-17 07:13:11.327262 UTC
TXN004982,CUST0046,259.78,0,Low,,,2026-09-17 07:13:11.327262 UTC
TXN002846,CUST0046,52.61,0,Low,,,2026-09-17 07:13:11.327262 UTC
TXN002388,CUST0214,52.72,0,Low,,,2026-09-17 07:13:11.327262 UTC
TXN002173,CUST0214,253.17,0,Low,,,2026-09-17 07:13:11.327262 UTC
TXN003621,CUST0214,16.84,0,Low,,,2026-09-17 07:13:11.327262 UTC
TXN003001,CUST0214,157.82,0,Low,,,2026-09-17 07:13:11.327262 UTC
TXN003375,CUST0214,16.6,0,Low,,,2026-09-17 07:13:11.327262 UTC
TXN000452,CUST0214,131.71,0,Low,,,2026-09-17 07:13:11.327262 UTC
TXN002438,CUST0214,136.32,0,Low,,,2026-09-17 07:13:11.327262 UTC
TXN001976,CUST0046,30.32,0,Low,,,2026-09-17 07:13:11.327262 UTC
TXN002742,CUST0046,79.3,0,Low,,,2026-09-17 07:13:11.327262 UTC
TXN003918,CUST0046,323.87,0,Low,,,2026-09-17 07:13:11.327262 UTC
TXN004765,CUST0046,156.34,0,Low,,,2026-09-17 07:13:11.327262 UTC
TXN001339,CUST0046,61.08,0,Low,,,2026-09-17 07:13:11.327262 UTC
TXN000970,CUST0215,83.51,0,Low,,,2026-09-17 07:13:11.327262 UTC
TXN000638,CUST0215,13.13,0,Low,,,2026-09-17 07:13:11.327262 UTC
TXN001458,CUST0215,326.3,0,Low,,,2026-09-17 07:13:11.327262 UTC
TXN003986,CUST0215,116.55,0,Low,,,2026-09-17 07:13:11.327262 UTC
TXN003368,CUST0215,8.85,0,Low,,,2026-09-17 07:13:11.327262 UTC
TXN000944,CUST0215,7.95,0,Low,,,2026-09-17 07:13:11.327262 UTC
TXN001538,CUST0215,344.2,0,Low,,,2026-09-17 07:13:11.327262 UTC
TXN001677,CUST0046,47.25,0,Low,,,2026-09-17 07:13:11.327262 UTC
TXN000152,CUST0046,308.91,0,Low,,,2026-09-17 07:13:11.327262 UTC
TXN002133,CUST0045,9.79,0,Low,,,2026-09-17 07:13:11.327262 UTC
TXN001016,CUST0045,26.7,0,Low,,,2026-09-17 07:13:11.327262 UTC
TXN000943,CUST0216,18.87,0,Low,,,2026-09-17 07:13:11.327262 UTC
TXN000427,CUST0216,213.41,0,Low,,,2026-09-17 07:13:11.327262 UTC
TXN004654,CUST0216,16.91,0,Low,,,2026-09-17 07:13:11.327262 UTC
TXN004624,CUST0216,8.36,0,Low,,,2026-09-17 07:13:11.327262 UTC
TXN004515,CUST0216,41.22,0,Low,,,2026-09-17 07:13:11.327262 UTC
TXN001821,CUST0216,129.63,0,Low,,,2026-09-17 07:13:11.327262 UTC
TXN004533,CUST0216,19.28,0,Low,,,2026-09-17 07:13:11.327262 UTC
TXN002779,CUST0216,35.17,0,Low,,,2026-09-17 07:13:11.327262 UTC
TXN003949,CUST0216,139.12,0,Low,,,2026-09-17 07:13:11.327262 UTC
TXN004897,CUST0216,58.02,0,Low,,,2026-09-17 07:13:11.327262 UTC
TXN000372,CUST0045,152.41,0,Low,,,2026-09-17 07:13:11.327262 UTC
TXN002708,CUST0045,11.99,0,Low,,,2026-09-17 07:13:11.327262 UTC
TXN003846,CUST0045,12.19,0,Low,,,2026-09-17 07:13:11.327262 UTC
TXN001966,CUST0045,53.46,0,Low,,,2026-09-17 07:13:11.327262 UTC
TXN004961,CUST0217,40.93,0,Low,,,2026-09-17 07:13:11.327262 UTC
TXN002384,CUST0217,10.58,0,Low,,,2026-09-17 07:13:11.327262 UTC
TXN001262,CUST0217,8.56,0,Low,,,2026-09-17 07:13:11.327262 UTC
TXN004809,CUST0217,94.48,0,Low,,,2026-09-17 07:13:11.327262 UTC
TXN002043,CUST0217,297.74,0,Low,,,2026-09-17 07:13:11.327262 UTC
TXN001749,CUST0217,35.74,0,Low,,,2026-09-17 07:13:11.327262 UTC
TXN004556,CUST0217,126.48,0,Low,,,2026-09-17 07:13:11.327262 UTC
TXN003704,CUST0045,36.13,0,Low,,,2026-09-17 07:13:11.327262 UTC
TXN002976,CUST0045,108.99,0,Low,,,2026-09-17 07:13:11.327262 UTC
TXN002344,CUST0045,10.82,0,Low,,,2026-09-17 07:13:11.327262 UTC
TXN003101,CUST0218,68.03,0,Low,,,2026-09-17 07:13:11.327262 UTC
TXN004845,CUST0218,20.24,0,Low,,,2026-09-17 07:13:11.327262 UTC
TXN000916,CUST0218,295.06,0,Low,,,2026-09-17 07:13:11.327262 UTC
TXN004151,CUST0218,81.24,0,Low,,,2026-09-17 07:13:11.327262 UTC
TXN000713,CUST0218,88.74,0,Low,,,2026-09-17 07:13:11.327262 UTC
TXN003105,CUST0218,157.76,0,Low,,,2026-09-17 07:13:11.327262 UTC
TXN004985,CUST0218,16.16,0,Low,,,2026-09-17 07:13:11.327262 UTC
TXN004609,CUST0218,29.86,0,Low,,,2026-09-17 07:13:11.327262 UTC
TXN003267,CUST0218,399.36,0,Low,,,2026-09-17 07:13:11.327262 UTC
TXN001324,CUST0218,105.35,0,Low,,,2026-09-17 07:13:11.327262 UTC
TXN004997,CUST0218,18.37,0,Low,,,2026-09-17 07:13:11.327262 UTC
TXN000781,CUST0218,15.41,0,Low,,,2026-09-17 07:13:11.327262 UTC
TXN004644,CUST0218,7.66,0,Low,,,2026-09-17 07:13:11.327262 UTC
TXN002868,CUST0218,61.71,0,Low,,,2026-09-17 07:13:11.327262 UTC
TXN000040,CUST0218,25.24,0,Low,,,2026-09-17 07:13:11.327262 UTC
TXN001244,CUST0045,26.17,0,Low,,,2026-09-17 07:13:11.327262 UTC
TXN002429,CUST0044,140.43,0,Low,,,2026-09-17 07:13:11.327262 UTC
TXN000244,CUST0219,10.68,0,Low,,,2026-09-17 07:13:11.327262 UTC
TXN000529,CUST0219,339.87,0,Low,,,2026-09-17 07:13:11.327262 UTC
TXN000353,CUST0219,19.73,0,Low,,,2026-09-17 07:13:11.327262 UTC
TXN000208,CUST0219,112.44,0,Low,,,2026-09-17 07:13:11.327262 UTC
TXN003816,CUST0219,69.81,0,Low,,,2026-09-17 07:13:11.327262 UTC
TXN001308,CUST0219,155.46,0,Low,,,2026-09-17 07:13:11.327262 UTC
TXN000720,CUST0219,62.4,0,Low,,,2026-09-17 07:13:11.327262 UTC
TXN003125,CUST0219,74.18,0,Low,,,2026-09-17 07:13:11.327262 UTC
TXN003596,CUST0219,69.72,0,Low,,,2026-09-17 07:13:11.327262 UTC
TXN000490,CUST0219,70.07,0,Low,,,2026-09-17 07:13:11.327262 UTC
TXN004153,CUST0219,192.49,0,Low,,,2026-09-17 07:13:11.327262 UTC
TXN000850,CUST0044,59.04,0,Low,,,2026-09-17 07:13:11.327262 UTC
TXN002912,CUST0044,123.98,0,Low,,,2026-09-17 07:13:11.327262 UTC
TXN002278,CUST0044,17.88,0,Low,,,2026-09-17 07:13:11.327262 UTC
TXN003433,CUST0220,129.51,0,Low,,,2026-09-17 07:13:11.327262 UTC
TXN002791,CUST0220,246.56,0,Low,,,2026-09-17 07:13:11.327262 UTC
TXN004941,CUST0220,12.37,0,Low,,,2026-09-17 07:13:11.327262 UTC
TXN004201,CUST0220,10.08,0,Low,,,2026-09-17 07:13:11.327262 UTC
TXN000280,CUST0220,17.48,0,Low,,,2026-09-17 07:13:11.327262 UTC
TXN003964,CUST0220,121.99,0,Low,,,2026-09-17 07:13:11.327262 UTC
TXN003181,CUST0220,167.26,0,Low,,,2026-09-17 07:13:11.327262 UTC
TXN001088,CUST0220,80.12,0,Low,,,2026-09-17 07:13:11.327262 UTC
TXN000907,CUST0220,12.48,0,Low,,,2026-09-17 07:13:11.327262 UTC
TXN003217,CUST0044,222.25,0,Low,,,2026-09-17 07:13:11.327262 UTC
TXN002756,CUST0044,69.15,0,Low,,,2026-09-17 07:13:11.327262 UTC
TXN000998,CUST0221,11.32,0,Low,,,2026-09-17 07:13:11.327262 UTC
TXN003398,CUST0221,36.98,0,Low,,,2026-09-17 07:13:11.327262 UTC
TXN002424,CUST0221,89.57,0,Low,,,2026-09-17 07:13:11.327262 UTC
TXN003939,CUST0221,24.77,0,Low,,,2026-09-17 07:13:11.327262 UTC
TXN002885,CUST0221,28.94,0,Low,,,2026-09-17 07:13:11.327262 UTC
TXN004108,CUST0221,89.28,0,Low,,,2026-09-17 07:13:11.327262 UTC
TXN001949,CUST0221,46.36,0,Low,,,2026-09-17 07:13:11.327262 UTC
TXN003132,CUST0221,299.09,0,Low,,,2026-09-17 07:13:11.327262 UTC
TXN003060,CUST0221,8.3,0,Low,,,2026-09-17 07:13:11.327262 UTC
TXN000439,CUST0221,37.42,0,Low,,,2026-09-17 07:13:11.327262 UTC
TXN000098,CUST0221,28.47,0,Low,,,2026-09-17 07:13:11.327262 UTC
TXN003208,CUST0221,23.35,0,Low,,,2026-09-17 07:13:11.327262 UTC
TXN004343,CUST0221,261.48,0,Low,,,2026-09-17 07:13:11.327262 UTC
TXN004389,CUST0221,184.54,0,Low,,,2026-09-17 07:13:11.327262 UTC
TXN002657,CUST0221,75.02,0,Low,,,2026-09-17 07:13:11.327262 UTC
TXN001563,CUST0043,25.91,0,Low,,,2026-09-17 07:13:11.327262 UTC
TXN002569,CUST0043,32.25,0,Low,,,2026-09-17 07:13:11.327262 UTC
TXN001558,CUST0222,8.02,0,Low,,,2026-09-17 07:13:11.327262 UTC
TXN002211,CUST0222,30.16,0,Low,,,2026-09-17 07:13:11.327262 UTC
TXN003790,CUST0222,10.68,0,Low,,,2026-09-17 07:13:11.327262 UTC
TXN000684,CUST0222,134.58,0,Low,,,2026-09-17 07:13:11.327262 UTC
TXN004043,CUST0222,10.17,0,Low,,,2026-09-17 07:13:11.327262 UTC
TXN000633,CUST0222,67.81,0,Low,,,2026-09-17 07:13:11.327262 UTC
TXN000731,CUST0222,30.19,0,Low,,,2026-09-17 07:13:11.327262 UTC
TXN000728,CUST0222,8.95,0,Low,,,2026-09-17 07:13:11.327262 UTC
TXN003787,CUST0222,77.66,0,Low,,,2026-09-17 07:13:11.327262 UTC
TXN002390,CUST0222,29.75,0,Low,,,2026-09-17 07:13:11.327262 UTC
TXN004051,CUST0222,53.99,0,Low,,,2026-09-17 07:13:11.327262 UTC
TXN001225,CUST0222,76.19,0,Low,,,2026-09-17 07:13:11.327262 UTC
TXN001097,CUST0043,23.65,0,Low,,,2026-09-17 07:13:11.327262 UTC
TXN001352,CUST0043,191.6,0,Low,,,2026-09-17 07:13:11.327262 UTC
TXN000693,CUST0043,10.67,0,Low,,,2026-09-17 07:13:11.327262 UTC
TXN004453,CUST0223,46.3,0,Low,,,2026-09-17 07:13:11.327262 UTC
TXN003455,CUST0223,375.09,0,Low,,,2026-09-17 07:13:11.327262 UTC
TXN004689,CUST0223,54.33,0,Low,,,2026-09-17 07:13:11.327262 UTC
TXN004496,CUST0223,14.28,0,Low,,,2026-09-17 07:13:11.327262 UTC
TXN002643,CUST0223,9.94,0,Low,,,2026-09-17 07:13:11.327262 UTC
TXN004480,CUST0223,367.85,0,Low,,,2026-09-17 07:13:11.327262 UTC
TXN003931,CUST0223,15.2,0,Low,,,2026-09-17 07:13:11.327262 UTC
TXN001358,CUST0043,110.08,0,Low,,,2026-09-17 07:13:11.327262 UTC
TXN001617,CUST0043,224.43,0,Low,,,2026-09-17 07:13:11.327262 UTC
TXN004512,CUST0043,240.13,0,Low,,,2026-09-17 07:13:11.327262 UTC
TXN002839,CUST0042,65.0,0,Low,,,2026-09-17 07:13:11.327262 UTC
TXN000001,CUST0224,305.19,0,Low,,,2026-09-17 07:13:11.327262 UTC
TXN000185,CUST0224,120.95,0,Low,,,2026-09-17 07:13:11.327262 UTC
TXN003595,CUST0224,30.83,0,Low,,,2026-09-17 07:13:11.327262 UTC
TXN004266,CUST0224,21.12,0,Low,,,2026-09-17 07:13:11.327262 UTC
TXN000961,CUST0224,75.1,0,Low,,,2026-09-17 07:13:11.327262 UTC
TXN003628,CUST0224,147.47,0,Low,,,2026-09-17 07:13:11.327262 UTC
TXN000426,CUST0224,16.27,0,Low,,,2026-09-17 07:13:11.327262 UTC
TXN004623,CUST0224,11.44,0,Low,,,2026-09-17 07:13:11.327262 UTC
TXN000846,CUST0224,185.25,0,Low,,,2026-09-17 07:13:11.327262 UTC
TXN001136,CUST0042,86.49,0,Low,,,2026-09-17 07:13:11.327262 UTC
TXN001473,CUST0042,10.03,0,Low,,,2026-09-17 07:13:11.327262 UTC
TXN003468,CUST0042,217.78,0,Low,,,2026-09-17 07:13:11.327262 UTC
TXN004901,CUST0042,55.36,0,Low,,,2026-09-17 07:13:11.327262 UTC
TXN002280,CUST0042,8.26,0,Low,,,2026-09-17 07:13:11.327262 UTC
TXN004981,CUST0225,19.91,0,Low,,,2026-09-17 07:13:11.327262 UTC
TXN002316,CUST0225,37.24,0,Low,,,2026-09-17 07:13:11.327262 UTC
TXN000834,CUST0042,303.01,0,Low,,,2026-09-17 07:13:11.327262 UTC
TXN003703,CUST0042,57.02,0,Low,,,2026-09-17 07:13:11.327262 UTC
TXN003914,CUST0226,12.37,0,Low,,,2026-09-17 07:13:11.327262 UTC
TXN001499,CUST0226,315.03,0,Low,,,2026-09-17 07:13:11.327262 UTC
TXN002859,CUST0226,60.28,0,Low,,,2026-09-17 07:13:11.327262 UTC
TXN002734,CUST0226,16.74,0,Low,,,2026-09-17 07:13:11.327262 UTC
TXN003048,CUST0226,13.39,0,Low,,,2026-09-17 07:13:11.327262 UTC
TXN004021,CUST0226,203.15,0,Low,,,2026-09-17 07:13:11.327262 UTC
TXN003786,CUST0226,36.56,0,Low,,,2026-09-17 07:13:11.327262 UTC
TXN000833,CUST0226,37.35,0,Low,,,2026-09-17 07:13:11.327262 UTC
TXN003222,CUST0226,13.67,0,Low,,,2026-09-17 07:13:11.327262 UTC
TXN002496,CUST0226,319.16,0,Low,,,2026-09-17 07:13:11.327262 UTC
TXN004523,CUST0042,61.95,0,Low,,,2026-09-17 07:13:11.327262 UTC
TXN001447,CUST0041,368.71,0,Low,,,2026-09-17 07:13:11.327262 UTC
TXN002520,CUST0041,18.34,0,Low,,,2026-09-17 07:13:11.327262 UTC
TXN000347,CUST0041,369.59,0,Low,,,2026-09-17 07:13:11.327262 UTC
TXN001983,CUST0227,10.97,0,Low,,,2026-09-17 07:13:11.327262 UTC
TXN000451,CUST0227,218.55,0,Low,,,2026-09-17 07:13:11.327262 UTC
TXN003216,CUST0227,7.98,0,Low,,,2026-09-17 07:13:11.327262 UTC
TXN000493,CUST0227,72.9,0,Low,,,2026-09-17 07:13:11.327262 UTC
TXN004739,CUST0227,49.84,0,Low,,,2026-09-17 07:13:11.327262 UTC
TXN001900,CUST0227,28.53,0,Low,,,2026-09-17 07:13:11.327262 UTC
TXN001887,CUST0227,31.39,0,Low,,,2026-09-17 07:13:11.327262 UTC
TXN003345,CUST0227,55.0,0,Low,,,2026-09-17 07:13:11.327262 UTC
TXN000554,CUST0227,80.17,0,Low,,,2026-09-17 07:13:11.327262 UTC
TXN002786,CUST0227,9.95,0,Low,,,2026-09-17 07:13:11.327262 UTC
TXN003223,CUST0041,22.78,0,Low,,,2026-09-17 07:13:11.327262 UTC
TXN002153,CUST0228,50.82,0,Low,,,2026-09-17 07:13:11.327262 UTC
TXN003448,CUST0228,251.73,0,Low,,,2026-09-17 07:13:11.327262 UTC
TXN001637,CUST0228,392.21,0,Low,,,2026-09-17 07:13:11.327262 UTC
TXN002394,CUST0228,81.84,0,Low,,,2026-09-17 07:13:11.327262 UTC
TXN000948,CUST0228,112.56,0,Low,,,2026-09-17 07:13:11.327262 UTC
TXN000157,CUST0228,123.52,0,Low,,,2026-09-17 07:13:11.327262 UTC
TXN001599,CUST0228,356.97,0,Low,,,2026-09-17 07:13:11.327262 UTC
TXN001356,CUST0228,60.34,0,Low,,,2026-09-17 07:13:11.327262 UTC
TXN001045,CUST0228,14.31,0,Low,,,2026-09-17 07:13:11.327262 UTC
TXN003711,CUST0041,77.51,0,Low,,,2026-09-17 07:13:11.327262 UTC
TXN002471,CUST0229,17.56,0,Low,,,2026-09-17 07:13:11.327262 UTC
TXN001303,CUST0229,8.82,0,Low,,,2026-09-17 07:13:11.327262 UTC
TXN003404,CUST0229,89.06,0,Low,,,2026-09-17 07:13:11.327262 UTC
TXN000435,CUST0229,316.48,0,Low,,,2026-09-17 07:13:11.327262 UTC
TXN001942,CUST0229,52.17,0,Low,,,2026-09-17 07:13:11.327262 UTC
TXN002299,CUST0229,23.67,0,Low,,,2026-09-17 07:13:11.327262 UTC
TXN003164,CUST0229,126.16,0,Low,,,2026-09-17 07:13:11.327262 UTC
TXN001120,CUST0229,34.64,0,Low,,,2026-09-17 07:13:11.327262 UTC
TXN001643,CUST0229,148.14,0,Low,,,2026-09-17 07:13:11.327262 UTC
TXN003505,CUST0229,58.26,0,Low,,,2026-09-17 07:13:11.327262 UTC
TXN001227,CUST0229,38.65,0,Low,,,2026-09-17 07:13:11.327262 UTC
TXN004686,CUST0229,117.67,0,Low,,,2026-09-17 07:13:11.327262 UTC
TXN000215,CUST0041,244.5,0,Low,,,2026-09-17 07:13:11.327262 UTC
TXN000361,CUST0041,20.84,0,Low,,,2026-09-17 07:13:11.327262 UTC
TXN004490,CUST0230,276.12,0,Low,,,2026-09-17 07:13:11.327262 UTC
TXN003902,CUST0230,14.11,0,Low,,,2026-09-17 07:13:11.327262 UTC
TXN002641,CUST0230,53.85,0,Low,,,2026-09-17 07:13:11.327262 UTC
TXN001782,CUST0230,69.99,0,Low,,,2026-09-17 07:13:11.327262 UTC
TXN001505,CUST0230,256.72,0,Low,,,2026-09-17 07:13:11.327262 UTC
TXN003296,CUST0230,99.41,0,Low,,,2026-09-17 07:13:11.327262 UTC
TXN003982,CUST0230,40.54,0,Low,,,2026-09-17 07:13:11.327262 UTC
TXN000980,CUST0230,159.09,0,Low,,,2026-09-17 07:13:11.327262 UTC
TXN002131,CUST0230,223.54,0,Low,,,2026-09-17 07:13:11.327262 UTC
TXN002524,CUST0230,61.92,0,Low,,,2026-09-17 07:13:11.327262 UTC
TXN001959,CUST0230,113.98,0,Low,,,2026-09-17 07:13:11.327262 UTC
TXN003180,CUST0230,13.49,0,Low,,,2026-09-17 07:13:11.327262 UTC
TXN000341,CUST0230,144.0,0,Low,,,2026-09-17 07:13:11.327262 UTC
TXN001726,CUST0230,24.28,0,Low,,,2026-09-17 07:13:11.327262 UTC
TXN000284,CUST0041,131.64,0,Low,,,2026-09-17 07:13:11.327262 UTC
TXN000332,CUST0041,38.97,0,Low,,,2026-09-17 07:13:11.327262 UTC
TXN001232,CUST0041,101.67,0,Low,,,2026-09-17 07:13:11.327262 UTC
TXN001304,CUST0231,86.82,0,Low,,,2026-09-17 07:13:11.327262 UTC
TXN002113,CUST0231,61.46,0,Low,,,2026-09-17 07:13:11.327262 UTC
TXN001125,CUST0231,8.02,0,Low,,,2026-09-17 07:13:11.327262 UTC
TXN003578,CUST0231,32.21,0,Low,,,2026-09-17 07:13:11.327262 UTC
TXN003127,CUST0231,13.54,0,Low,,,2026-09-17 07:13:11.327262 UTC
TXN004708,CUST0231,62.54,0,Low,,,2026-09-17 07:13:11.327262 UTC
TXN001069,CUST0231,27.15,0,Low,,,2026-09-17 07:13:11.327262 UTC
TXN002995,CUST0041,12.47,0,Low,,,2026-09-17 07:13:11.327262 UTC
TXN003205,CUST0040,103.19,0,Low,,,2026-09-17 07:13:11.327262 UTC
TXN003855,CUST0040,30.53,0,Low,,,2026-09-17 07:13:11.327262 UTC
TXN001544,CUST0232,9.33,0,Low,,,2026-09-17 07:13:11.327262 UTC
TXN004690,CUST0232,42.31,0,Low,,,2026-09-17 07:13:11.327262 UTC
TXN002441,CUST0232,8.13,0,Low,,,2026-09-17 07:13:11.327262 UTC
TXN002199,CUST0232,50.99,0,Low,,,2026-09-17 07:13:11.327262 UTC
TXN000016,CUST0232,89.71,0,Low,,,2026-09-17 07:13:11.327262 UTC
TXN001316,CUST0232,350.48,0,Low,,,2026-09-17 07:13:11.327262 UTC
TXN000118,CUST0232,9.19,0,Low,,,2026-09-17 07:13:11.327262 UTC
TXN003331,CUST0232,28.33,0,Low,,,2026-09-17 07:13:11.327262 UTC
TXN004803,CUST0232,93.59,0,Low,,,2026-09-17 07:13:11.327262 UTC
TXN001974,CUST0232,175.59,0,Low,,,2026-09-17 07:13:11.327262 UTC
TXN002473,CUST0232,85.46,0,Low,,,2026-09-17 07:13:11.327262 UTC
TXN001863,CUST0232,165.43,0,Low,,,2026-09-17 07:13:11.327262 UTC
TXN001423,CUST0232,82.98,0,Low,,,2026-09-17 07:13:11.327262 UTC
TXN002790,CUST0232,255.43,0,Low,,,2026-09-17 07:13:11.327262 UTC
TXN001618,CUST0232,280.41,0,Low,,,2026-09-17 07:13:11.327262 UTC
TXN001395,CUST0040,17.21,0,Low,,,2026-09-17 07:13:11.327262 UTC
TXN000364,CUST0233,169.18,0,Low,,,2026-09-17 07:13:11.327262 UTC
TXN004699,CUST0233,104.78,0,Low,,,2026-09-17 07:13:11.327262 UTC
TXN001005,CUST0233,14.61,0,Low,,,2026-09-17 07:13:11.327262 UTC
TXN003960,CUST0233,14.34,0,Low,,,2026-09-17 07:13:11.327262 UTC
TXN000424,CUST0233,50.44,0,Low,,,2026-09-17 07:13:11.327262 UTC
TXN000199,CUST0233,28.67,0,Low,,,2026-09-17 07:13:11.327262 UTC
TXN002817,CUST0233,131.46,0,Low,,,2026-09-17 07:13:11.327262 UTC
TXN001376,CUST0233,7.47,0,Low,,,2026-09-17 07:13:11.327262 UTC
TXN001616,CUST0040,12.76,0,Low,,,2026-09-17 07:13:11.327262 UTC
TXN000234,CUST0040,11.17,0,Low,,,2026-09-17 07:13:11.327262 UTC
TXN003530,CUST0040,45.56,0,Low,,,2026-09-17 07:13:11.327262 UTC
TXN000113,CUST0040,93.02,0,Low,,,2026-09-17 07:13:11.327262 UTC
TXN000051,CUST0234,11.91,0,Low,,,2026-09-17 07:13:11.327262 UTC
TXN000570,CUST0234,9.69,0,Low,,,2026-09-17 07:13:11.327262 UTC
TXN004558,CUST0234,157.43,0,Low,,,2026-09-17 07:13:11.327262 UTC
TXN000965,CUST0234,8.53,0,Low,,,2026-09-17 07:13:11.327262 UTC
TXN000949,CUST0234,319.87,0,Low,,,2026-09-17 07:13:11.327262 UTC
TXN004682,CUST0234,347.86,0,Low,,,2026-09-17 07:13:11.327262 UTC
TXN000140,CUST0234,283.6,0,Low,,,2026-09-17 07:13:11.327262 UTC
TXN004971,CUST0040,43.61,0,Low,,,2026-09-17 07:13:11.327262 UTC
TXN002426,CUST0040,168.0,0,Low,,,2026-09-17 07:13:11.327262 UTC
TXN002324,CUST0235,7.44,0,Low,,,2026-09-17 07:13:11.327262 UTC
TXN002306,CUST0235,71.98,0,Low,,,2026-09-17 07:13:11.327262 UTC
TXN003273,CUST0235,276.27,0,Low,,,2026-09-17 07:13:11.327262 UTC
TXN000987,CUST0235,8.26,0,Low,,,2026-09-17 07:13:11.327262 UTC
TXN001938,CUST0235,99.33,0,Low,,,2026-09-17 07:13:11.327262 UTC
TXN003753,CUST0235,7.94,0,Low,,,2026-09-17 07:13:11.327262 UTC
TXN003574,CUST0235,15.46,0,Low,,,2026-09-17 07:13:11.327262 UTC
TXN001462,CUST0235,124.85,0,Low,,,2026-09-17 07:13:11.327262 UTC
TXN003648,CUST0235,47.31,0,Low,,,2026-09-17 07:13:11.327262 UTC
TXN001185,CUST0235,24.64,0,Low,,,2026-09-17 07:13:11.327262 UTC
TXN000183,CUST0235,383.44,0,Low,,,2026-09-17 07:13:11.327262 UTC
TXN000339,CUST0235,56.46,0,Low,,,2026-09-17 07:13:11.327262 UTC
TXN001451,CUST0235,33.07,0,Low,,,2026-09-17 07:13:11.327262 UTC
TXN002834,CUST0235,97.82,0,Low,,,2026-09-17 07:13:11.327262 UTC
TXN003445,CUST0235,11.58,0,Low,,,2026-09-17 07:13:11.327262 UTC
TXN001432,CUST0235,29.39,0,Low,,,2026-09-17 07:13:11.327262 UTC
TXN004601,CUST0235,187.67,0,Low,,,2026-09-17 07:13:11.327262 UTC
TXN004649,CUST0040,8.57,0,Low,,,2026-09-17 07:13:11.327262 UTC
TXN003662,CUST0040,111.15,0,Low,,,2026-09-17 07:13:11.327262 UTC
TXN003660,CUST0040,11.39,0,Low,,,2026-09-17 07:13:11.327262 UTC
TXN004110,CUST0040,394.64,0,Low,,,2026-09-17 07:13:11.327262 UTC
TXN003992,CUST0236,20.26,0,Low,,,2026-09-17 07:13:11.327262 UTC
TXN000838,CUST0236,8.34,0,Low,,,2026-09-17 07:13:11.327262 UTC
TXN001865,CUST0236,136.21,0,Low,,,2026-09-17 07:13:11.327262 UTC
TXN000523,CUST0236,130.7,0,Low,,,2026-09-17 07:13:11.327262 UTC
TXN001904,CUST0236,44.65,0,Low,,,2026-09-17 07:13:11.327262 UTC
TXN000558,CUST0236,244.1,0,Low,,,2026-09-17 07:13:11.327262 UTC
TXN004899,CUST0236,90.4,0,Low,,,2026-09-17 07:13:11.327262 UTC
TXN004458,CUST0236,304.69,0,Low,,,2026-09-17 07:13:11.327262 UTC
TXN000267,CUST0236,121.74,0,Low,,,2026-09-17 07:13:11.327262 UTC
TXN001020,CUST0236,33.67,0,Low,,,2026-09-17 07:13:11.327262 UTC
TXN003749,CUST0039,89.07,0,Low,,,2026-09-17 07:13:11.327262 UTC
TXN001897,CUST0039,154.18,0,Low,,,2026-09-17 07:13:11.327262 UTC
TXN000516,CUST0039,61.61,0,Low,,,2026-09-17 07:13:11.327262 UTC
TXN003201,CUST0237,7.73,0,Low,,,2026-09-17 07:13:11.327262 UTC
TXN004137,CUST0237,82.06,0,Low,,,2026-09-17 07:13:11.327262 UTC
TXN001430,CUST0237,11.3,0,Low,,,2026-09-17 07:13:11.327262 UTC
TXN002174,CUST0237,115.4,0,Low,,,2026-09-17 07:13:11.327262 UTC
TXN000440,CUST0237,269.95,0,Low,,,2026-09-17 07:13:11.327262 UTC
TXN003934,CUST0237,63.63,0,Low,,,2026-09-17 07:13:11.327262 UTC
TXN002238,CUST0237,174.21,0,Low,,,2026-09-17 07:13:11.327262 UTC
TXN003143,CUST0237,40.37,0,Low,,,2026-09-17 07:13:11.327262 UTC
TXN002914,CUST0237,332.41,0,Low,,,2026-09-17 07:13:11.327262 UTC
TXN001998,CUST0237,18.82,0,Low,,,2026-09-17 07:13:11.327262 UTC
TXN004256,CUST0039,28.9,0,Low,,,2026-09-17 07:13:11.327262 UTC
TXN003110,CUST0039,147.12,0,Low,,,2026-09-17 07:13:11.327262 UTC
TXN001004,CUST0238,81.75,0,Low,,,2026-09-17 07:13:11.327262 UTC
TXN001722,CUST0238,95.47,0,Low,,,2026-09-17 07:13:11.327262 UTC
TXN003421,CUST0238,32.25,0,Low,,,2026-09-17 07:13:11.327262 UTC
TXN003723,CUST0238,19.59,0,Low,,,2026-09-17 07:13:11.327262 UTC
TXN002677,CUST0238,169.43,0,Low,,,2026-09-17 07:13:11.327262 UTC
TXN001914,CUST0238,17.07,0,Low,,,2026-09-17 07:13:11.327262 UTC
TXN000784,CUST0238,16.26,0,Low,,,2026-09-17 07:13:11.327262 UTC
TXN001666,CUST0238,72.67,0,Low,,,2026-09-17 07:13:11.327262 UTC
TXN003568,CUST0238,11.61,0,Low,,,2026-09-17 07:13:11.327262 UTC
TXN000309,CUST0238,138.59,0,Low,,,2026-09-17 07:13:11.327262 UTC
TXN000272,CUST0238,392.82,0,Low,,,2026-09-17 07:13:11.327262 UTC
TXN004050,CUST0039,18.92,0,Low,,,2026-09-17 07:13:11.327262 UTC
TXN002809,CUST0239,155.13,0,Low,,,2026-09-17 07:13:11.327262 UTC
TXN000177,CUST0239,18.67,0,Low,,,2026-09-17 07:13:11.327262 UTC
TXN002838,CUST0239,85.23,0,Low,,,2026-09-17 07:13:11.327262 UTC
TXN001481,CUST0239,322.46,0,Low,,,2026-09-17 07:13:11.327262 UTC
TXN002591,CUST0239,9.0,0,Low,,,2026-09-17 07:13:11.327262 UTC
TXN000661,CUST0239,128.05,0,Low,,,2026-09-17 07:13:11.327262 UTC
TXN002612,CUST0079,10.74,0,Low,,,2026-09-17 07:13:11.327262 UTC
TXN003109,CUST0239,260.42,0,Low,,,2026-09-17 07:13:11.327262 UTC
TXN002296,CUST0239,25.98,0,Low,,,2026-09-17 07:13:11.327262 UTC
TXN001286,CUST0239,16.6,0,Low,,,2026-09-17 07:13:11.327262 UTC
TXN000036,CUST0240,180.47,0,Low,,,2026-09-17 07:13:11.327262 UTC
TXN004232,CUST0240,7.84,0,Low,,,2026-09-17 07:13:11.327262 UTC
TXN003580,CUST0240,22.85,0,Low,,,2026-09-17 07:13:11.327262 UTC
TXN002749,CUST0240,295.68,0,Low,,,2026-09-17 07:13:11.327262 UTC
TXN000389,CUST0240,174.88,0,Low,,,2026-09-17 07:13:11.327262 UTC
TXN002357,CUST0240,100.91,0,Low,,,2026-09-17 07:13:11.327262 UTC
TXN000039,CUST0240,102.82,0,Low,,,2026-09-17 07:13:11.327262 UTC
TXN004594,CUST0240,17.99,0,Low,,,2026-09-17 07:13:11.327262 UTC
TXN004583,CUST0240,146.27,0,Low,,,2026-09-17 07:13:11.327262 UTC
TXN000142,CUST0240,35.03,0,Low,,,2026-09-17 07:13:11.327262 UTC
TXN000819,CUST0240,401.54,0,Low,,,2026-09-17 07:13:11.327262 UTC
TXN002061,CUST0240,82.85,0,Low,,,2026-09-17 07:13:11.327262 UTC
TXN002800,CUST0240,12.14,0,Low,,,2026-09-17 07:13:11.327262 UTC
TXN002755,CUST0240,8.26,0,Low,,,2026-09-17 07:13:11.327262 UTC
TXN004369,CUST0039,13.79,0,Low,,,2026-09-17 07:13:11.327262 UTC
TXN002706,CUST0241,23.01,0,Low,,,2026-09-17 07:13:11.327262 UTC
TXN000302,CUST0241,10.67,0,Low,,,2026-09-17 07:13:11.327262 UTC
TXN000919,CUST0241,20.17,0,Low,,,2026-09-17 07:13:11.327262 UTC
TXN003965,CUST0241,15.69,0,Low,,,2026-09-17 07:13:11.327262 UTC
TXN004954,CUST0241,8.11,0,Low,,,2026-09-17 07:13:11.327262 UTC
TXN003195,CUST0241,21.2,0,Low,,,2026-09-17 07:13:11.327262 UTC
TXN003091,CUST0241,96.89,0,Low,,,2026-09-17 07:13:11.327262 UTC
TXN004595,CUST0241,18.68,0,Low,,,2026-09-17 07:13:11.327262 UTC
TXN000141,CUST0241,13.72,0,Low,,,2026-09-17 07:13:11.327262 UTC
TXN000067,CUST0241,146.76,0,Low,,,2026-09-17 07:13:11.327262 UTC
TXN001547,CUST0038,218.32,0,Low,,,2026-09-17 07:13:11.327262 UTC
TXN001223,CUST0038,16.65,0,Low,,,2026-09-17 07:13:11.327262 UTC
TXN001543,CUST0242,21.82,0,Low,,,2026-09-17 07:13:11.327262 UTC
TXN004092,CUST0242,8.01,0,Low,,,2026-09-17 07:13:11.327262 UTC
TXN000449,CUST0242,55.16,0,Low,,,2026-09-17 07:13:11.327262 UTC
TXN001546,CUST0242,198.95,0,Low,,,2026-09-17 07:13:11.327262 UTC
TXN001173,CUST0242,21.22,0,Low,,,2026-09-17 07:13:11.327262 UTC
TXN001010,CUST0242,79.3,0,Low,,,2026-09-17 07:13:11.327262 UTC
TXN004095,CUST0242,33.65,0,Low,,,2026-09-17 07:13:11.327262 UTC
TXN001548,CUST0242,180.9,0,Low,,,2026-09-17 07:13:11.327262 UTC
TXN003388,CUST0242,110.36,0,Low,,,2026-09-17 07:13:11.327262 UTC
TXN000892,CUST0242,101.99,0,Low,,,2026-09-17 07:13:11.327262 UTC
TXN004334,CUST0038,87.65,0,Low,,,2026-09-17 07:13:11.327262 UTC
TXN000692,CUST0243,167.16,0,Low,,,2026-09-17 07:13:11.327262 UTC
TXN000706,CUST0243,72.93,0,Low,,,2026-09-17 07:13:11.327262 UTC
TXN004990,CUST0243,348.3,0,Low,,,2026-09-17 07:13:11.327262 UTC
TXN001748,CUST0243,373.44,0,Low,,,2026-09-17 07:13:11.327262 UTC
TXN004767,CUST0243,59.57,0,Low,,,2026-09-17 07:13:11.327262 UTC
TXN000994,CUST0243,8.08,0,Low,,,2026-09-17 07:13:11.327262 UTC
TXN003831,CUST0243,115.01,0,Low,,,2026-09-17 07:13:11.327262 UTC
TXN001909,CUST0038,13.97,0,Low,,,2026-09-17 07:13:11.327262 UTC
TXN002945,CUST0038,9.77,0,Low,,,2026-09-17 07:13:11.327262 UTC
TXN001412,CUST0244,44.21,0,Low,,,2026-09-17 07:13:11.327262 UTC
TXN003323,CUST0244,99.92,0,Low,,,2026-09-17 07:13:11.327262 UTC
TXN004082,CUST0244,352.48,0,Low,,,2026-09-17 07:13:11.327262 UTC
TXN002331,CUST0244,244.95,0,Low,,,2026-09-17 07:13:11.327262 UTC
TXN003308,CUST0244,10.53,0,Low,,,2026-09-17 07:13:11.327262 UTC
TXN003463,CUST0244,9.75,0,Low,,,2026-09-17 07:13:11.327262 UTC
TXN003437,CUST0244,8.65,0,Low,,,2026-09-17 07:13:11.327262 UTC
TXN001958,CUST0244,84.19,0,Low,,,2026-09-17 07:13:11.327262 UTC
TXN003818,CUST0244,167.02,0,Low,,,2026-09-17 07:13:11.327262 UTC
TXN001923,CUST0244,58.87,0,Low,,,2026-09-17 07:13:11.327262 UTC
TXN002757,CUST0244,72.59,0,Low,,,2026-09-17 07:13:11.327262 UTC
TXN003343,CUST0244,403.17,0,Low,,,2026-09-17 07:13:11.327262 UTC
TXN002726,CUST0244,20.88,0,Low,,,2026-09-17 07:13:11.327262 UTC
TXN000579,CUST0244,125.5,0,Low,,,2026-09-17 07:13:11.327262 UTC
TXN001379,CUST0244,27.86,0,Low,,,2026-09-17 07:13:11.327262 UTC
TXN000282,CUST0038,66.83,0,Low,,,2026-09-17 07:13:11.327262 UTC
TXN000768,CUST0038,7.8,0,Low,,,2026-09-17 07:13:11.327262 UTC
TXN003405,CUST0245,18.51,0,Low,,,2026-09-17 07:13:11.327262 UTC
TXN000071,CUST0245,10.06,0,Low,,,2026-09-17 07:13:11.327262 UTC
TXN002003,CUST0245,90.34,0,Low,,,2026-09-17 07:13:11.327262 UTC
TXN001915,CUST0245,24.12,0,Low,,,2026-09-17 07:13:11.327262 UTC
TXN004872,CUST0245,13.77,0,Low,,,2026-09-17 07:13:11.327262 UTC
TXN000981,CUST0245,8.75,0,Low,,,2026-09-17 07:13:11.327262 UTC
TXN000675,CUST0245,8.56,0,Low,,,2026-09-17 07:13:11.327262 UTC
TXN000069,CUST0245,95.13,0,Low,,,2026-09-17 07:13:11.327262 UTC
TXN002566,CUST0245,44.06,0,Low,,,2026-09-17 07:13:11.327262 UTC
TXN004034,CUST0245,90.27,0,Low,,,2026-09-17 07:13:11.327262 UTC
TXN004703,CUST0038,163.02,0,Low,,,2026-09-17 07:13:11.327262 UTC
TXN002031,CUST0038,14.68,0,Low,,,2026-09-17 07:13:11.327262 UTC
TXN004694,CUST0246,188.01,0,Low,,,2026-09-17 07:13:11.327262 UTC
TXN002985,CUST0246,13.13,0,Low,,,2026-09-17 07:13:11.327262 UTC
TXN002207,CUST0246,91.25,0,Low,,,2026-09-17 07:13:11.327262 UTC
TXN001752,CUST0246,86.4,0,Low,,,2026-09-17 07:13:11.327262 UTC
TXN001553,CUST0246,77.34,0,Low,,,2026-09-17 07:13:11.327262 UTC
TXN002860,CUST0246,39.36,0,Low,,,2026-09-17 07:13:11.327262 UTC
TXN002787,CUST0246,233.91,0,Low,,,2026-09-17 07:13:11.327262 UTC
TXN004437,CUST0246,113.84,0,Low,,,2026-09-17 07:13:11.327262 UTC
TXN001054,CUST0246,18.19,0,Low,,,2026-09-17 07:13:11.327262 UTC
TXN001062,CUST0246,82.31,0,Low,,,2026-09-17 07:13:11.327262 UTC
TXN004716,CUST0246,131.06,0,Low,,,2026-09-17 07:13:11.327262 UTC
TXN003007,CUST0038,8.18,0,Low,,,2026-09-17 07:13:11.327262 UTC
TXN003023,CUST0038,136.89,0,Low,,,2026-09-17 07:13:11.327262 UTC
TXN001721,CUST0038,44.16,0,Low,,,2026-09-17 07:13:11.327262 UTC
TXN003291,CUST0247,210.77,0,Low,,,2026-09-17 07:13:11.327262 UTC
TXN003228,CUST0247,289.97,0,Low,,,2026-09-17 07:13:11.327262 UTC
TXN002340,CUST0247,367.82,0,Low,,,2026-09-17 07:13:11.327262 UTC
TXN000662,CUST0247,7.82,0,Low,,,2026-09-17 07:13:11.327262 UTC
TXN001943,CUST0247,18.03,0,Low,,,2026-09-17 07:13:11.327262 UTC
TXN000799,CUST0247,191.65,0,Low,,,2026-09-17 07:13:11.327262 UTC
TXN003634,CUST0247,14.02,0,Low,,,2026-09-17 07:13:11.327262 UTC
TXN004550,CUST0038,195.02,0,Low,,,2026-09-17 07:13:11.327262 UTC
TXN004902,CUST0037,242.9,0,Low,,,2026-09-17 07:13:11.327262 UTC
TXN001038,CUST0037,73.42,0,Low,,,2026-09-17 07:13:11.327262 UTC
TXN002972,CUST0248,61.32,0,Low,,,2026-09-17 07:13:11.327262 UTC
TXN002480,CUST0248,7.49,0,Low,,,2026-09-17 07:13:11.327262 UTC
TXN004551,CUST0248,89.12,0,Low,,,2026-09-17 07:13:11.327262 UTC
TXN003016,CUST0248,29.01,0,Low,,,2026-09-17 07:13:11.327262 UTC
TXN000721,CUST0248,303.7,0,Low,,,2026-09-17 07:13:11.327262 UTC
TXN001648,CUST0248,15.61,0,Low,,,2026-09-17 07:13:11.327262 UTC
TXN000356,CUST0248,80.53,0,Low,,,2026-09-17 07:13:11.327262 UTC
TXN003329,CUST0248,37.62,0,Low,,,2026-09-17 07:13:11.327262 UTC
TXN002696,CUST0248,126.36,0,Low,,,2026-09-17 07:13:11.327262 UTC
TXN002747,CUST0248,8.99,0,Low,,,2026-09-17 07:13:11.327262 UTC
TXN000969,CUST0249,68.04,0,Low,,,2026-09-17 07:13:11.327262 UTC
TXN003160,CUST0249,10.03,0,Low,,,2026-09-17 07:13:11.327262 UTC
TXN002950,CUST0249,7.75,0,Low,,,2026-09-17 07:13:11.327262 UTC
TXN001128,CUST0249,148.67,0,Low,,,2026-09-17 07:13:11.327262 UTC
TXN004200,CUST0249,8.24,0,Low,,,2026-09-17 07:13:11.327262 UTC
TXN003872,CUST0249,18.68,0,Low,,,2026-09-17 07:13:11.327262 UTC
TXN001277,CUST0249,50.86,0,Low,,,2026-09-17 07:13:11.327262 UTC
TXN000848,CUST0249,53.94,0,Low,,,2026-09-17 07:13:11.327262 UTC
TXN001896,CUST0037,46.06,0,Low,,,2026-09-17 07:13:11.327262 UTC
TXN004766,CUST0250,47.79,0,Low,,,2026-09-17 07:13:11.327262 UTC
TXN002349,CUST0250,204.22,0,Low,,,2026-09-17 07:13:11.327262 UTC
TXN000083,CUST0250,340.15,0,Low,,,2026-09-17 07:13:11.327262 UTC
TXN002152,CUST0250,12.77,0,Low,,,2026-09-17 07:13:11.327262 UTC
TXN001530,CUST0250,224.77,0,Low,,,2026-09-17 07:13:11.327262 UTC
TXN002651,CUST0250,48.93,0,Low,,,2026-09-17 07:13:11.327262 UTC
TXN002596,CUST0250,102.86,0,Low,,,2026-09-17 07:13:11.327262 UTC
TXN001872,CUST0250,92.7,0,Low,,,2026-09-17 07:13:11.327262 UTC
TXN000268,CUST0250,107.48,0,Low,,,2026-09-17 07:13:11.327262 UTC
TXN001422,CUST0250,176.12,0,Low,,,2026-09-17 07:13:11.327262 UTC
TXN004329,CUST0037,17.29,0,Low,,,2026-09-17 07:13:11.327262 UTC
TXN003950,CUST0037,353.83,0,Low,,,2026-09-17 07:13:11.327262 UTC
TXN002130,CUST0037,37.56,0,Low,,,2026-09-17 07:13:11.327262 UTC
TXN002259,CUST0251,25.05,0,Low,,,2026-09-17 07:13:11.327262 UTC
TXN004540,CUST0251,105.31,0,Low,,,2026-09-17 07:13:11.327262 UTC
TXN004258,CUST0251,11.35,0,Low,,,2026-09-17 07:13:11.327262 UTC
TXN000524,CUST0251,322.95,0,Low,,,2026-09-17 07:13:11.327262 UTC
TXN003047,CUST0251,169.24,0,Low,,,2026-09-17 07:13:11.327262 UTC
TXN000719,CUST0251,95.28,0,Low,,,2026-09-17 07:13:11.327262 UTC
TXN000581,CUST0251,373.13,0,Low,,,2026-09-17 07:13:11.327262 UTC
TXN002876,CUST0251,43.87,0,Low,,,2026-09-17 07:13:11.327262 UTC
TXN004158,CUST0251,23.01,0,Low,,,2026-09-17 07:13:11.327262 UTC
TXN002829,CUST0251,101.46,0,Low,,,2026-09-17 07:13:11.327262 UTC
TXN003957,CUST0251,15.92,0,Low,,,2026-09-17 07:13:11.327262 UTC
TXN004036,CUST0037,135.73,0,Low,,,2026-09-17 07:13:11.327262 UTC
TXN000703,CUST0037,44.89,0,Low,,,2026-09-17 07:13:11.327262 UTC
TXN002968,CUST0037,246.93,0,Low,,,2026-09-17 07:13:11.327262 UTC
TXN000497,CUST0252,357.13,0,Low,,,2026-09-17 07:13:11.327262 UTC
TXN001318,CUST0252,253.63,0,Low,,,2026-09-17 07:13:11.327262 UTC
TXN000395,CUST0252,205.83,0,Low,,,2026-09-17 07:13:11.327262 UTC
TXN000139,CUST0252,65.85,0,Low,,,2026-09-17 07:13:11.327262 UTC
TXN002409,CUST0252,82.52,0,Low,,,2026-09-17 07:13:11.327262 UTC
TXN004917,CUST0252,230.72,0,Low,,,2026-09-17 07:13:11.327262 UTC
TXN002228,CUST0252,105.66,0,Low,,,2026-09-17 07:13:11.327262 UTC
TXN004534,CUST0252,58.19,0,Low,,,2026-09-17 07:13:11.327262 UTC
TXN000922,CUST0252,169.59,0,Low,,,2026-09-17 07:13:11.327262 UTC
TXN003365,CUST0037,104.2,0,Low,,,2026-09-17 07:13:11.327262 UTC
TXN001967,CUST0037,147.88,0,Low,,,2026-09-17 07:13:11.327262 UTC
TXN003517,CUST0253,65.31,0,Low,,,2026-09-17 07:13:11.327262 UTC
TXN004794,CUST0253,72.12,0,Low,,,2026-09-17 07:13:11.327262 UTC
TXN004516,CUST0253,105.59,0,Low,,,2026-09-17 07:13:11.327262 UTC
TXN004269,CUST0253,223.39,0,Low,,,2026-09-17 07:13:11.327262 UTC
TXN004427,CUST0253,60.9,0,Low,,,2026-09-17 07:13:11.327262 UTC
TXN003464,CUST0253,17.82,0,Low,,,2026-09-17 07:13:11.327262 UTC
TXN001613,CUST0253,8.17,0,Low,,,2026-09-17 07:13:11.327262 UTC
TXN000759,CUST0037,133.63,0,Low,,,2026-09-17 07:13:11.327262 UTC
TXN001299,CUST0036,31.3,0,Low,,,2026-09-17 07:13:11.327262 UTC
TXN002821,CUST0036,205.64,0,Low,,,2026-09-17 07:13:11.327262 UTC
TXN003362,CUST0036,51.52,0,Low,,,2026-09-17 07:13:11.327262 UTC
TXN003936,CUST0036,112.13,0,Low,,,2026-09-17 07:13:11.327262 UTC
TXN001981,CUST0036,70.75,0,Low,,,2026-09-17 07:13:11.327262 UTC
TXN002354,CUST0254,83.66,0,Low,,,2026-09-17 07:13:11.327262 UTC
TXN003246,CUST0254,61.26,0,Low,,,2026-09-17 07:13:11.327262 UTC
TXN001131,CUST0254,24.73,0,Low,,,2026-09-17 07:13:11.327262 UTC
TXN000754,CUST0254,353.67,0,Low,,,2026-09-17 07:13:11.327262 UTC
TXN001385,CUST0254,292.34,0,Low,,,2026-09-17 07:13:11.327262 UTC
TXN003757,CUST0254,11.55,0,Low,,,2026-09-17 07:13:11.327262 UTC
TXN003974,CUST0254,85.0,0,Low,,,2026-09-17 07:13:11.327262 UTC
TXN000881,CUST0254,138.71,0,Low,,,2026-09-17 07:13:11.327262 UTC
TXN000557,CUST0254,19.03,0,Low,,,2026-09-17 07:13:11.327262 UTC
TXN000582,CUST0254,106.65,0,Low,,,2026-09-17 07:13:11.327262 UTC
TXN004873,CUST0254,66.75,0,Low,,,2026-09-17 07:13:11.327262 UTC
TXN004063,CUST0254,8.87,0,Low,,,2026-09-17 07:13:11.327262 UTC
TXN002223,CUST0036,149.69,0,Low,,,2026-09-17 07:13:11.327262 UTC
TXN004367,CUST0036,306.1,0,Low,,,2026-09-17 07:13:11.327262 UTC
TXN003930,CUST0036,386.05,0,Low,,,2026-09-17 07:13:11.327262 UTC
TXN004423,CUST0036,14.33,0,Low,,,2026-09-17 07:13:11.327262 UTC
TXN001669,CUST0036,7.76,0,Low,,,2026-09-17 07:13:11.327262 UTC
TXN003763,CUST0255,348.46,0,Low,,,2026-09-17 07:13:11.327262 UTC
TXN000453,CUST0255,73.15,0,Low,,,2026-09-17 07:13:11.327262 UTC
TXN002351,CUST0255,152.34,0,Low,,,2026-09-17 07:13:11.327262 UTC
TXN000066,CUST0255,54.03,0,Low,,,2026-09-17 07:13:11.327262 UTC
TXN000290,CUST0255,279.61,0,Low,,,2026-09-17 07:13:11.327262 UTC
TXN002139,CUST0255,12.13,0,Low,,,2026-09-17 07:13:11.327262 UTC
TXN002474,CUST0255,21.52,0,Low,,,2026-09-17 07:13:11.327262 UTC
TXN004197,CUST0255,112.47,0,Low,,,2026-09-17 07:13:11.327262 UTC
TXN004719,CUST0255,34.62,0,Low,,,2026-09-17 07:13:11.327262 UTC
TXN003525,CUST0255,11.12,0,Low,,,2026-09-17 07:13:11.327262 UTC
TXN004520,CUST0255,343.91,0,Low,,,2026-09-17 07:13:11.327262 UTC
TXN002179,CUST0255,264.48,0,Low,,,2026-09-17 07:13:11.327262 UTC
TXN002924,CUST0255,8.32,0,Low,,,2026-09-17 07:13:11.327262 UTC
TXN002032,CUST0255,135.28,0,Low,,,2026-09-17 07:13:11.327262 UTC
TXN000875,CUST0035,14.83,0,Low,,,2026-09-17 07:13:11.327262 UTC
TXN000645,CUST0035,56.62,0,Low,,,2026-09-17 07:13:11.327262 UTC
TXN002501,CUST0256,9.11,0,Low,,,2026-09-17 07:13:11.327262 UTC
TXN001581,CUST0256,133.74,0,Low,,,2026-09-17 07:13:11.327262 UTC
TXN003774,CUST0256,176.15,0,Low,,,2026-09-17 07:13:11.327262 UTC
TXN004375,CUST0256,17.22,0,Low,,,2026-09-17 07:13:11.327262 UTC
TXN001285,CUST0256,153.98,0,Low,,,2026-09-17 07:13:11.327262 UTC
TXN003239,CUST0256,377.27,0,Low,,,2026-09-17 07:13:11.327262 UTC
TXN000939,CUST0256,248.18,0,Low,,,2026-09-17 07:13:11.327262 UTC
TXN003722,CUST0256,47.1,0,Low,,,2026-09-17 07:13:11.327262 UTC
TXN002919,CUST0256,85.4,0,Low,,,2026-09-17 07:13:11.327262 UTC
TXN002574,CUST0256,278.47,0,Low,,,2026-09-17 07:13:11.327262 UTC
TXN001644,CUST0256,77.66,0,Low,,,2026-09-17 07:13:11.327262 UTC
TXN003477,CUST0256,23.3,0,Low,,,2026-09-17 07:13:11.327262 UTC
TXN001729,CUST0256,61.79,0,Low,,,2026-09-17 07:13:11.327262 UTC
TXN004253,CUST0256,17.59,0,Low,,,2026-09-17 07:13:11.327262 UTC
TXN003425,CUST0035,49.61,0,Low,,,2026-09-17 07:13:11.327262 UTC
TXN000541,CUST0257,9.05,0,Low,,,2026-09-17 07:13:11.327262 UTC
TXN004631,CUST0257,8.2,0,Low,,,2026-09-17 07:13:11.327262 UTC
TXN004012,CUST0257,66.35,0,Low,,,2026-09-17 07:13:11.327262 UTC
TXN003151,CUST0257,11.22,0,Low,,,2026-09-17 07:13:11.327262 UTC
TXN000842,CUST0257,377.47,0,Low,,,2026-09-17 07:13:11.327262 UTC
TXN001135,CUST0257,31.42,0,Low,,,2026-09-17 07:13:11.327262 UTC
TXN002938,CUST0257,346.0,0,Low,,,2026-09-17 07:13:11.327262 UTC
TXN002263,CUST0257,16.37,0,Low,,,2026-09-17 07:13:11.327262 UTC
TXN000974,CUST0257,42.52,0,Low,,,2026-09-17 07:13:11.327262 UTC
TXN003820,CUST0257,43.56,0,Low,,,2026-09-17 07:13:11.327262 UTC
TXN001043,CUST0257,13.98,0,Low,,,2026-09-17 07:13:11.327262 UTC
TXN004748,CUST0257,9.73,0,Low,,,2026-09-17 07:13:11.327262 UTC
TXN002057,CUST0035,13.95,0,Low,,,2026-09-17 07:13:11.327262 UTC
TXN004056,CUST0258,273.17,0,Low,,,2026-09-17 07:13:11.327262 UTC
TXN003676,CUST0258,61.83,0,Low,,,2026-09-17 07:13:11.327262 UTC
TXN001817,CUST0258,9.07,0,Low,,,2026-09-17 07:13:11.327262 UTC
TXN004304,CUST0258,55.87,0,Low,,,2026-09-17 07:13:11.327262 UTC
TXN003142,CUST0258,129.86,0,Low,,,2026-09-17 07:13:11.327262 UTC
TXN001252,CUST0258,21.37,0,Low,,,2026-09-17 07:13:11.327262 UTC
TXN003728,CUST0258,10.42,0,Low,,,2026-09-17 07:13:11.327262 UTC
TXN001032,CUST0258,15.8,0,Low,,,2026-09-17 07:13:11.327262 UTC
TXN003119,CUST0258,346.94,0,Low,,,2026-09-17 07:13:11.327262 UTC
TXN002047,CUST0258,8.19,0,Low,,,2026-09-17 07:13:11.327262 UTC
TXN000074,CUST0035,18.81,0,Low,,,2026-09-17 07:13:11.327262 UTC
TXN000533,CUST0035,165.06,0,Low,,,2026-09-17 07:13:11.327262 UTC
TXN002961,CUST0259,23.2,0,Low,,,2026-09-17 07:13:11.327262 UTC
TXN002697,CUST0259,10.89,0,Low,,,2026-09-17 07:13:11.327262 UTC
TXN004510,CUST0259,161.09,0,Low,,,2026-09-17 07:13:11.327262 UTC
TXN004546,CUST0259,367.68,0,Low,,,2026-09-17 07:13:11.327262 UTC
TXN001520,CUST0259,45.24,0,Low,,,2026-09-17 07:13:11.327262 UTC
TXN001341,CUST0259,20.45,0,Low,,,2026-09-17 07:13:11.327262 UTC
TXN004455,CUST0259,45.7,0,Low,,,2026-09-17 07:13:11.327262 UTC
TXN004047,CUST0259,345.66,0,Low,,,2026-09-17 07:13:11.327262 UTC
TXN000028,CUST0259,339.8,0,Low,,,2026-09-17 07:13:11.327262 UTC
TXN003729,CUST0259,197.86,0,Low,,,2026-09-17 07:13:11.327262 UTC
TXN000111,CUST0259,16.32,0,Low,,,2026-09-17 07:13:11.327262 UTC
TXN003043,CUST0035,17.0,0,Low,,,2026-09-17 07:13:11.327262 UTC
TXN003688,CUST0035,49.45,0,Low,,,2026-09-17 07:13:11.327262 UTC
TXN000757,CUST0260,106.2,0,Low,,,2026-09-17 07:13:11.327262 UTC
TXN000092,CUST0260,115.8,0,Low,,,2026-09-17 07:13:11.327262 UTC
TXN001519,CUST0260,135.31,0,Low,,,2026-09-17 07:13:11.327262 UTC
TXN004365,CUST0260,209.87,0,Low,,,2026-09-17 07:13:11.327262 UTC
TXN002407,CUST0260,14.72,0,Low,,,2026-09-17 07:13:11.327262 UTC
TXN002741,CUST0260,33.21,0,Low,,,2026-09-17 07:13:11.327262 UTC
TXN001708,CUST0260,18.99,0,Low,,,2026-09-17 07:13:11.327262 UTC
TXN000229,CUST0260,9.89,0,Low,,,2026-09-17 07:13:11.327262 UTC
TXN002833,CUST0260,59.25,0,Low,,,2026-09-17 07:13:11.327262 UTC
TXN000429,CUST0034,37.29,0,Low,,,2026-09-17 07:13:11.327262 UTC
TXN001679,CUST0034,203.27,0,Low,,,2026-09-17 07:13:11.327262 UTC
TXN004672,CUST0261,19.53,0,Low,,,2026-09-17 07:13:11.327262 UTC
TXN003993,CUST0261,67.98,0,Low,,,2026-09-17 07:13:11.327262 UTC
TXN002353,CUST0261,135.1,0,Low,,,2026-09-17 07:13:11.327262 UTC
TXN004656,CUST0261,15.28,0,Low,,,2026-09-17 07:13:11.327262 UTC
TXN001439,CUST0261,9.56,0,Low,,,2026-09-17 07:13:11.327262 UTC
TXN004101,CUST0261,20.96,0,Low,,,2026-09-17 07:13:11.327262 UTC
TXN004386,CUST0261,179.88,0,Low,,,2026-09-17 07:13:11.327262 UTC
TXN000390,CUST0261,67.65,0,Low,,,2026-09-17 07:13:11.327262 UTC
TXN002935,CUST0261,321.21,0,Low,,,2026-09-17 07:13:11.327262 UTC
TXN000018,CUST0261,205.01,0,Low,,,2026-09-17 07:13:11.327262 UTC
TXN002536,CUST0261,38.66,0,Low,,,2026-09-17 07:13:11.327262 UTC
TXN002892,CUST0261,86.8,0,Low,,,2026-09-17 07:13:11.327262 UTC
TXN002289,CUST0034,136.78,0,Low,,,2026-09-17 07:13:11.327262 UTC
TXN000699,CUST0034,142.53,0,Low,,,2026-09-17 07:13:11.327262 UTC
TXN004865,CUST0034,61.88,0,Low,,,2026-09-17 07:13:11.327262 UTC
TXN003999,CUST0034,88.27,0,Low,,,2026-09-17 07:13:11.327262 UTC
TXN001247,CUST0034,20.65,0,Low,,,2026-09-17 07:13:11.327262 UTC
TXN004711,CUST0262,21.91,0,Low,,,2026-09-17 07:13:11.327262 UTC
TXN004681,CUST0262,95.64,0,Low,,,2026-09-17 07:13:11.327262 UTC
TXN001779,CUST0262,37.25,0,Low,,,2026-09-17 07:13:11.327262 UTC
TXN003354,CUST0262,32.05,0,Low,,,2026-09-17 07:13:11.327262 UTC
TXN000052,CUST0262,31.66,0,Low,,,2026-09-17 07:13:11.327262 UTC
TXN004440,CUST0262,31.22,0,Low,,,2026-09-17 07:13:11.327262 UTC
TXN001624,CUST0262,45.74,0,Low,,,2026-09-17 07:13:11.327262 UTC
TXN000698,CUST0262,184.25,0,Low,,,2026-09-17 07:13:11.327262 UTC
TXN002385,CUST0262,71.57,0,Low,,,2026-09-17 07:13:11.327262 UTC
TXN003718,CUST0262,111.26,0,Low,,,2026-09-17 07:13:11.327262 UTC
TXN003438,CUST0262,110.73,0,Low,,,2026-09-17 07:13:11.327262 UTC
TXN000702,CUST0034,19.03,0,Low,,,2026-09-17 07:13:11.327262 UTC
TXN002990,CUST0263,21.64,0,Low,,,2026-09-17 07:13:11.327262 UTC
TXN002523,CUST0263,31.23,0,Low,,,2026-09-17 07:13:11.327262 UTC
TXN003604,CUST0263,22.76,0,Low,,,2026-09-17 07:13:11.327262 UTC
TXN004227,CUST0263,378.86,0,Low,,,2026-09-17 07:13:11.327262 UTC
TXN000800,CUST0263,11.28,0,Low,,,2026-09-17 07:13:11.327262 UTC
TXN002483,CUST0263,104.88,0,Low,,,2026-09-17 07:13:11.327262 UTC
TXN000606,CUST0263,60.32,0,Low,,,2026-09-17 07:13:11.327262 UTC
TXN004764,CUST0034,80.39,0,Low,,,2026-09-17 07:13:11.327262 UTC
TXN002134,CUST0264,13.53,0,Low,,,2026-09-17 07:13:11.327262 UTC
TXN004325,CUST0264,124.14,0,Low,,,2026-09-17 07:13:11.327262 UTC
TXN000977,CUST0264,12.93,0,Low,,,2026-09-17 07:13:11.327262 UTC
TXN002664,CUST0264,14.01,0,Low,,,2026-09-17 07:13:11.327262 UTC
TXN000315,CUST0264,7.95,0,Low,,,2026-09-17 07:13:11.327262 UTC
TXN001676,CUST0264,33.22,0,Low,,,2026-09-17 07:13:11.327262 UTC
TXN003320,CUST0264,11.15,0,Low,,,2026-09-17 07:13:11.327262 UTC
TXN004915,CUST0264,24.63,0,Low,,,2026-09-17 07:13:11.327262 UTC
TXN000202,CUST0264,128.48,0,Low,,,2026-09-17 07:13:11.327262 UTC
TXN004216,CUST0264,68.69,0,Low,,,2026-09-17 07:13:11.327262 UTC
TXN002250,CUST0264,141.61,0,Low,,,2026-09-17 07:13:11.327262 UTC
TXN000979,CUST0264,19.76,0,Low,,,2026-09-17 07:13:11.327262 UTC
TXN000462,CUST0033,24.58,0,Low,,,2026-09-17 07:13:11.327262 UTC
TXN002702,CUST0033,8.8,0,Low,,,2026-09-17 07:13:11.327262 UTC
TXN002195,CUST0265,132.16,0,Low,,,2026-09-17 07:13:11.327262 UTC
TXN003193,CUST0265,66.7,0,Low,,,2026-09-17 07:13:11.327262 UTC
TXN003702,CUST0265,34.49,0,Low,,,2026-09-17 07:13:11.327262 UTC
TXN000428,CUST0265,190.72,0,Low,,,2026-09-17 07:13:11.327262 UTC
TXN004522,CUST0265,10.23,0,Low,,,2026-09-17 07:13:11.327262 UTC
TXN001795,CUST0033,14.32,0,Low,,,2026-09-17 07:13:11.327262 UTC
TXN004333,CUST0033,85.55,0,Low,,,2026-09-17 07:13:11.327262 UTC
TXN002991,CUST0266,11.3,0,Low,,,2026-09-17 07:13:11.327262 UTC
TXN002058,CUST0266,14.51,0,Low,,,2026-09-17 07:13:11.327262 UTC
TXN004596,CUST0266,191.1,0,Low,,,2026-09-17 07:13:11.327262 UTC
TXN004648,CUST0266,11.52,0,Low,,,2026-09-17 07:13:11.327262 UTC
TXN001190,CUST0266,23.87,0,Low,,,2026-09-17 07:13:11.327262 UTC
TXN003310,CUST0266,13.15,0,Low,,,2026-09-17 07:13:11.327262 UTC
TXN000921,CUST0266,274.52,0,Low,,,2026-09-17 07:13:11.327262 UTC
TXN003108,CUST0266,25.57,0,Low,,,2026-09-17 07:13:11.327262 UTC
TXN004317,CUST0266,7.4,0,Low,,,2026-09-17 07:13:11.327262 UTC
TXN001831,CUST0266,19.71,0,Low,,,2026-09-17 07:13:11.327262 UTC
TXN000747,CUST0266,21.62,0,Low,,,2026-09-17 07:13:11.327262 UTC
TXN002443,CUST0266,39.44,0,Low,,,2026-09-17 07:13:11.327262 UTC
TXN004890,CUST0266,74.37,0,Low,,,2026-09-17 07:13:11.327262 UTC
TXN000936,CUST0266,28.92,0,Low,,,2026-09-17 07:13:11.327262 UTC
TXN003805,CUST0266,387.39,0,Low,,,2026-09-17 07:13:11.327262 UTC
TXN000898,CUST0033,14.86,0,Low,,,2026-09-17 07:13:11.327262 UTC
TXN000475,CUST0267,184.23,0,Low,,,2026-09-17 07:13:11.327262 UTC
TXN001874,CUST0267,53.69,0,Low,,,2026-09-17 07:13:11.327262 UTC
TXN002560,CUST0267,21.21,0,Low,,,2026-09-17 07:13:11.327262 UTC
TXN004993,CUST0267,68.27,0,Low,,,2026-09-17 07:13:11.327262 UTC
TXN001689,CUST0267,9.7,0,Low,,,2026-09-17 07:13:11.327262 UTC
TXN003188,CUST0267,184.94,0,Low,,,2026-09-17 07:13:11.327262 UTC
TXN001029,CUST0267,47.09,0,Low,,,2026-09-17 07:13:11.327262 UTC
TXN004995,CUST0267,84.46,0,Low,,,2026-09-17 07:13:11.327262 UTC
TXN001229,CUST0033,10.54,0,Low,,,2026-09-17 07:13:11.327262 UTC
TXN003052,CUST0032,282.46,0,Low,,,2026-09-17 07:13:11.327262 UTC
TXN000588,CUST0268,344.23,0,Low,,,2026-09-17 07:13:11.327262 UTC
TXN000829,CUST0268,9.26,0,Low,,,2026-09-17 07:13:11.327262 UTC
TXN002437,CUST0268,9.7,0,Low,,,2026-09-17 07:13:11.327262 UTC
TXN003391,CUST0268,228.13,0,Low,,,2026-09-17 07:13:11.327262 UTC
TXN000285,CUST0268,248.85,0,Low,,,2026-09-17 07:13:11.327262 UTC
TXN001760,CUST0032,46.79,0,Low,,,2026-09-17 07:13:11.327262 UTC
TXN004630,CUST0032,146.31,0,Low,,,2026-09-17 07:13:11.327262 UTC
TXN001535,CUST0032,99.07,0,Low,,,2026-09-17 07:13:11.327262 UTC
TXN000886,CUST0269,31.11,0,Low,,,2026-09-17 07:13:11.327262 UTC
TXN001483,CUST0269,294.44,0,Low,,,2026-09-17 07:13:11.327262 UTC
TXN003692,CUST0269,69.15,0,Low,,,2026-09-17 07:13:11.327262 UTC
TXN002589,CUST0269,124.24,0,Low,,,2026-09-17 07:13:11.327262 UTC
TXN000950,CUST0269,8.31,0,Low,,,2026-09-17 07:13:11.327262 UTC
TXN003800,CUST0269,204.71,0,Low,,,2026-09-17 07:13:11.327262 UTC
TXN003495,CUST0269,240.75,0,Low,,,2026-09-17 07:13:11.327262 UTC
TXN001871,CUST0269,148.44,0,Low,,,2026-09-17 07:13:11.327262 UTC
TXN004184,CUST0269,16.12,0,Low,,,2026-09-17 07:13:11.327262 UTC
TXN000847,CUST0032,241.96,0,Low,,,2026-09-17 07:13:11.327262 UTC
TXN001929,CUST0032,24.18,0,Low,,,2026-09-17 07:13:11.327262 UTC
TXN003168,CUST0031,227.45,0,Low,,,2026-09-17 07:13:11.327262 UTC
TXN004377,CUST0270,27.58,0,Low,,,2026-09-17 07:13:11.327262 UTC
TXN004792,CUST0270,7.97,0,Low,,,2026-09-17 07:13:11.327262 UTC
TXN000054,CUST0270,157.51,0,Low,,,2026-09-17 07:13:11.327262 UTC
TXN003117,CUST0270,277.35,0,Low,,,2026-09-17 07:13:11.327262 UTC
TXN001278,CUST0031,173.52,0,Low,,,2026-09-17 07:13:11.327262 UTC
TXN002923,CUST0031,11.21,0,Low,,,2026-09-17 07:13:11.327262 UTC
TXN004942,CUST0031,22.81,0,Low,,,2026-09-17 07:13:11.327262 UTC
TXN003531,CUST0271,127.99,0,Low,,,2026-09-17 07:13:11.327262 UTC
TXN004237,CUST0271,8.87,0,Low,,,2026-09-17 07:13:11.327262 UTC
TXN001502,CUST0271,296.75,0,Low,,,2026-09-17 07:13:11.327262 UTC
TXN000124,CUST0271,354.61,0,Low,,,2026-09-17 07:13:11.327262 UTC
TXN000560,CUST0271,371.17,0,Low,,,2026-09-17 07:13:11.327262 UTC
TXN002412,CUST0271,112.23,0,Low,,,2026-09-17 07:13:11.327262 UTC
TXN000821,CUST0271,36.11,0,Low,,,2026-09-17 07:13:11.327262 UTC
TXN003955,CUST0271,391.65,0,Low,,,2026-09-17 07:13:11.327262 UTC
TXN002472,CUST0271,39.74,0,Low,,,2026-09-17 07:13:11.327262 UTC
TXN004567,CUST0271,27.89,0,Low,,,2026-09-17 07:13:11.327262 UTC
TXN001176,CUST0031,28.7,0,Low,,,2026-09-17 07:13:11.327262 UTC
TXN000733,CUST0031,60.26,0,Low,,,2026-09-17 07:13:11.327262 UTC
TXN004029,CUST0031,7.64,0,Low,,,2026-09-17 07:13:11.327262 UTC
TXN004967,CUST0030,195.01,0,Low,,,2026-09-17 07:13:11.327262 UTC
TXN002521,CUST0030,383.46,0,Low,,,2026-09-17 07:13:11.327262 UTC
TXN002218,CUST0272,47.64,0,Low,,,2026-09-17 07:13:11.327262 UTC
TXN002610,CUST0272,185.27,0,Low,,,2026-09-17 07:13:11.327262 UTC
TXN001403,CUST0272,26.2,0,Low,,,2026-09-17 07:13:11.327262 UTC
TXN002159,CUST0272,15.41,0,Low,,,2026-09-17 07:13:11.327262 UTC
TXN002743,CUST0272,10.89,0,Low,,,2026-09-17 07:13:11.327262 UTC
TXN004090,CUST0272,17.63,0,Low,,,2026-09-17 07:13:11.327262 UTC
TXN003681,CUST0272,23.75,0,Low,,,2026-09-17 07:13:11.327262 UTC
TXN001398,CUST0272,128.84,0,Low,,,2026-09-17 07:13:11.327262 UTC
TXN001882,CUST0272,20.04,0,Low,,,2026-09-17 07:13:11.327262 UTC
TXN000348,CUST0030,167.34,0,Low,,,2026-09-17 07:13:11.327262 UTC
TXN001310,CUST0273,47.92,0,Low,,,2026-09-17 07:13:11.327262 UTC
TXN000711,CUST0273,185.41,0,Low,,,2026-09-17 07:13:11.327262 UTC
TXN004813,CUST0273,189.56,0,Low,,,2026-09-17 07:13:11.327262 UTC
TXN003916,CUST0273,172.33,0,Low,,,2026-09-17 07:13:11.327262 UTC
TXN002840,CUST0273,110.83,0,Low,,,2026-09-17 07:13:11.327262 UTC
TXN000219,CUST0273,77.75,0,Low,,,2026-09-17 07:13:11.327262 UTC
TXN001506,CUST0273,51.68,0,Low,,,2026-09-17 07:13:11.327262 UTC
TXN002422,CUST0273,122.64,0,Low,,,2026-09-17 07:13:11.327262 UTC
TXN003277,CUST0030,45.68,0,Low,,,2026-09-17 07:13:11.327262 UTC
TXN004390,CUST0274,67.16,0,Low,,,2026-09-17 07:13:11.327262 UTC
TXN002568,CUST0274,27.78,0,Low,,,2026-09-17 07:13:11.327262 UTC
TXN003333,CUST0274,81.08,0,Low,,,2026-09-17 07:13:11.327262 UTC
TXN002358,CUST0274,74.61,0,Low,,,2026-09-17 07:13:11.327262 UTC
TXN000165,CUST0274,225.25,0,Low,,,2026-09-17 07:13:11.327262 UTC
TXN003598,CUST0274,65.19,0,Low,,,2026-09-17 07:13:11.327262 UTC
TXN004406,CUST0274,11.48,0,Low,,,2026-09-17 07:13:11.327262 UTC
TXN004439,CUST0274,9.6,0,Low,,,2026-09-17 07:13:11.327262 UTC
TXN004492,CUST0274,57.88,0,Low,,,2026-09-17 07:13:11.327262 UTC
TXN002149,CUST0274,38.63,0,Low,,,2026-09-17 07:13:11.327262 UTC
TXN001734,CUST0030,277.66,0,Low,,,2026-09-17 07:13:11.327262 UTC
TXN004857,CUST0030,182.72,0,Low,,,2026-09-17 07:13:11.327262 UTC
TXN002527,CUST0275,37.86,0,Low,,,2026-09-17 07:13:11.327262 UTC
TXN002121,CUST0275,11.51,0,Low,,,2026-09-17 07:13:11.327262 UTC
TXN003283,CUST0275,22.04,0,Low,,,2026-09-17 07:13:11.327262 UTC
TXN004593,CUST0275,113.54,0,Low,,,2026-09-17 07:13:11.327262 UTC
TXN004149,CUST0275,7.59,0,Low,,,2026-09-17 07:13:11.327262 UTC
TXN003618,CUST0030,206.45,0,Low,,,2026-09-17 07:13:11.327262 UTC
TXN004452,CUST0030,386.01,0,Low,,,2026-09-17 07:13:11.327262 UTC
TXN004172,CUST0276,121.19,0,Low,,,2026-09-17 07:13:11.327262 UTC
TXN000442,CUST0276,140.89,0,Low,,,2026-09-17 07:13:11.327262 UTC
TXN003033,CUST0276,131.43,0,Low,,,2026-09-17 07:13:11.327262 UTC
TXN002775,CUST0276,10.48,0,Low,,,2026-09-17 07:13:11.327262 UTC
TXN000492,CUST0276,111.13,0,Low,,,2026-09-17 07:13:11.327262 UTC
TXN001187,CUST0276,89.58,0,Low,,,2026-09-17 07:13:11.327262 UTC
TXN000603,CUST0276,11.72,0,Low,,,2026-09-17 07:13:11.327262 UTC
TXN002823,CUST0276,24.6,0,Low,,,2026-09-17 07:13:11.327262 UTC
TXN002370,CUST0276,32.14,0,Low,,,2026-09-17 07:13:11.327262 UTC
TXN001560,CUST0030,121.64,0,Low,,,2026-09-17 07:13:11.327262 UTC
TXN004774,CUST0030,26.13,0,Low,,,2026-09-17 07:13:11.327262 UTC
TXN003741,CUST0277,126.61,0,Low,,,2026-09-17 07:13:11.327262 UTC
TXN003224,CUST0277,145.82,0,Low,,,2026-09-17 07:13:11.327262 UTC
TXN000811,CUST0277,229.46,0,Low,,,2026-09-17 07:13:11.327262 UTC
TXN002808,CUST0277,146.04,0,Low,,,2026-09-17 07:13:11.327262 UTC
TXN001148,CUST0277,12.15,0,Low,,,2026-09-17 07:13:11.327262 UTC
TXN000271,CUST0277,70.78,0,Low,,,2026-09-17 07:13:11.327262 UTC
TXN002512,CUST0277,27.9,0,Low,,,2026-09-17 07:13:11.327262 UTC
TXN000688,CUST0277,136.87,0,Low,,,2026-09-17 07:13:11.327262 UTC
TXN004060,CUST0277,345.01,0,Low,,,2026-09-17 07:13:11.327262 UTC
TXN004721,CUST0030,25.26,0,Low,,,2026-09-17 07:13:11.327262 UTC
TXN001815,CUST0030,80.49,0,Low,,,2026-09-17 07:13:11.327262 UTC
TXN001888,CUST0278,219.21,0,Low,,,2026-09-17 07:13:11.327262 UTC
TXN002944,CUST0278,187.92,0,Low,,,2026-09-17 07:13:11.327262 UTC
TXN002960,CUST0278,252.66,0,Low,,,2026-09-17 07:13:11.327262 UTC
TXN003865,CUST0278,8.59,0,Low,,,2026-09-17 07:13:11.327262 UTC
TXN003426,CUST0278,29.23,0,Low,,,2026-09-17 07:13:11.327262 UTC
TXN000740,CUST0278,158.2,0,Low,,,2026-09-17 07:13:11.327262 UTC
TXN002025,CUST0278,8.93,0,Low,,,2026-09-17 07:13:11.327262 UTC
TXN002265,CUST0278,16.3,0,Low,,,2026-09-17 07:13:11.327262 UTC
TXN003636,CUST0279,8.99,0,Low,,,2026-09-17 07:13:11.327262 UTC
TXN001126,CUST0279,21.01,0,Low,,,2026-09-17 07:13:11.327262 UTC
TXN003927,CUST0279,222.31,0,Low,,,2026-09-17 07:13:11.327262 UTC
TXN000905,CUST0279,9.25,0,Low,,,2026-09-17 07:13:11.327262 UTC
TXN004628,CUST0029,16.64,0,Low,,,2026-09-17 07:13:11.327262 UTC
TXN004513,CUST0029,8.27,0,Low,,,2026-09-17 07:13:11.327262 UTC
TXN000086,CUST0029,181.56,0,Low,,,2026-09-17 07:13:11.327262 UTC
TXN001333,CUST0029,13.73,0,Low,,,2026-09-17 07:13:11.327262 UTC
TXN001103,CUST0029,43.32,0,Low,,,2026-09-17 07:13:11.327262 UTC
TXN003266,CUST0029,33.6,0,Low,,,2026-09-17 07:13:11.327262 UTC
TXN001418,CUST0029,142.09,0,Low,,,2026-09-17 07:13:11.327262 UTC
TXN003550,CUST0280,9.66,0,Low,,,2026-09-17 07:13:11.327262 UTC
TXN003626,CUST0280,83.66,0,Low,,,2026-09-17 07:13:11.327262 UTC
TXN000700,CUST0280,329.45,0,Low,,,2026-09-17 07:13:11.327262 UTC
TXN004318,CUST0280,92.23,0,Low,,,2026-09-17 07:13:11.327262 UTC
TXN000868,CUST0280,70.98,0,Low,,,2026-09-17 07:13:11.327262 UTC
TXN003645,CUST0280,43.6,0,Low,,,2026-09-17 07:13:11.327262 UTC
TXN001635,CUST0280,137.87,0,Low,,,2026-09-17 07:13:11.327262 UTC
TXN003824,CUST0280,58.99,0,Low,,,2026-09-17 07:13:11.327262 UTC
TXN000996,CUST0280,33.53,0,Low,,,2026-09-17 07:13:11.327262 UTC
TXN001163,CUST0029,26.97,0,Low,,,2026-09-17 07:13:11.327262 UTC
TXN001461,CUST0029,8.4,0,Low,,,2026-09-17 07:13:11.327262 UTC
TXN004146,CUST0029,15.35,0,Low,,,2026-09-17 07:13:11.327262 UTC
TXN002122,CUST0029,12.41,0,Low,,,2026-09-17 07:13:11.327262 UTC
TXN000992,CUST0281,29.37,0,Low,,,2026-09-17 07:13:11.327262 UTC
TXN000985,CUST0281,206.44,0,Low,,,2026-09-17 07:13:11.327262 UTC
TXN001794,CUST0281,21.04,0,Low,,,2026-09-17 07:13:11.327262 UTC
TXN003379,CUST0281,18.24,0,Low,,,2026-09-17 07:13:11.327262 UTC
TXN001068,CUST0281,81.96,0,Low,,,2026-09-17 07:13:11.327262 UTC
TXN002828,CUST0281,66.77,0,Low,,,2026-09-17 07:13:11.327262 UTC
TXN001241,CUST0281,62.26,0,Low,,,2026-09-17 07:13:11.327262 UTC
TXN000179,CUST0281,371.23,0,Low,,,2026-09-17 07:13:11.327262 UTC
TXN001740,CUST0281,41.13,0,Low,,,2026-09-17 07:13:11.327262 UTC
TXN001654,CUST0281,28.4,0,Low,,,2026-09-17 07:13:11.327262 UTC
TXN001059,CUST0281,10.89,0,Low,,,2026-09-17 07:13:11.327262 UTC
TXN004732,CUST0281,7.88,0,Low,,,2026-09-17 07:13:11.327262 UTC
TXN000191,CUST0281,293.84,0,Low,,,2026-09-17 07:13:11.327262 UTC
TXN004745,CUST0281,147.94,0,Low,,,2026-09-17 07:13:11.327262 UTC
TXN002841,CUST0029,11.87,0,Low,,,2026-09-17 07:13:11.327262 UTC
TXN004761,CUST0028,19.32,0,Low,,,2026-09-17 07:13:11.327262 UTC
TXN004831,CUST0028,15.51,0,Low,,,2026-09-17 07:13:11.327262 UTC
TXN002845,CUST0028,24.04,0,Low,,,2026-09-17 07:13:11.327262 UTC
TXN000597,CUST0028,35.64,0,Low,,,2026-09-17 07:13:11.327262 UTC
TXN001438,CUST0282,13.05,0,Low,,,2026-09-17 07:13:11.327262 UTC
TXN001702,CUST0282,105.23,0,Low,,,2026-09-17 07:13:11.327262 UTC
TXN001153,CUST0282,134.43,0,Low,,,2026-09-17 07:13:11.327262 UTC
TXN002780,CUST0282,182.91,0,Low,,,2026-09-17 07:13:11.327262 UTC
TXN002235,CUST0282,40.97,0,Low,,,2026-09-17 07:13:11.327262 UTC
TXN004072,CUST0282,161.75,0,Low,,,2026-09-17 07:13:11.327262 UTC
TXN004987,CUST0282,243.96,0,Low,,,2026-09-17 07:13:11.327262 UTC
TXN000952,CUST0282,12.43,0,Low,,,2026-09-17 07:13:11.327262 UTC
TXN004847,CUST0282,83.4,0,Low,,,2026-09-17 07:13:11.327262 UTC
TXN002959,CUST0282,17.14,0,Low,,,2026-09-17 07:13:11.327262 UTC
TXN000444,CUST0282,50.08,0,Low,,,2026-09-17 07:13:11.327262 UTC
TXN001466,CUST0282,10.08,0,Low,,,2026-09-17 07:13:11.327262 UTC
TXN002283,CUST0028,29.76,0,Low,,,2026-09-17 07:13:11.327262 UTC
TXN001490,CUST0028,19.81,0,Low,,,2026-09-17 07:13:11.327262 UTC
TXN001843,CUST0028,11.64,0,Low,,,2026-09-17 07:13:11.327262 UTC
TXN002563,CUST0283,322.37,0,Low,,,2026-09-17 07:13:11.327262 UTC
TXN001532,CUST0283,253.94,0,Low,,,2026-09-17 07:13:11.327262 UTC
TXN001822,CUST0283,229.7,0,Low,,,2026-09-17 07:13:11.327262 UTC
TXN001456,CUST0283,45.01,0,Low,,,2026-09-17 07:13:11.327262 UTC
TXN001394,CUST0283,50.48,0,Low,,,2026-09-17 07:13:11.327262 UTC
TXN003589,CUST0283,18.9,0,Low,,,2026-09-17 07:13:11.327262 UTC
TXN003592,CUST0283,18.19,0,Low,,,2026-09-17 07:13:11.327262 UTC
TXN002886,CUST0283,44.9,0,Low,,,2026-09-17 07:13:11.327262 UTC
TXN000377,CUST0028,11.7,0,Low,,,2026-09-17 07:13:11.327262 UTC
TXN000382,CUST0028,83.99,0,Low,,,2026-09-17 07:13:11.327262 UTC
TXN000366,CUST0028,32.8,0,Low,,,2026-09-17 07:13:11.327262 UTC
TXN002270,CUST0028,73.15,0,Low,,,2026-09-17 07:13:11.327262 UTC
TXN002156,CUST0284,50.46,0,Low,,,2026-09-17 07:13:11.327262 UTC
TXN004670,CUST0284,9.43,0,Low,,,2026-09-17 07:13:11.327262 UTC
TXN001804,CUST0284,68.15,0,Low,,,2026-09-17 07:13:11.327262 UTC
TXN001650,CUST0284,8.61,0,Low,,,2026-09-17 07:13:11.327262 UTC
TXN000456,CUST0284,20.53,0,Low,,,2026-09-17 07:13:11.327262 UTC
TXN004248,CUST0284,16.57,0,Low,,,2026-09-17 07:13:11.327262 UTC
TXN002120,CUST0284,34.41,0,Low,,,2026-09-17 07:13:11.327262 UTC
TXN000257,CUST0027,288.99,0,Low,,,2026-09-17 07:13:11.327262 UTC
TXN001697,CUST0027,375.97,0,Low,,,2026-09-17 07:13:11.327262 UTC
TXN000037,CUST0285,96.77,0,Low,,,2026-09-17 07:13:11.327262 UTC
TXN003850,CUST0285,156.39,0,Low,,,2026-09-17 07:13:11.327262 UTC
TXN003141,CUST0285,57.21,0,Low,,,2026-09-17 07:13:11.327262 UTC
TXN000110,CUST0285,17.35,0,Low,,,2026-09-17 07:13:11.327262 UTC
TXN002413,CUST0285,151.16,0,Low,,,2026-09-17 07:13:11.327262 UTC
TXN000893,CUST0285,71.19,0,Low,,,2026-09-17 07:13:11.327262 UTC
TXN000171,CUST0285,11.52,0,Low,,,2026-09-17 07:13:11.327262 UTC
TXN001468,CUST0285,31.26,0,Low,,,2026-09-17 07:13:11.327262 UTC
TXN003436,CUST0285,35.42,0,Low,,,2026-09-17 07:13:11.327262 UTC
TXN004755,CUST0285,17.38,0,Low,,,2026-09-17 07:13:11.327262 UTC
TXN000158,CUST0285,25.58,0,Low,,,2026-09-17 07:13:11.327262 UTC
TXN003412,CUST0285,48.01,0,Low,,,2026-09-17 07:13:11.327262 UTC
TXN003106,CUST0285,34.05,0,Low,,,2026-09-17 07:13:11.327262 UTC
TXN000227,CUST0285,74.6,0,Low,,,2026-09-17 07:13:11.327262 UTC
TXN001633,CUST0285,30.45,0,Low,,,2026-09-17 07:13:11.327262 UTC
TXN002245,CUST0285,86.54,0,Low,,,2026-09-17 07:13:11.327262 UTC
TXN000737,CUST0285,13.01,0,Low,,,2026-09-17 07:13:11.327262 UTC
TXN001807,CUST0027,56.21,0,Low,,,2026-09-17 07:13:11.327262 UTC
TXN004106,CUST0027,40.44,0,Low,,,2026-09-17 07:13:11.327262 UTC
TXN001152,CUST0286,102.63,0,Low,,,2026-09-17 07:13:11.327262 UTC
TXN004784,CUST0286,284.07,0,Low,,,2026-09-17 07:13:11.327262 UTC
TXN001076,CUST0286,8.97,0,Low,,,2026-09-17 07:13:11.327262 UTC
TXN004582,CUST0286,115.31,0,Low,,,2026-09-17 07:13:11.327262 UTC
TXN003428,CUST0286,181.98,0,Low,,,2026-09-17 07:13:11.327262 UTC
TXN001002,CUST0286,11.23,0,Low,,,2026-09-17 07:13:11.327262 UTC
TXN003861,CUST0286,20.62,0,Low,,,2026-09-17 07:13:11.327262 UTC
TXN002239,CUST0286,83.96,0,Low,,,2026-09-17 07:13:11.327262 UTC
TXN001529,CUST0286,14.86,0,Low,,,2026-09-17 07:13:11.327262 UTC
TXN002590,CUST0286,210.33,0,Low,,,2026-09-17 07:13:11.327262 UTC
TXN001647,CUST0286,8.08,0,Low,,,2026-09-17 07:13:11.327262 UTC
TXN003510,CUST0286,7.94,0,Low,,,2026-09-17 07:13:11.327262 UTC
TXN002285,CUST0286,26.97,0,Low,,,2026-09-17 07:13:11.327262 UTC
TXN001397,CUST0286,23.05,0,Low,,,2026-09-17 07:13:11.327262 UTC
TXN004366,CUST0027,260.59,0,Low,,,2026-09-17 07:13:11.327262 UTC
TXN000075,CUST0027,288.9,0,Low,,,2026-09-17 07:13:11.327262 UTC
TXN004487,CUST0027,167.42,0,Low,,,2026-09-17 07:13:11.327262 UTC
TXN004394,CUST0027,31.78,0,Low,,,2026-09-17 07:13:11.327262 UTC
TXN003978,CUST0287,396.87,0,Low,,,2026-09-17 07:13:11.327262 UTC
TXN002182,CUST0287,199.54,0,Low,,,2026-09-17 07:13:11.327262 UTC
TXN003698,CUST0287,33.32,0,Low,,,2026-09-17 07:13:11.327262 UTC
TXN003202,CUST0287,214.34,0,Low,,,2026-09-17 07:13:11.327262 UTC
TXN003170,CUST0287,27.55,0,Low,,,2026-09-17 07:13:11.327262 UTC
TXN004808,CUST0287,12.28,0,Low,,,2026-09-17 07:13:11.327262 UTC
TXN004968,CUST0287,49.0,0,Low,,,2026-09-17 07:13:11.327262 UTC
TXN003289,CUST0287,56.03,0,Low,,,2026-09-17 07:13:11.327262 UTC
TXN001306,CUST0027,331.62,0,Low,,,2026-09-17 07:13:11.327262 UTC
TXN001349,CUST0027,34.0,0,Low,,,2026-09-17 07:13:11.327262 UTC
TXN002537,CUST0027,369.86,0,Low,,,2026-09-17 07:13:11.327262 UTC
TXN004517,CUST0288,106.75,0,Low,,,2026-09-17 07:13:11.327262 UTC
TXN004326,CUST0288,41.67,0,Low,,,2026-09-17 07:13:11.327262 UTC
TXN000839,CUST0288,66.55,0,Low,,,2026-09-17 07:13:11.327262 UTC
TXN001875,CUST0288,45.77,0,Low,,,2026-09-17 07:13:11.327262 UTC
TXN002964,CUST0288,41.3,0,Low,,,2026-09-17 07:13:11.327262 UTC
TXN002966,CUST0288,56.97,0,Low,,,2026-09-17 07:13:11.327262 UTC
TXN000254,CUST0288,21.92,0,Low,,,2026-09-17 07:13:11.327262 UTC
TXN002005,CUST0026,51.86,0,Low,,,2026-09-17 07:13:11.327262 UTC
TXN002905,CUST0026,211.91,0,Low,,,2026-09-17 07:13:11.327262 UTC
TXN004472,CUST0026,37.05,0,Low,,,2026-09-17 07:13:11.327262 UTC
TXN001670,CUST0026,89.35,0,Low,,,2026-09-17 07:13:11.327262 UTC
TXN002903,CUST0026,25.97,0,Low,,,2026-09-17 07:13:11.327262 UTC
TXN000984,CUST0289,27.47,0,Low,,,2026-09-17 07:13:11.327262 UTC
TXN003462,CUST0289,65.93,0,Low,,,2026-09-17 07:13:11.327262 UTC
TXN001433,CUST0289,162.01,0,Low,,,2026-09-17 07:13:11.327262 UTC
TXN002491,CUST0289,36.44,0,Low,,,2026-09-17 07:13:11.327262 UTC
TXN001085,CUST0289,387.82,0,Low,,,2026-09-17 07:13:11.327262 UTC
TXN003338,CUST0289,135.46,0,Low,,,2026-09-17 07:13:11.327262 UTC
TXN002737,CUST0289,163.95,0,Low,,,2026-09-17 07:13:11.327262 UTC
TXN004852,CUST0289,384.14,0,Low,,,2026-09-17 07:13:11.327262 UTC
TXN000514,CUST0289,57.0,0,Low,,,2026-09-17 07:13:11.327262 UTC
TXN004734,CUST0289,391.45,0,Low,,,2026-09-17 07:13:11.327262 UTC
TXN003941,CUST0289,142.13,0,Low,,,2026-09-17 07:13:11.327262 UTC
TXN004529,CUST0290,29.6,0,Low,,,2026-09-17 07:13:11.327262 UTC
TXN001298,CUST0290,152.56,0,Low,,,2026-09-17 07:13:11.327262 UTC
TXN003335,CUST0290,33.63,0,Low,,,2026-09-17 07:13:11.327262 UTC
TXN000288,CUST0290,342.04,0,Low,,,2026-09-17 07:13:11.327262 UTC
TXN001797,CUST0290,36.24,0,Low,,,2026-09-17 07:13:11.327262 UTC
TXN004281,CUST0290,201.76,0,Low,,,2026-09-17 07:13:11.327262 UTC
TXN000715,CUST0290,93.0,0,Low,,,2026-09-17 07:13:11.327262 UTC
TXN001406,CUST0290,257.47,0,Low,,,2026-09-17 07:13:11.327262 UTC
TXN001319,CUST0290,260.21,0,Low,,,2026-09-17 07:13:11.327262 UTC
TXN001842,CUST0290,10.15,0,Low,,,2026-09-17 07:13:11.327262 UTC
TXN001781,CUST0026,27.6,0,Low,,,2026-09-17 07:13:11.327262 UTC
TXN000397,CUST0291,120.69,0,Low,,,2026-09-17 07:13:11.327262 UTC
TXN003710,CUST0291,20.55,0,Low,,,2026-09-17 07:13:11.327262 UTC
TXN003051,CUST0291,94.67,0,Low,,,2026-09-17 07:13:11.327262 UTC
TXN001089,CUST0291,78.5,0,Low,,,2026-09-17 07:13:11.327262 UTC
TXN002317,CUST0291,184.04,0,Low,,,2026-09-17 07:13:11.327262 UTC
TXN001786,CUST0291,116.53,0,Low,,,2026-09-17 07:13:11.327262 UTC
TXN003411,CUST0291,34.48,0,Low,,,2026-09-17 07:13:11.327262 UTC
TXN002177,CUST0291,16.98,0,Low,,,2026-09-17 07:13:11.327262 UTC
TXN004414,CUST0291,110.95,0,Low,,,2026-09-17 07:13:11.327262 UTC
TXN001917,CUST0026,48.2,0,Low,,,2026-09-17 07:13:11.327262 UTC
TXN003948,CUST0026,41.32,0,Low,,,2026-09-17 07:13:11.327262 UTC
TXN002851,CUST0026,39.79,0,Low,,,2026-09-17 07:13:11.327262 UTC
TXN000620,CUST0026,149.11,0,Low,,,2026-09-17 07:13:11.327262 UTC
TXN004251,CUST0026,246.6,0,Low,,,2026-09-17 07:13:11.327262 UTC
TXN002038,CUST0026,87.8,0,Low,,,2026-09-17 07:13:11.327262 UTC
TXN003070,CUST0026,8.46,0,Low,,,2026-09-17 07:13:11.327262 UTC
TXN002255,CUST0292,30.05,0,Low,,,2026-09-17 07:13:11.327262 UTC
TXN004506,CUST0292,7.85,0,Low,,,2026-09-17 07:13:11.327262 UTC
TXN004417,CUST0292,24.2,0,Low,,,2026-09-17 07:13:11.327262 UTC
TXN002597,CUST0292,99.05,0,Low,,,2026-09-17 07:13:11.327262 UTC
TXN004518,CUST0292,20.68,0,Low,,,2026-09-17 07:13:11.327262 UTC
TXN004003,CUST0292,88.84,0,Low,,,2026-09-17 07:13:11.327262 UTC
TXN001585,CUST0292,34.0,0,Low,,,2026-09-17 07:13:11.327262 UTC
TXN002430,CUST0292,25.61,0,Low,,,2026-09-17 07:13:11.327262 UTC
TXN002321,CUST0292,50.15,0,Low,,,2026-09-17 07:13:11.327262 UTC
TXN000408,CUST0292,10.77,0,Low,,,2026-09-17 07:13:11.327262 UTC
TXN001841,CUST0292,107.86,0,Low,,,2026-09-17 07:13:11.327262 UTC
TXN000065,CUST0292,16.65,0,Low,,,2026-09-17 07:13:11.327262 UTC
TXN001724,CUST0025,96.72,0,Low,,,2026-09-17 07:13:11.327262 UTC
TXN000211,CUST0025,25.51,0,Low,,,2026-09-17 07:13:11.327262 UTC
TXN000224,CUST0025,79.48,0,Low,,,2026-09-17 07:13:11.327262 UTC
TXN000550,CUST0025,11.63,0,Low,,,2026-09-17 07:13:11.327262 UTC
TXN000793,CUST0025,21.48,0,Low,,,2026-09-17 07:13:11.327262 UTC
TXN002913,CUST0293,24.06,0,Low,,,2026-09-17 07:13:11.327262 UTC
TXN004347,CUST0293,7.42,0,Low,,,2026-09-17 07:13:11.327262 UTC
TXN000266,CUST0293,74.31,0,Low,,,2026-09-17 07:13:11.327262 UTC
TXN001550,CUST0293,50.86,0,Low,,,2026-09-17 07:13:11.327262 UTC
TXN002087,CUST0293,12.12,0,Low,,,2026-09-17 07:13:11.327262 UTC
TXN001165,CUST0293,81.55,0,Low,,,2026-09-17 07:13:11.327262 UTC
TXN003015,CUST0024,160.23,0,Low,,,2026-09-17 07:13:11.327262 UTC
TXN000927,CUST0024,73.85,0,Low,,,2026-09-17 07:13:11.327262 UTC
TXN000714,CUST0294,23.72,0,Low,,,2026-09-17 07:13:11.327262 UTC
TXN004033,CUST0294,7.55,0,Low,,,2026-09-17 07:13:11.327262 UTC
TXN003380,CUST0294,35.81,0,Low,,,2026-09-17 07:13:11.327262 UTC
TXN000080,CUST0294,25.29,0,Low,,,2026-09-17 07:13:11.327262 UTC
TXN002230,CUST0294,17.86,0,Low,,,2026-09-17 07:13:11.327262 UTC
TXN002586,CUST0294,22.62,0,Low,,,2026-09-17 07:13:11.327262 UTC
TXN001808,CUST0294,30.02,0,Low,,,2026-09-17 07:13:11.327262 UTC
TXN004657,CUST0294,14.52,0,Low,,,2026-09-17 07:13:11.327262 UTC
TXN003808,CUST0294,20.87,0,Low,,,2026-09-17 07:13:11.327262 UTC
TXN003826,CUST0294,222.16,0,Low,,,2026-09-17 07:13:11.327262 UTC
TXN004989,CUST0294,12.64,0,Low,,,2026-09-17 07:13:11.327262 UTC
TXN004402,CUST0294,21.65,0,Low,,,2026-09-17 07:13:11.327262 UTC
TXN004988,CUST0294,14.34,0,Low,,,2026-09-17 07:13:11.327262 UTC
TXN003330,CUST0024,156.86,0,Low,,,2026-09-17 07:13:11.327262 UTC
TXN002936,CUST0024,14.48,0,Low,,,2026-09-17 07:13:11.327262 UTC
TXN001073,CUST0024,59.55,0,Low,,,2026-09-17 07:13:11.327262 UTC
TXN002965,CUST0024,20.29,0,Low,,,2026-09-17 07:13:11.327262 UTC
TXN000695,CUST0295,75.54,0,Low,,,2026-09-17 07:13:11.327262 UTC
TXN003367,CUST0295,85.08,0,Low,,,2026-09-17 07:13:11.327262 UTC
TXN000394,CUST0295,377.7,0,Low,,,2026-09-17 07:13:11.327262 UTC
TXN004715,CUST0295,31.93,0,Low,,,2026-09-17 07:13:11.327262 UTC
TXN002754,CUST0295,25.92,0,Low,,,2026-09-17 07:13:11.327262 UTC
TXN001607,CUST0295,250.02,0,Low,,,2026-09-17 07:13:11.327262 UTC
TXN004603,CUST0295,224.79,0,Low,,,2026-09-17 07:13:11.327262 UTC
TXN000193,CUST0295,24.47,0,Low,,,2026-09-17 07:13:11.327262 UTC
TXN004154,CUST0295,20.52,0,Low,,,2026-09-17 07:13:11.327262 UTC
TXN001023,CUST0295,8.49,0,Low,,,2026-09-17 07:13:11.327262 UTC
TXN003211,CUST0295,397.09,0,Low,,,2026-09-17 07:13:11.327262 UTC
TXN001926,CUST0296,33.5,0,Low,,,2026-09-17 07:13:11.327262 UTC
TXN001864,CUST0296,106.43,0,Low,,,2026-09-17 07:13:11.327262 UTC
TXN000988,CUST0296,69.64,0,Low,,,2026-09-17 07:13:11.327262 UTC
TXN002884,CUST0296,300.08,0,Low,,,2026-09-17 07:13:11.327262 UTC
TXN003959,CUST0296,161.75,0,Low,,,2026-09-17 07:13:11.327262 UTC
TXN000473,CUST0296,184.8,0,Low,,,2026-09-17 07:13:11.327262 UTC
TXN003262,CUST0296,13.95,0,Low,,,2026-09-17 07:13:11.327262 UTC
TXN000287,CUST0296,12.12,0,Low,,,2026-09-17 07:13:11.327262 UTC
TXN004384,CUST0296,16.46,0,Low,,,2026-09-17 07:13:11.327262 UTC
TXN002136,CUST0296,73.56,0,Low,,,2026-09-17 07:13:11.327262 UTC
TXN004916,CUST0296,368.04,0,Low,,,2026-09-17 07:13:11.327262 UTC
TXN004330,CUST0024,377.48,0,Low,,,2026-09-17 07:13:11.327262 UTC
TXN000763,CUST0024,25.98,0,Low,,,2026-09-17 07:13:11.327262 UTC
TXN004165,CUST0024,231.35,0,Low,,,2026-09-17 07:13:11.327262 UTC
TXN002475,CUST0297,18.85,0,Low,,,2026-09-17 07:13:11.327262 UTC
TXN003736,CUST0297,77.52,0,Low,,,2026-09-17 07:13:11.327262 UTC
TXN003467,CUST0297,160.99,0,Low,,,2026-09-17 07:13:11.327262 UTC
TXN000604,CUST0297,41.18,0,Low,,,2026-09-17 07:13:11.327262 UTC
TXN003171,CUST0297,20.8,0,Low,,,2026-09-17 07:13:11.327262 UTC
TXN001218,CUST0297,96.84,0,Low,,,2026-09-17 07:13:11.327262 UTC
TXN004617,CUST0297,233.47,0,Low,,,2026-09-17 07:13:11.327262 UTC
TXN002396,CUST0297,7.8,0,Low,,,2026-09-17 07:13:11.327262 UTC
TXN004602,CUST0297,286.56,0,Low,,,2026-09-17 07:13:11.327262 UTC
TXN003733,CUST0297,167.44,0,Low,,,2026-09-17 07:13:11.327262 UTC
TXN000957,CUST0297,47.29,0,Low,,,2026-09-17 07:13:11.327262 UTC
TXN003732,CUST0297,153.94,0,Low,,,2026-09-17 07:13:11.327262 UTC
TXN002801,CUST0024,186.3,0,Low,,,2026-09-17 07:13:11.327262 UTC
TXN004929,CUST0023,67.32,0,Low,,,2026-09-17 07:13:11.327262 UTC
TXN000827,CUST0023,137.26,0,Low,,,2026-09-17 07:13:11.327262 UTC
TXN004376,CUST0023,28.05,0,Low,,,2026-09-17 07:13:11.327262 UTC
TXN002209,CUST0023,61.29,0,Low,,,2026-09-17 07:13:11.327262 UTC
TXN003932,CUST0298,326.04,0,Low,,,2026-09-17 07:13:11.327262 UTC
TXN001256,CUST0298,46.23,0,Low,,,2026-09-17 07:13:11.327262 UTC
TXN002275,CUST0298,13.28,0,Low,,,2026-09-17 07:13:11.327262 UTC
TXN000203,CUST0298,128.17,0,Low,,,2026-09-17 07:13:11.327262 UTC
TXN001137,CUST0298,188.3,0,Low,,,2026-09-17 07:13:11.327262 UTC
TXN003429,CUST0298,202.04,0,Low,,,2026-09-17 07:13:11.327262 UTC
TXN001039,CUST0298,60.22,0,Low,,,2026-09-17 07:13:11.327262 UTC
TXN004313,CUST0298,193.92,0,Low,,,2026-09-17 07:13:11.327262 UTC
TXN002934,CUST0298,120.93,0,Low,,,2026-09-17 07:13:11.327262 UTC
TXN001836,CUST0298,28.33,0,Low,,,2026-09-17 07:13:11.327262 UTC
TXN004219,CUST0298,19.47,0,Low,,,2026-09-17 07:13:11.327262 UTC
TXN003679,CUST0023,101.59,0,Low,,,2026-09-17 07:13:11.327262 UTC
TXN002222,CUST0022,60.83,0,Low,,,2026-09-17 07:13:11.327262 UTC
TXN002815,CUST0299,87.9,0,Low,,,2026-09-17 07:13:11.327262 UTC
TXN000900,CUST0299,66.28,0,Low,,,2026-09-17 07:13:11.327262 UTC
TXN003475,CUST0299,180.17,0,Low,,,2026-09-17 07:13:11.327262 UTC
TXN001600,CUST0299,229.52,0,Low,,,2026-09-17 07:13:11.327262 UTC
TXN002062,CUST0299,38.49,0,Low,,,2026-09-17 07:13:11.327262 UTC
TXN002343,CUST0299,10.31,0,Low,,,2026-09-17 07:13:11.327262 UTC
TXN000525,CUST0299,8.74,0,Low,,,2026-09-17 07:13:11.327262 UTC
TXN004383,CUST0299,8.95,0,Low,,,2026-09-17 07:13:11.327262 UTC
TXN003695,CUST0299,317.92,0,Low,,,2026-09-17 07:13:11.327262 UTC
TXN003031,CUST0299,148.24,0,Low,,,2026-09-17 07:13:11.327262 UTC
TXN004378,CUST0299,7.75,0,Low,,,2026-09-17 07:13:11.327262 UTC
TXN000457,CUST0299,29.25,0,Low,,,2026-09-17 07:13:11.327262 UTC
TXN000601,CUST0022,28.76,0,Low,,,2026-09-17 07:13:11.327262 UTC
TXN001501,CUST0022,74.22,0,Low,,,2026-09-17 07:13:11.327262 UTC
TXN002771,CUST0300,239.7,0,Low,,,2026-09-17 07:13:11.327262 UTC
TXN004886,CUST0300,52.25,0,Low,,,2026-09-17 07:13:11.327262 UTC
TXN001934,CUST0300,17.24,0,Low,,,2026-09-17 07:13:11.327262 UTC
TXN003414,CUST0300,72.65,0,Low,,,2026-09-17 07:13:11.327262 UTC
TXN003516,CUST0300,117.97,0,Low,,,2026-09-17 07:13:11.327262 UTC
TXN002668,CUST0300,20.16,0,Low,,,2026-09-17 07:13:11.327262 UTC
TXN001552,CUST0300,27.7,0,Low,,,2026-09-17 07:13:11.327262 UTC
TXN001407,CUST0300,107.35,0,Low,,,2026-09-17 07:13:11.327262 UTC
TXN002947,CUST0300,14.54,0,Low,,,2026-09-17 07:13:11.327262 UTC
TXN002420,CUST0300,40.81,0,Low,,,2026-09-17 07:13:11.327262 UTC
TXN000877,CUST0300,74.16,0,Low,,,2026-09-17 07:13:11.327262 UTC
TXN002172,CUST0300,329.56,0,Low,,,2026-09-17 07:13:11.327262 UTC
TXN001107,CUST0300,14.58,0,Low,,,2026-09-17 07:13:11.327262 UTC
TXN001522,CUST0300,183.02,0,Low,,,2026-09-17 07:13:11.327262 UTC
TXN000008,CUST0300,19.45,0,Low,,,2026-09-17 07:13:11.327262 UTC
TXN003250,CUST0022,8.96,0,Low,,,2026-09-17 07:13:11.327262 UTC
TXN000116,CUST0022,13.11,0,Low,,,2026-09-17 07:13:11.327262 UTC
TXN001224,CUST0301,18.37,0,Low,,,2026-09-17 07:13:11.327262 UTC
TXN001391,CUST0301,14.49,0,Low,,,2026-09-17 07:13:11.327262 UTC
TXN004199,CUST0301,9.86,0,Low,,,2026-09-17 07:13:11.327262 UTC
TXN003269,CUST0301,25.28,0,Low,,,2026-09-17 07:13:11.327262 UTC
TXN002240,CUST0301,39.29,0,Low,,,2026-09-17 07:13:11.327262 UTC
TXN001345,CUST0301,44.01,0,Low,,,2026-09-17 07:13:11.327262 UTC
TXN000739,CUST0301,13.35,0,Low,,,2026-09-17 07:13:11.327262 UTC
TXN000858,CUST0301,68.54,0,Low,,,2026-09-17 07:13:11.327262 UTC
TXN002194,CUST0301,39.97,0,Low,,,2026-09-17 07:13:11.327262 UTC
TXN003817,CUST0022,8.34,0,Low,,,2026-09-17 07:13:11.327262 UTC
TXN001612,CUST0022,37.66,0,Low,,,2026-09-17 07:13:11.327262 UTC
TXN000722,CUST0022,11.46,0,Low,,,2026-09-17 07:13:11.327262 UTC
TXN000772,CUST0302,11.55,0,Low,,,2026-09-17 07:13:11.327262 UTC
TXN003678,CUST0302,17.36,0,Low,,,2026-09-17 07:13:11.327262 UTC
TXN002132,CUST0302,306.2,0,Low,,,2026-09-17 07:13:11.327262 UTC
TXN004495,CUST0302,38.27,0,Low,,,2026-09-17 07:13:11.327262 UTC
TXN000216,CUST0302,76.55,0,Low,,,2026-09-17 07:13:11.327262 UTC
TXN004700,CUST0302,371.69,0,Low,,,2026-09-17 07:13:11.327262 UTC
TXN001590,CUST0302,148.51,0,Low,,,2026-09-17 07:13:11.327262 UTC
TXN002983,CUST0302,39.56,0,Low,,,2026-09-17 07:13:11.327262 UTC
TXN000410,CUST0302,62.58,0,Low,,,2026-09-17 07:13:11.327262 UTC
TXN002279,CUST0302,195.78,0,Low,,,2026-09-17 07:13:11.327262 UTC
TXN004894,CUST0302,19.34,0,Low,,,2026-09-17 07:13:11.327262 UTC
TXN004709,CUST0302,7.7,0,Low,,,2026-09-17 07:13:11.327262 UTC
TXN000518,CUST0302,68.41,0,Low,,,2026-09-17 07:13:11.327262 UTC
TXN000770,CUST0302,42.02,0,Low,,,2026-09-17 07:13:11.327262 UTC
TXN002666,CUST0302,12.77,0,Low,,,2026-09-17 07:13:11.327262 UTC
TXN003446,CUST0302,82.18,0,Low,,,2026-09-17 07:13:11.327262 UTC
TXN001753,CUST0022,7.57,0,Low,,,2026-09-17 07:13:11.327262 UTC
TXN003114,CUST0303,65.61,0,Low,,,2026-09-17 07:13:11.327262 UTC
TXN002421,CUST0303,275.9,0,Low,,,2026-09-17 07:13:11.327262 UTC
TXN004011,CUST0303,254.19,0,Low,,,2026-09-17 07:13:11.327262 UTC
TXN002393,CUST0303,32.29,0,Low,,,2026-09-17 07:13:11.327262 UTC
TXN000063,CUST0303,14.13,0,Low,,,2026-09-17 07:13:11.327262 UTC
TXN004448,CUST0303,94.72,0,Low,,,2026-09-17 07:13:11.327262 UTC
TXN001757,CUST0303,79.65,0,Low,,,2026-09-17 07:13:11.327262 UTC
TXN001656,CUST0022,39.11,0,Low,,,2026-09-17 07:13:11.327262 UTC
TXN004662,CUST0304,92.13,0,Low,,,2026-09-17 07:13:11.327262 UTC
TXN004193,CUST0304,8.39,0,Low,,,2026-09-17 07:13:11.327262 UTC
TXN002367,CUST0304,8.87,0,Low,,,2026-09-17 07:13:11.327262 UTC
TXN004194,CUST0304,27.94,0,Low,,,2026-09-17 07:13:11.327262 UTC
TXN003977,CUST0304,111.9,0,Low,,,2026-09-17 07:13:11.327262 UTC
TXN000806,CUST0304,311.06,0,Low,,,2026-09-17 07:13:11.327262 UTC
TXN003708,CUST0304,58.51,0,Low,,,2026-09-17 07:13:11.327262 UTC
TXN001867,CUST0304,11.2,0,Low,,,2026-09-17 07:13:11.327262 UTC
TXN004186,CUST0304,113.39,0,Low,,,2026-09-17 07:13:11.327262 UTC
TXN000530,CUST0304,78.66,0,Low,,,2026-09-17 07:13:11.327262 UTC
TXN003788,CUST0304,34.9,0,Low,,,2026-09-17 07:13:11.327262 UTC
TXN004320,CUST0304,161.86,0,Low,,,2026-09-17 07:13:11.327262 UTC
TXN001622,CUST0021,16.87,0,Low,,,2026-09-17 07:13:11.327262 UTC
TXN001386,CUST0021,35.03,0,Low,,,2026-09-17 07:13:11.327262 UTC
TXN002271,CUST0021,37.87,0,Low,,,2026-09-17 07:13:11.327262 UTC
TXN003795,CUST0305,213.86,0,Low,,,2026-09-17 07:13:11.327262 UTC
TXN001961,CUST0305,28.79,0,Low,,,2026-09-17 07:13:11.327262 UTC
TXN002922,CUST0305,15.8,0,Low,,,2026-09-17 07:13:11.327262 UTC
TXN002027,CUST0305,22.73,0,Low,,,2026-09-17 07:13:11.327262 UTC
TXN004435,CUST0305,179.93,0,Low,,,2026-09-17 07:13:11.327262 UTC
TXN003752,CUST0305,365.81,0,Low,,,2026-09-17 07:13:11.327262 UTC
TXN000162,CUST0305,32.73,0,Low,,,2026-09-17 07:13:11.327262 UTC
TXN002744,CUST0305,45.98,0,Low,,,2026-09-17 07:13:11.327262 UTC
TXN001221,CUST0305,277.68,0,Low,,,2026-09-17 07:13:11.327262 UTC
TXN004613,CUST0305,10.16,0,Low,,,2026-09-17 07:13:11.327262 UTC
TXN004388,CUST0305,16.14,0,Low,,,2026-09-17 07:13:11.327262 UTC
TXN000679,CUST0305,12.92,0,Low,,,2026-09-17 07:13:11.327262 UTC
TXN002447,CUST0305,111.32,0,Low,,,2026-09-17 07:13:11.327262 UTC
TXN001463,CUST0021,39.06,0,Low,,,2026-09-17 07:13:11.327262 UTC
TXN003614,CUST0021,74.79,0,Low,,,2026-09-17 07:13:11.327262 UTC
TXN004306,CUST0021,62.33,0,Low,,,2026-09-17 07:13:11.327262 UTC
TXN003245,CUST0021,81.58,0,Low,,,2026-09-17 07:13:11.327262 UTC
TXN004179,CUST0021,43.11,0,Low,,,2026-09-17 07:13:11.327262 UTC
TXN004538,CUST0021,18.79,0,Low,,,2026-09-17 07:13:11.327262 UTC
TXN002848,CUST0306,353.6,0,Low,,,2026-09-17 07:13:11.327262 UTC
TXN000926,CUST0306,355.73,0,Low,,,2026-09-17 07:13:11.327262 UTC
TXN000513,CUST0306,217.58,0,Low,,,2026-09-17 07:13:11.327262 UTC
TXN002627,CUST0306,176.83,0,Low,,,2026-09-17 07:13:11.327262 UTC
TXN003350,CUST0306,13.19,0,Low,,,2026-09-17 07:13:11.327262 UTC
TXN001315,CUST0306,10.35,0,Low,,,2026-09-17 07:13:11.327262 UTC
TXN003427,CUST0306,23.54,0,Low,,,2026-09-17 07:13:11.327262 UTC
TXN003497,CUST0306,107.78,0,Low,,,2026-09-17 07:13:11.327262 UTC
TXN000294,CUST0306,92.47,0,Low,,,2026-09-17 07:13:11.327262 UTC
TXN004028,CUST0306,7.57,0,Low,,,2026-09-17 07:13:11.327262 UTC
TXN004691,CUST0306,23.47,0,Low,,,2026-09-17 07:13:11.327262 UTC
TXN001903,CUST0306,28.14,0,Low,,,2026-09-17 07:13:11.327262 UTC
TXN004521,CUST0306,15.76,0,Low,,,2026-09-17 07:13:11.327262 UTC
TXN002638,CUST0306,252.19,0,Low,,,2026-09-17 07:13:11.327262 UTC
TXN004683,CUST0306,111.26,0,Low,,,2026-09-17 07:13:11.327262 UTC
TXN004483,CUST0306,25.01,0,Low,,,2026-09-17 07:13:11.327262 UTC
TXN000755,CUST0306,215.33,0,Low,,,2026-09-17 07:13:11.327262 UTC
TXN001377,CUST0306,8.33,0,Low,,,2026-09-17 07:13:11.327262 UTC
TXN004493,CUST0307,7.54,0,Low,,,2026-09-17 07:13:11.327262 UTC
TXN003701,CUST0307,323.04,0,Low,,,2026-09-17 07:13:11.327262 UTC
TXN003590,CUST0307,402.81,0,Low,,,2026-09-17 07:13:11.327262 UTC
TXN001472,CUST0307,46.54,0,Low,,,2026-09-17 07:13:11.327262 UTC
TXN003627,CUST0307,48.38,0,Low,,,2026-09-17 07:13:11.327262 UTC
TXN002830,CUST0307,16.2,0,Low,,,2026-09-17 07:13:11.327262 UTC
TXN001404,CUST0307,8.74,0,Low,,,2026-09-17 07:13:11.327262 UTC
TXN003415,CUST0021,40.18,0,Low,,,2026-09-17 07:13:11.327262 UTC
TXN002618,CUST0308,66.32,0,Low,,,2026-09-17 07:13:11.327262 UTC
TXN004407,CUST0308,119.52,0,Low,,,2026-09-17 07:13:11.327262 UTC
TXN004860,CUST0308,270.42,0,Low,,,2026-09-17 07:13:11.327262 UTC
TXN004862,CUST0308,17.51,0,Low,,,2026-09-17 07:13:11.327262 UTC
TXN003819,CUST0308,59.06,0,Low,,,2026-09-17 07:13:11.327262 UTC
TXN003472,CUST0308,10.18,0,Low,,,2026-09-17 07:13:11.327262 UTC
TXN001913,CUST0308,172.68,0,Low,,,2026-09-17 07:13:11.327262 UTC
TXN002099,CUST0308,272.06,0,Low,,,2026-09-17 07:13:11.327262 UTC
TXN002092,CUST0308,22.64,0,Low,,,2026-09-17 07:13:11.327262 UTC
TXN000359,CUST0021,15.56,0,Low,,,2026-09-17 07:13:11.327262 UTC
TXN001986,CUST0020,43.91,0,Low,,,2026-09-17 07:13:11.327262 UTC
TXN003854,CUST0309,205.09,0,Low,,,2026-09-17 07:13:11.327262 UTC
TXN000621,CUST0309,9.74,0,Low,,,2026-09-17 07:13:11.327262 UTC
TXN002456,CUST0309,9.65,0,Low,,,2026-09-17 07:13:11.327262 UTC
TXN003366,CUST0309,62.2,0,Low,,,2026-09-17 07:13:11.327262 UTC
TXN001488,CUST0309,209.61,0,Low,,,2026-09-17 07:13:11.327262 UTC
TXN004361,CUST0309,26.34,0,Low,,,2026-09-17 07:13:11.327262 UTC
TXN000653,CUST0309,33.89,0,Low,,,2026-09-17 07:13:11.327262 UTC
TXN003984,CUST0309,78.92,0,Low,,,2026-09-17 07:13:11.327262 UTC
TXN002684,CUST0309,61.07,0,Low,,,2026-09-17 07:13:11.327262 UTC
TXN000822,CUST0020,81.81,0,Low,,,2026-09-17 07:13:11.327262 UTC
TXN002233,CUST0020,47.82,0,Low,,,2026-09-17 07:13:11.327262 UTC
TXN003194,CUST0310,257.47,0,Low,,,2026-09-17 07:13:11.327262 UTC
TXN004827,CUST0310,166.19,0,Low,,,2026-09-17 07:13:11.327262 UTC
TXN001261,CUST0310,80.04,0,Low,,,2026-09-17 07:13:11.327262 UTC
TXN001178,CUST0310,136.01,0,Low,,,2026-09-17 07:13:11.327262 UTC
TXN001030,CUST0310,236.87,0,Low,,,2026-09-17 07:13:11.327262 UTC
TXN003454,CUST0310,145.07,0,Low,,,2026-09-17 07:13:11.327262 UTC
TXN000026,CUST0310,9.94,0,Low,,,2026-09-17 07:13:11.327262 UTC
TXN001408,CUST0310,133.01,0,Low,,,2026-09-17 07:13:11.327262 UTC
TXN000049,CUST0310,74.29,0,Low,,,2026-09-17 07:13:11.327262 UTC
TXN002776,CUST0310,52.44,0,Low,,,2026-09-17 07:13:11.327262 UTC
TXN000934,CUST0310,66.56,0,Low,,,2026-09-17 07:13:11.327262 UTC
TXN002543,CUST0310,229.84,0,Low,,,2026-09-17 07:13:11.327262 UTC
TXN002362,CUST0310,53.89,0,Low,,,2026-09-17 07:13:11.327262 UTC
TXN001429,CUST0310,201.08,0,Low,,,2026-09-17 07:13:11.327262 UTC
TXN004410,CUST0310,42.21,0,Low,,,2026-09-17 07:13:11.327262 UTC
TXN004552,CUST0020,47.69,0,Low,,,2026-09-17 07:13:11.327262 UTC
TXN000447,CUST0020,145.37,0,Low,,,2026-09-17 07:13:11.327262 UTC
TXN001019,CUST0311,71.81,0,Low,,,2026-09-17 07:13:11.327262 UTC
TXN000275,CUST0311,9.71,0,Low,,,2026-09-17 07:13:11.327262 UTC
TXN001344,CUST0311,96.49,0,Low,,,2026-09-17 07:13:11.327262 UTC
TXN000190,CUST0311,156.81,0,Low,,,2026-09-17 07:13:11.327262 UTC
TXN000809,CUST0311,67.75,0,Low,,,2026-09-17 07:13:11.327262 UTC
TXN000469,CUST0311,280.94,0,Low,,,2026-09-17 07:13:11.327262 UTC
TXN003920,CUST0311,27.1,0,Low,,,2026-09-17 07:13:11.327262 UTC
TXN000641,CUST0311,35.59,0,Low,,,2026-09-17 07:13:11.327262 UTC
TXN002146,CUST0311,149.13,0,Low,,,2026-09-17 07:13:11.327262 UTC
TXN003649,CUST0311,40.37,0,Low,,,2026-09-17 07:13:11.327262 UTC
TXN002477,CUST0311,28.08,0,Low,,,2026-09-17 07:13:11.327262 UTC
TXN004885,CUST0020,12.88,0,Low,,,2026-09-17 07:13:11.327262 UTC
TXN001141,CUST0020,19.11,0,Low,,,2026-09-17 07:13:11.327262 UTC
TXN003976,CUST0312,83.31,0,Low,,,2026-09-17 07:13:11.327262 UTC
TXN000687,CUST0312,98.24,0,Low,,,2026-09-17 07:13:11.327262 UTC
TXN002680,CUST0312,8.91,0,Low,,,2026-09-17 07:13:11.327262 UTC
TXN004607,CUST0312,30.52,0,Low,,,2026-09-17 07:13:11.327262 UTC
TXN001593,CUST0312,27.21,0,Low,,,2026-09-17 07:13:11.327262 UTC
TXN000771,CUST0312,118.6,0,Low,,,2026-09-17 07:13:11.327262 UTC
TXN001305,CUST0312,18.02,0,Low,,,2026-09-17 07:13:11.327262 UTC
TXN003994,CUST0312,45.04,0,Low,,,2026-09-17 07:13:11.327262 UTC
TXN004497,CUST0312,23.15,0,Low,,,2026-09-17 07:13:11.327262 UTC
TXN004895,CUST0020,23.0,0,Low,,,2026-09-17 07:13:11.327262 UTC
TXN003825,CUST0020,8.29,0,Low,,,2026-09-17 07:13:11.327262 UTC
TXN003713,CUST0313,32.6,0,Low,,,2026-09-17 07:13:11.327262 UTC
TXN000849,CUST0313,40.4,0,Low,,,2026-09-17 07:13:11.327262 UTC
TXN003880,CUST0313,20.49,0,Low,,,2026-09-17 07:13:11.327262 UTC
TXN004775,CUST0313,55.69,0,Low,,,2026-09-17 07:13:11.327262 UTC
TXN002713,CUST0313,56.95,0,Low,,,2026-09-17 07:13:11.327262 UTC
TXN000813,CUST0313,24.27,0,Low,,,2026-09-17 07:13:11.327262 UTC
TXN002129,CUST0313,36.47,0,Low,,,2026-09-17 07:13:11.327262 UTC
TXN000583,CUST0313,47.32,0,Low,,,2026-09-17 07:13:11.327262 UTC
TXN002251,CUST0313,10.59,0,Low,,,2026-09-17 07:13:11.327262 UTC
TXN003491,CUST0313,104.48,0,Low,,,2026-09-17 07:13:11.327262 UTC
TXN003355,CUST0313,63.48,0,Low,,,2026-09-17 07:13:11.327262 UTC
TXN004340,CUST0313,26.75,0,Low,,,2026-09-17 07:13:11.327262 UTC
TXN001228,CUST0313,61.07,0,Low,,,2026-09-17 07:13:11.327262 UTC
TXN003148,CUST0020,17.23,0,Low,,,2026-09-17 07:13:11.327262 UTC
TXN000159,CUST0020,32.4,0,Low,,,2026-09-17 07:13:11.327262 UTC
TXN003182,CUST0314,190.02,0,Low,,,2026-09-17 07:13:11.327262 UTC
TXN002975,CUST0314,13.97,0,Low,,,2026-09-17 07:13:11.327262 UTC
TXN001343,CUST0314,10.73,0,Low,,,2026-09-17 07:13:11.327262 UTC
TXN001860,CUST0314,48.92,0,Low,,,2026-09-17 07:13:11.327262 UTC
TXN004380,CUST0314,91.11,0,Low,,,2026-09-17 07:13:11.327262 UTC
TXN003232,CUST0314,92.03,0,Low,,,2026-09-17 07:13:11.327262 UTC
TXN000487,CUST0314,43.44,0,Low,,,2026-09-17 07:13:11.327262 UTC
TXN001780,CUST0314,23.01,0,Low,,,2026-09-17 07:13:11.327262 UTC
TXN004042,CUST0314,20.78,0,Low,,,2026-09-17 07:13:11.327262 UTC
TXN004264,CUST0314,7.55,0,Low,,,2026-09-17 07:13:11.327262 UTC
TXN004331,CUST0314,267.91,0,Low,,,2026-09-17 07:13:11.327262 UTC
TXN002298,CUST0020,111.34,0,Low,,,2026-09-17 07:13:11.327262 UTC
TXN001013,CUST0315,45.24,0,Low,,,2026-09-17 07:13:11.327262 UTC
TXN004346,CUST0315,12.94,0,Low,,,2026-09-17 07:13:11.327262 UTC
TXN002660,CUST0315,268.5,0,Low,,,2026-09-17 07:13:11.327262 UTC
TXN000220,CUST0315,20.16,0,Low,,,2026-09-17 07:13:11.327262 UTC
TXN000674,CUST0315,69.48,0,Low,,,2026-09-17 07:13:11.327262 UTC
TXN004434,CUST0315,10.85,0,Low,,,2026-09-17 07:13:11.327262 UTC
TXN003094,CUST0019,62.0,0,Low,,,2026-09-17 07:13:11.327262 UTC
TXN002725,CUST0019,67.73,0,Low,,,2026-09-17 07:13:11.327262 UTC
TXN002973,CUST0019,73.69,0,Low,,,2026-09-17 07:13:11.327262 UTC
TXN003961,CUST0316,15.11,0,Low,,,2026-09-17 07:13:11.327262 UTC
TXN004620,CUST0316,8.38,0,Low,,,2026-09-17 07:13:11.327262 UTC
TXN004451,CUST0316,90.24,0,Low,,,2026-09-17 07:13:11.327262 UTC
TXN003564,CUST0316,105.52,0,Low,,,2026-09-17 07:13:11.327262 UTC
TXN003197,CUST0316,46.38,0,Low,,,2026-09-17 07:13:11.327262 UTC
TXN001171,CUST0316,157.41,0,Low,,,2026-09-17 07:13:11.327262 UTC
TXN004335,CUST0316,85.31,0,Low,,,2026-09-17 07:13:11.327262 UTC
TXN003780,CUST0316,31.75,0,Low,,,2026-09-17 07:13:11.327262 UTC
TXN000654,CUST0316,8.87,0,Low,,,2026-09-17 07:13:11.327262 UTC
TXN001123,CUST0316,9.16,0,Low,,,2026-09-17 07:13:11.327262 UTC
TXN004640,CUST0316,34.33,0,Low,,,2026-09-17 07:13:11.327262 UTC
TXN002777,CUST0019,43.6,0,Low,,,2026-09-17 07:13:11.327262 UTC
TXN003672,CUST0019,9.89,0,Low,,,2026-09-17 07:13:11.327262 UTC
TXN000274,CUST0019,53.53,0,Low,,,2026-09-17 07:13:11.327262 UTC
TXN002539,CUST0019,97.3,0,Low,,,2026-09-17 07:13:11.327262 UTC
TXN001024,CUST0317,168.55,0,Low,,,2026-09-17 07:13:11.327262 UTC
TXN004222,CUST0317,372.11,0,Low,,,2026-09-17 07:13:11.327262 UTC
TXN000531,CUST0317,17.19,0,Low,,,2026-09-17 07:13:11.327262 UTC
TXN003748,CUST0317,13.22,0,Low,,,2026-09-17 07:13:11.327262 UTC
TXN004544,CUST0019,177.93,0,Low,,,2026-09-17 07:13:11.327262 UTC
TXN004779,CUST0019,12.31,0,Low,,,2026-09-17 07:13:11.327262 UTC
TXN001859,CUST0018,52.95,0,Low,,,2026-09-17 07:13:11.327262 UTC
TXN003083,CUST0318,175.63,0,Low,,,2026-09-17 07:13:11.327262 UTC
TXN002383,CUST0318,52.59,0,Low,,,2026-09-17 07:13:11.327262 UTC
TXN002687,CUST0318,43.77,0,Low,,,2026-09-17 07:13:11.327262 UTC
TXN001892,CUST0318,232.08,0,Low,,,2026-09-17 07:13:11.327262 UTC
TXN000091,CUST0318,54.66,0,Low,,,2026-09-17 07:13:11.327262 UTC
TXN003848,CUST0318,181.42,0,Low,,,2026-09-17 07:13:11.327262 UTC
TXN001077,CUST0318,21.6,0,Low,,,2026-09-17 07:13:11.327262 UTC
TXN004717,CUST0318,11.07,0,Low,,,2026-09-17 07:13:11.327262 UTC
TXN001559,CUST0318,176.47,0,Low,,,2026-09-17 07:13:11.327262 UTC
TXN002268,CUST0318,198.51,0,Low,,,2026-09-17 07:13:11.327262 UTC
TXN000592,CUST0319,27.85,0,Low,,,2026-09-17 07:13:11.327262 UTC
TXN002377,CUST0319,10.78,0,Low,,,2026-09-17 07:13:11.327262 UTC
TXN004255,CUST0319,116.9,0,Low,,,2026-09-17 07:13:11.327262 UTC
TXN004292,CUST0319,295.55,0,Low,,,2026-09-17 07:13:11.327262 UTC
TXN000105,CUST0319,7.61,0,Low,,,2026-09-17 07:13:11.327262 UTC
TXN002335,CUST0319,13.72,0,Low,,,2026-09-17 07:13:11.327262 UTC
TXN000138,CUST0018,212.72,0,Low,,,2026-09-17 07:13:11.327262 UTC
TXN003268,CUST0320,12.81,0,Low,,,2026-09-17 07:13:11.327262 UTC
TXN001765,CUST0320,272.78,0,Low,,,2026-09-17 07:13:11.327262 UTC
TXN004871,CUST0320,13.36,0,Low,,,2026-09-17 07:13:11.327262 UTC
TXN004160,CUST0320,54.22,0,Low,,,2026-09-17 07:13:11.327262 UTC
TXN001476,CUST0320,42.0,0,Low,,,2026-09-17 07:13:11.327262 UTC
TXN003886,CUST0320,25.82,0,Low,,,2026-09-17 07:13:11.327262 UTC
TXN001609,CUST0320,204.39,0,Low,,,2026-09-17 07:13:11.327262 UTC
TXN000240,CUST0320,348.15,0,Low,,,2026-09-17 07:13:11.327262 UTC
TXN003607,CUST0320,11.1,0,Low,,,2026-09-17 07:13:11.327262 UTC
TXN001510,CUST0320,211.79,0,Low,,,2026-09-17 07:13:11.327262 UTC
TXN002056,CUST0018,142.4,0,Low,,,2026-09-17 07:13:11.327262 UTC
TXN002379,CUST0321,400.62,0,Low,,,2026-09-17 07:13:11.327262 UTC
TXN003875,CUST0321,33.38,0,Low,,,2026-09-17 07:13:11.327262 UTC
TXN003276,CUST0321,35.99,0,Low,,,2026-09-17 07:13:11.327262 UTC
TXN002732,CUST0321,53.98,0,Low,,,2026-09-17 07:13:11.327262 UTC
TXN004555,CUST0321,21.54,0,Low,,,2026-09-17 07:13:11.327262 UTC
TXN004078,CUST0321,8.17,0,Low,,,2026-09-17 07:13:11.327262 UTC
TXN003347,CUST0321,277.61,0,Low,,,2026-09-17 07:13:11.327262 UTC
TXN004203,CUST0321,45.49,0,Low,,,2026-09-17 07:13:11.327262 UTC
TXN001960,CUST0321,15.39,0,Low,,,2026-09-17 07:13:11.327262 UTC
TXN004170,CUST0321,70.89,0,Low,,,2026-09-17 07:13:11.327262 UTC
TXN002417,CUST0321,158.0,0,Low,,,2026-09-17 07:13:11.327262 UTC
TXN002930,CUST0321,280.04,0,Low,,,2026-09-17 07:13:11.327262 UTC
TXN000741,CUST0018,23.74,0,Low,,,2026-09-17 07:13:11.327262 UTC
TXN000843,CUST0322,56.63,0,Low,,,2026-09-17 07:13:11.327262 UTC
TXN002035,CUST0322,14.38,0,Low,,,2026-09-17 07:13:11.327262 UTC
TXN003666,CUST0322,15.79,0,Low,,,2026-09-17 07:13:11.327262 UTC
TXN001812,CUST0322,18.29,0,Low,,,2026-09-17 07:13:11.327262 UTC
TXN002993,CUST0322,103.1,0,Low,,,2026-09-17 07:13:11.327262 UTC
TXN003552,CUST0322,55.07,0,Low,,,2026-09-17 07:13:11.327262 UTC
TXN003305,CUST0322,45.72,0,Low,,,2026-09-17 07:13:11.327262 UTC
TXN000253,CUST0322,35.87,0,Low,,,2026-09-17 07:13:11.327262 UTC
TXN003192,CUST0322,84.58,0,Low,,,2026-09-17 07:13:11.327262 UTC
TXN004718,CUST0322,85.14,0,Low,,,2026-09-17 07:13:11.327262 UTC
TXN002141,CUST0322,124.53,0,Low,,,2026-09-17 07:13:11.327262 UTC
TXN001773,CUST0322,108.06,0,Low,,,2026-09-17 07:13:11.327262 UTC
TXN004411,CUST0322,22.86,0,Low,,,2026-09-17 07:13:11.327262 UTC
TXN000544,CUST0018,30.95,0,Low,,,2026-09-17 07:13:11.327262 UTC
TXN000021,CUST0018,121.3,0,Low,,,2026-09-17 07:13:11.327262 UTC
TXN004109,CUST0323,369.52,0,Low,,,2026-09-17 07:13:11.327262 UTC
TXN003135,CUST0323,104.6,0,Low,,,2026-09-17 07:13:11.327262 UTC
TXN002585,CUST0323,364.74,0,Low,,,2026-09-17 07:13:11.327262 UTC
TXN002144,CUST0323,65.21,0,Low,,,2026-09-17 07:13:11.327262 UTC
TXN000742,CUST0323,10.27,0,Low,,,2026-09-17 07:13:11.327262 UTC
TXN004381,CUST0323,10.58,0,Low,,,2026-09-17 07:13:11.327262 UTC
TXN000221,CUST0323,54.1,0,Low,,,2026-09-17 07:13:11.327262 UTC
TXN000281,CUST0323,171.59,0,Low,,,2026-09-17 07:13:11.327262 UTC
TXN002202,CUST0323,21.34,0,Low,,,2026-09-17 07:13:11.327262 UTC
TXN004337,CUST0323,175.27,0,Low,,,2026-09-17 07:13:11.327262 UTC
TXN001434,CUST0323,337.0,0,Low,,,2026-09-17 07:13:11.327262 UTC
TXN004724,CUST0323,262.71,0,Low,,,2026-09-17 07:13:11.327262 UTC
TXN002729,CUST0323,15.3,0,Low,,,2026-09-17 07:13:11.327262 UTC
TXN002888,CUST0018,25.09,0,Low,,,2026-09-17 07:13:11.327262 UTC
TXN002186,CUST0324,39.48,0,Low,,,2026-09-17 07:13:11.327262 UTC
TXN003665,CUST0324,143.87,0,Low,,,2026-09-17 07:13:11.327262 UTC
TXN003137,CUST0324,9.6,0,Low,,,2026-09-17 07:13:11.327262 UTC
TXN004225,CUST0324,13.83,0,Low,,,2026-09-17 07:13:11.327262 UTC
TXN001070,CUST0324,86.11,0,Low,,,2026-09-17 07:13:11.327262 UTC
TXN000566,CUST0324,13.05,0,Low,,,2026-09-17 07:13:11.327262 UTC
TXN002514,CUST0324,124.14,0,Low,,,2026-09-17 07:13:11.327262 UTC
TXN004573,CUST0324,278.26,0,Low,,,2026-09-17 07:13:11.327262 UTC
TXN000325,CUST0324,49.34,0,Low,,,2026-09-17 07:13:11.327262 UTC
TXN004525,CUST0324,9.82,0,Low,,,2026-09-17 07:13:11.327262 UTC
TXN000580,CUST0324,53.67,0,Low,,,2026-09-17 07:13:11.327262 UTC
TXN000527,CUST0018,295.64,0,Low,,,2026-09-17 07:13:11.327262 UTC
TXN000887,CUST0018,85.47,0,Low,,,2026-09-17 07:13:11.327262 UTC
TXN002313,CUST0017,18.5,0,Low,,,2026-09-17 07:13:11.327262 UTC
TXN004565,CUST0325,8.5,0,Low,,,2026-09-17 07:13:11.327262 UTC
TXN000087,CUST0325,59.25,0,Low,,,2026-09-17 07:13:11.327262 UTC
TXN004504,CUST0325,168.22,0,Low,,,2026-09-17 07:13:11.327262 UTC
TXN003567,CUST0325,222.49,0,Low,,,2026-09-17 07:13:11.327262 UTC
TXN003717,CUST0325,8.13,0,Low,,,2026-09-17 07:13:11.327262 UTC
TXN003112,CUST0325,379.29,0,Low,,,2026-09-17 07:13:11.327262 UTC
TXN003557,CUST0325,11.16,0,Low,,,2026-09-17 07:13:11.327262 UTC
TXN004103,CUST0017,92.06,0,Low,,,2026-09-17 07:13:11.327262 UTC
TXN002803,CUST0017,20.47,0,Low,,,2026-09-17 07:13:11.327262 UTC
TXN000413,CUST0017,53.27,0,Low,,,2026-09-17 07:13:11.327262 UTC
TXN000908,CUST0326,13.91,0,Low,,,2026-09-17 07:13:11.327262 UTC
TXN003260,CUST0326,8.5,0,Low,,,2026-09-17 07:13:11.327262 UTC
TXN001589,CUST0326,277.1,0,Low,,,2026-09-17 07:13:11.327262 UTC
TXN001816,CUST0326,228.16,0,Low,,,2026-09-17 07:13:11.327262 UTC
TXN000501,CUST0326,17.74,0,Low,,,2026-09-17 07:13:11.327262 UTC
TXN004396,CUST0326,107.25,0,Low,,,2026-09-17 07:13:11.327262 UTC
TXN004355,CUST0326,20.67,0,Low,,,2026-09-17 07:13:11.327262 UTC
TXN000791,CUST0326,90.06,0,Low,,,2026-09-17 07:13:11.327262 UTC
TXN000895,CUST0326,187.11,0,Low,,,2026-09-17 07:13:11.327262 UTC
TXN004267,CUST0017,7.75,0,Low,,,2026-09-17 07:13:11.327262 UTC
TXN003895,CUST0017,25.85,0,Low,,,2026-09-17 07:13:11.327262 UTC
TXN000297,CUST0017,20.35,0,Low,,,2026-09-17 07:13:11.327262 UTC
TXN001508,CUST0017,29.39,0,Low,,,2026-09-17 07:13:11.327262 UTC
TXN001968,CUST0327,9.44,0,Low,,,2026-09-17 07:13:11.327262 UTC
TXN002210,CUST0327,159.08,0,Low,,,2026-09-17 07:13:11.327262 UTC
TXN003174,CUST0327,40.51,0,Low,,,2026-09-17 07:13:11.327262 UTC
TXN001858,CUST0327,101.09,0,Low,,,2026-09-17 07:13:11.327262 UTC
TXN000730,CUST0327,252.81,0,Low,,,2026-09-17 07:13:11.327262 UTC
TXN001848,CUST0327,161.9,0,Low,,,2026-09-17 07:13:11.327262 UTC
TXN002552,CUST0327,16.13,0,Low,,,2026-09-17 07:13:11.327262 UTC
TXN002613,CUST0327,279.13,0,Low,,,2026-09-17 07:13:11.327262 UTC
TXN002406,CUST0327,22.4,0,Low,,,2026-09-17 07:13:11.327262 UTC
TXN000505,CUST0327,147.97,0,Low,,,2026-09-17 07:13:11.327262 UTC
TXN000062,CUST0017,10.4,0,Low,,,2026-09-17 07:13:11.327262 UTC
TXN001565,CUST0017,238.03,0,Low,,,2026-09-17 07:13:11.327262 UTC
TXN003344,CUST0328,170.47,0,Low,,,2026-09-17 07:13:11.327262 UTC
TXN001139,CUST0328,10.58,0,Low,,,2026-09-17 07:13:11.327262 UTC
TXN000876,CUST0328,25.97,0,Low,,,2026-09-17 07:13:11.327262 UTC
TXN004611,CUST0328,85.54,0,Low,,,2026-09-17 07:13:11.327262 UTC
TXN004955,CUST0328,10.68,0,Low,,,2026-09-17 07:13:11.327262 UTC
TXN003623,CUST0328,265.19,0,Low,,,2026-09-17 07:13:11.327262 UTC
TXN001979,CUST0017,17.17,0,Low,,,2026-09-17 07:13:11.327262 UTC
TXN002977,CUST0329,193.64,0,Low,,,2026-09-17 07:13:11.327262 UTC
TXN004117,CUST0329,19.76,0,Low,,,2026-09-17 07:13:11.327262 UTC
TXN002485,CUST0329,294.52,0,Low,,,2026-09-17 07:13:11.327262 UTC
TXN003630,CUST0329,11.76,0,Low,,,2026-09-17 07:13:11.327262 UTC
TXN004125,CUST0329,12.98,0,Low,,,2026-09-17 07:13:11.327262 UTC
TXN001080,CUST0329,33.13,0,Low,,,2026-09-17 07:13:11.327262 UTC
TXN001182,CUST0329,10.77,0,Low,,,2026-09-17 07:13:11.327262 UTC
TXN002952,CUST0329,28.71,0,Low,,,2026-09-17 07:13:11.327262 UTC
TXN000915,CUST0017,147.62,0,Low,,,2026-09-17 07:13:11.327262 UTC
TXN000729,CUST0330,115.89,0,Low,,,2026-09-17 07:13:11.327262 UTC
TXN003740,CUST0330,24.24,0,Low,,,2026-09-17 07:13:11.327262 UTC
TXN003069,CUST0330,230.01,0,Low,,,2026-09-17 07:13:11.327262 UTC
TXN003384,CUST0330,13.57,0,Low,,,2026-09-17 07:13:11.327262 UTC
TXN002632,CUST0330,325.3,0,Low,,,2026-09-17 07:13:11.327262 UTC
TXN001566,CUST0330,137.95,0,Low,,,2026-09-17 07:13:11.327262 UTC
TXN002867,CUST0330,20.87,0,Low,,,2026-09-17 07:13:11.327262 UTC
TXN000085,CUST0330,15.65,0,Low,,,2026-09-17 07:13:11.327262 UTC
TXN000576,CUST0331,108.37,0,Low,,,2026-09-17 07:13:11.327262 UTC
TXN003383,CUST0331,150.76,0,Low,,,2026-09-17 07:13:11.327262 UTC
TXN000104,CUST0331,18.42,0,Low,,,2026-09-17 07:13:11.327262 UTC
TXN004262,CUST0331,21.99,0,Low,,,2026-09-17 07:13:11.327262 UTC
TXN004373,CUST0017,86.7,0,Low,,,2026-09-17 07:13:11.327262 UTC
TXN004658,CUST0017,262.61,0,Low,,,2026-09-17 07:13:11.327262 UTC
TXN002740,CUST0017,243.9,0,Low,,,2026-09-17 07:13:11.327262 UTC
TXN004858,CUST0017,304.72,0,Low,,,2026-09-17 07:13:11.327262 UTC
TXN003792,CUST0332,44.76,0,Low,,,2026-09-17 07:13:11.327262 UTC
TXN004501,CUST0332,18.51,0,Low,,,2026-09-17 07:13:11.327262 UTC
TXN000472,CUST0332,199.85,0,Low,,,2026-09-17 07:13:11.327262 UTC
TXN004314,CUST0332,8.74,0,Low,,,2026-09-17 07:13:11.327262 UTC
TXN004763,CUST0332,21.58,0,Low,,,2026-09-17 07:13:11.327262 UTC
TXN004164,CUST0332,163.8,0,Low,,,2026-09-17 07:13:11.327262 UTC
TXN002400,CUST0332,166.01,0,Low,,,2026-09-17 07:13:11.327262 UTC
TXN003773,CUST0332,115.84,0,Low,,,2026-09-17 07:13:11.327262 UTC
TXN001146,CUST0332,372.31,0,Low,,,2026-09-17 07:13:11.327262 UTC
TXN004695,CUST0017,16.76,0,Low,,,2026-09-17 07:13:11.327262 UTC
TXN000536,CUST0016,12.07,0,Low,,,2026-09-17 07:13:11.327262 UTC
TXN002634,CUST0016,125.96,0,Low,,,2026-09-17 07:13:11.327262 UTC
TXN001991,CUST0016,119.66,0,Low,,,2026-09-17 07:13:11.327262 UTC
TXN002853,CUST0333,58.51,0,Low,,,2026-09-17 07:13:11.327262 UTC
TXN002123,CUST0333,8.76,0,Low,,,2026-09-17 07:13:11.327262 UTC
TXN002814,CUST0333,15.86,0,Low,,,2026-09-17 07:13:11.327262 UTC
TXN000033,CUST0333,140.2,0,Low,,,2026-09-17 07:13:11.327262 UTC
TXN001116,CUST0333,179.35,0,Low,,,2026-09-17 07:13:11.327262 UTC
TXN000681,CUST0333,15.48,0,Low,,,2026-09-17 07:13:11.327262 UTC
TXN000708,CUST0333,53.46,0,Low,,,2026-09-17 07:13:11.327262 UTC
TXN002392,CUST0016,58.68,0,Low,,,2026-09-17 07:13:11.327262 UTC
TXN003403,CUST0334,19.05,0,Low,,,2026-09-17 07:13:11.327262 UTC
TXN000807,CUST0334,10.93,0,Low,,,2026-09-17 07:13:11.327262 UTC
TXN001629,CUST0334,11.11,0,Low,,,2026-09-17 07:13:11.327262 UTC
TXN001207,CUST0334,29.82,0,Low,,,2026-09-17 07:13:11.327262 UTC
TXN000521,CUST0334,77.52,0,Low,,,2026-09-17 07:13:11.327262 UTC
TXN002234,CUST0334,147.43,0,Low,,,2026-09-17 07:13:11.327262 UTC
TXN003319,CUST0334,29.46,0,Low,,,2026-09-17 07:13:11.327262 UTC
TXN004726,CUST0334,9.94,0,Low,,,2026-09-17 07:13:11.327262 UTC
TXN001655,CUST0334,303.26,0,Low,,,2026-09-17 07:13:11.327262 UTC
TXN003005,CUST0334,90.95,0,Low,,,2026-09-17 07:13:11.327262 UTC
TXN001820,CUST0016,10.55,0,Low,,,2026-09-17 07:13:11.327262 UTC
TXN002204,CUST0335,124.89,0,Low,,,2026-09-17 07:13:11.327262 UTC
TXN002992,CUST0335,191.08,0,Low,,,2026-09-17 07:13:11.327262 UTC
TXN004807,CUST0335,36.87,0,Low,,,2026-09-17 07:13:11.327262 UTC
TXN002229,CUST0335,20.17,0,Low,,,2026-09-17 07:13:11.327262 UTC
TXN002493,CUST0335,14.16,0,Low,,,2026-09-17 07:13:11.327262 UTC
TXN004773,CUST0335,65.43,0,Low,,,2026-09-17 07:13:11.327262 UTC
TXN001606,CUST0335,359.9,0,Low,,,2026-09-17 07:13:11.327262 UTC
TXN001824,CUST0335,40.86,0,Low,,,2026-09-17 07:13:11.327262 UTC
TXN002192,CUST0335,60.14,0,Low,,,2026-09-17 07:13:11.327262 UTC
TXN003309,CUST0335,164.74,0,Low,,,2026-09-17 07:13:11.327262 UTC
TXN004395,CUST0335,96.64,0,Low,,,2026-09-17 07:13:11.327262 UTC
TXN000335,CUST0016,128.72,0,Low,,,2026-09-17 07:13:11.327262 UTC
TXN004013,CUST0336,29.01,0,Low,,,2026-09-17 07:13:11.327262 UTC
TXN001827,CUST0336,38.76,0,Low,,,2026-09-17 07:13:11.327262 UTC
TXN004295,CUST0336,7.94,0,Low,,,2026-09-17 07:13:11.327262 UTC
TXN000599,CUST0336,9.08,0,Low,,,2026-09-17 07:13:11.327262 UTC
TXN001793,CUST0336,358.24,0,Low,,,2026-09-17 07:13:11.327262 UTC
TXN002080,CUST0336,13.19,0,Low,,,2026-09-17 07:13:11.327262 UTC
TXN001188,CUST0016,68.63,0,Low,,,2026-09-17 07:13:11.327262 UTC
TXN003858,CUST0337,18.76,0,Low,,,2026-09-17 07:13:11.327262 UTC
TXN002302,CUST0337,176.46,0,Low,,,2026-09-17 07:13:11.327262 UTC
TXN001275,CUST0337,187.51,0,Low,,,2026-09-17 07:13:11.327262 UTC
TXN002287,CUST0337,273.88,0,Low,,,2026-09-17 07:13:11.327262 UTC
TXN004270,CUST0337,194.73,0,Low,,,2026-09-17 07:13:11.327262 UTC
TXN001778,CUST0337,48.24,0,Low,,,2026-09-17 07:13:11.327262 UTC
TXN003867,CUST0337,232.29,0,Low,,,2026-09-17 07:13:11.327262 UTC
TXN003431,CUST0016,25.24,0,Low,,,2026-09-17 07:13:11.327262 UTC
TXN004485,CUST0015,29.02,0,Low,,,2026-09-17 07:13:11.327262 UTC
TXN000629,CUST0015,38.84,0,Low,,,2026-09-17 07:13:11.327262 UTC
TXN001307,CUST0338,166.67,0,Low,,,2026-09-17 07:13:11.327262 UTC
TXN000161,CUST0338,126.67,0,Low,,,2026-09-17 07:13:11.327262 UTC
TXN001572,CUST0338,9.19,0,Low,,,2026-09-17 07:13:11.327262 UTC
TXN000796,CUST0338,289.45,0,Low,,,2026-09-17 07:13:11.327262 UTC
TXN001525,CUST0338,7.54,0,Low,,,2026-09-17 07:13:11.327262 UTC
TXN004322,CUST0338,53.4,0,Low,,,2026-09-17 07:13:11.327262 UTC
TXN000438,CUST0338,154.61,0,Low,,,2026-09-17 07:13:11.327262 UTC
TXN005000,CUST0338,35.67,0,Low,,,2026-09-17 07:13:11.327262 UTC
TXN002127,CUST0338,13.72,0,Low,,,2026-09-17 07:13:11.327262 UTC
TXN004608,CUST0015,151.78,0,Low,,,2026-09-17 07:13:11.327262 UTC
TXN001480,CUST0015,16.31,0,Low,,,2026-09-17 07:13:11.327262 UTC
TXN002724,CUST0339,152.62,0,Low,,,2026-09-17 07:13:11.327262 UTC
TXN004660,CUST0339,57.01,0,Low,,,2026-09-17 07:13:11.327262 UTC
TXN002522,CUST0339,48.93,0,Low,,,2026-09-17 07:13:11.327262 UTC
TXN001431,CUST0339,39.76,0,Low,,,2026-09-17 07:13:11.327262 UTC
TXN000414,CUST0339,28.91,0,Low,,,2026-09-17 07:13:11.327262 UTC
TXN004503,CUST0339,9.46,0,Low,,,2026-09-17 07:13:11.327262 UTC
TXN000732,CUST0339,14.74,0,Low,,,2026-09-17 07:13:11.327262 UTC
TXN000250,CUST0339,83.05,0,Low,,,2026-09-17 07:13:11.327262 UTC
TXN001096,CUST0339,17.42,0,Low,,,2026-09-17 07:13:11.327262 UTC
TXN001886,CUST0339,13.62,0,Low,,,2026-09-17 07:13:11.327262 UTC
TXN001164,CUST0339,221.18,0,Low,,,2026-09-17 07:13:11.327262 UTC
TXN002500,CUST0340,30.14,0,Low,,,2026-09-17 07:13:11.327262 UTC
TXN002998,CUST0340,14.56,0,Low,,,2026-09-17 07:13:11.327262 UTC
TXN001946,CUST0340,123.29,0,Low,,,2026-09-17 07:13:11.327262 UTC
TXN003248,CUST0340,13.73,0,Low,,,2026-09-17 07:13:11.327262 UTC
TXN002873,CUST0340,169.78,0,Low,,,2026-09-17 07:13:11.327262 UTC
TXN000901,CUST0340,234.53,0,Low,,,2026-09-17 07:13:11.327262 UTC
TXN001322,CUST0340,118.48,0,Low,,,2026-09-17 07:13:11.327262 UTC
TXN003840,CUST0340,11.88,0,Low,,,2026-09-17 07:13:11.327262 UTC
TXN003507,CUST0340,51.09,0,Low,,,2026-09-17 07:13:11.327262 UTC
TXN001554,CUST0015,45.96,0,Low,,,2026-09-17 07:13:11.327262 UTC
TXN003417,CUST0341,42.52,0,Low,,,2026-09-17 07:13:11.327262 UTC
TXN000983,CUST0341,32.42,0,Low,,,2026-09-17 07:13:11.327262 UTC
TXN003312,CUST0341,16.38,0,Low,,,2026-09-17 07:13:11.327262 UTC
TXN000989,CUST0341,54.43,0,Low,,,2026-09-17 07:13:11.327262 UTC
TXN003912,CUST0341,23.62,0,Low,,,2026-09-17 07:13:11.327262 UTC
TXN003099,CUST0341,37.26,0,Low,,,2026-09-17 07:13:11.327262 UTC
TXN004128,CUST0341,274.25,0,Low,,,2026-09-17 07:13:11.327262 UTC
TXN003377,CUST0341,35.25,0,Low,,,2026-09-17 07:13:11.327262 UTC
TXN003828,CUST0341,86.48,0,Low,,,2026-09-17 07:13:11.327262 UTC
TXN002416,CUST0015,128.43,0,Low,,,2026-09-17 07:13:11.327262 UTC
TXN004668,CUST0015,27.71,0,Low,,,2026-09-17 07:13:11.327262 UTC
TXN002386,CUST0015,18.59,0,Low,,,2026-09-17 07:13:11.327262 UTC
TXN001962,CUST0015,117.1,0,Low,,,2026-09-17 07:13:11.327262 UTC
TXN003295,CUST0015,121.69,0,Low,,,2026-09-17 07:13:11.327262 UTC
TXN000326,CUST0342,14.64,0,Low,,,2026-09-17 07:13:11.327262 UTC
TXN004532,CUST0342,19.29,0,Low,,,2026-09-17 07:13:11.327262 UTC
TXN001826,CUST0342,7.7,0,Low,,,2026-09-17 07:13:11.327262 UTC
TXN003416,CUST0342,10.04,0,Low,,,2026-09-17 07:13:11.327262 UTC
TXN001751,CUST0342,148.49,0,Low,,,2026-09-17 07:13:11.327262 UTC
TXN000498,CUST0342,21.46,0,Low,,,2026-09-17 07:13:11.327262 UTC
TXN002673,CUST0342,171.57,0,Low,,,2026-09-17 07:13:11.327262 UTC
TXN002721,CUST0342,223.73,0,Low,,,2026-09-17 07:13:11.327262 UTC
TXN001704,CUST0342,193.4,0,Low,,,2026-09-17 07:13:11.327262 UTC
TXN000844,CUST0342,162.84,0,Low,,,2026-09-17 07:13:11.327262 UTC
TXN000436,CUST0342,7.91,0,Low,,,2026-09-17 07:13:11.327262 UTC
TXN001511,CUST0342,192.2,0,Low,,,2026-09-17 07:13:11.327262 UTC
TXN001354,CUST0342,14.59,0,Low,,,2026-09-17 07:13:11.327262 UTC
TXN004651,CUST0342,7.78,0,Low,,,2026-09-17 07:13:11.327262 UTC
TXN004664,CUST0342,39.2,0,Low,,,2026-09-17 07:13:11.327262 UTC
TXN001645,CUST0342,43.55,0,Low,,,2026-09-17 07:13:11.327262 UTC
TXN003363,CUST0342,264.63,0,Low,,,2026-09-17 07:13:11.327262 UTC
TXN000100,CUST0343,25.11,0,Low,,,2026-09-17 07:13:11.327262 UTC
TXN001866,CUST0343,20.73,0,Low,,,2026-09-17 07:13:11.327262 UTC
TXN004467,CUST0343,160.0,0,Low,,,2026-09-17 07:13:11.327262 UTC
TXN004308,CUST0343,177.68,0,Low,,,2026-09-17 07:13:11.327262 UTC
TXN004832,CUST0343,240.09,0,Low,,,2026-09-17 07:13:11.327262 UTC
TXN001947,CUST0343,33.87,0,Low,,,2026-09-17 07:13:11.327262 UTC
TXN002150,CUST0343,66.78,0,Low,,,2026-09-17 07:13:11.327262 UTC
TXN001383,CUST0015,22.15,0,Low,,,2026-09-17 07:13:11.327262 UTC
TXN000384,CUST0014,282.47,0,Low,,,2026-09-17 07:13:11.327262 UTC
TXN002812,CUST0344,68.95,0,Low,,,2026-09-17 07:13:11.327262 UTC
TXN004246,CUST0344,86.23,0,Low,,,2026-09-17 07:13:11.327262 UTC
TXN000932,CUST0344,108.13,0,Low,,,2026-09-17 07:13:11.327262 UTC
TXN004900,CUST0344,10.31,0,Low,,,2026-09-17 07:13:11.327262 UTC
TXN000387,CUST0344,8.95,0,Low,,,2026-09-17 07:13:11.327262 UTC
TXN001963,CUST0344,15.61,0,Low,,,2026-09-17 07:13:11.327262 UTC
TXN003470,CUST0344,123.17,0,Low,,,2026-09-17 07:13:11.327262 UTC
TXN001714,CUST0344,82.93,0,Low,,,2026-09-17 07:13:11.327262 UTC
TXN001111,CUST0014,25.03,0,Low,,,2026-09-17 07:13:11.327262 UTC
TXN001921,CUST0014,7.47,0,Low,,,2026-09-17 07:13:11.327262 UTC
TXN003025,CUST0014,111.31,0,Low,,,2026-09-17 07:13:11.327262 UTC
TXN001042,CUST0014,266.68,0,Low,,,2026-09-17 07:13:11.327262 UTC
TXN002878,CUST0345,61.76,0,Low,,,2026-09-17 07:13:11.327262 UTC
TXN000261,CUST0345,27.25,0,Low,,,2026-09-17 07:13:11.327262 UTC
TXN001455,CUST0345,261.18,0,Low,,,2026-09-17 07:13:11.327262 UTC
TXN001727,CUST0345,17.85,0,Low,,,2026-09-17 07:13:11.327262 UTC
TXN002502,CUST0345,36.46,0,Low,,,2026-09-17 07:13:11.327262 UTC
TXN001204,CUST0345,316.55,0,Low,,,2026-09-17 07:13:11.327262 UTC
TXN001662,CUST0345,45.42,0,Low,,,2026-09-17 07:13:11.327262 UTC
TXN003299,CUST0345,53.13,0,Low,,,2026-09-17 07:13:11.327262 UTC
TXN002717,CUST0345,311.66,0,Low,,,2026-09-17 07:13:11.327262 UTC
TXN000716,CUST0014,21.04,0,Low,,,2026-09-17 07:13:11.327262 UTC
TXN004669,CUST0014,9.01,0,Low,,,2026-09-17 07:13:11.327262 UTC
TXN000204,CUST0346,54.72,0,Low,,,2026-09-17 07:13:11.327262 UTC
TXN001238,CUST0346,18.58,0,Low,,,2026-09-17 07:13:11.327262 UTC
TXN001610,CUST0346,32.97,0,Low,,,2026-09-17 07:13:11.327262 UTC
TXN000467,CUST0346,16.8,0,Low,,,2026-09-17 07:13:11.327262 UTC
TXN004015,CUST0346,8.05,0,Low,,,2026-09-17 07:13:11.327262 UTC
TXN000632,CUST0346,14.56,0,Low,,,2026-09-17 07:13:11.327262 UTC
TXN003830,CUST0346,318.05,0,Low,,,2026-09-17 07:13:11.327262 UTC
TXN001745,CUST0014,116.19,0,Low,,,2026-09-17 07:13:11.327262 UTC
TXN001161,CUST0013,40.03,0,Low,,,2026-09-17 07:13:11.327262 UTC
TXN000805,CUST0347,69.9,0,Low,,,2026-09-17 07:13:11.327262 UTC
TXN003615,CUST0347,120.62,0,Low,,,2026-09-17 07:13:11.327262 UTC
TXN000488,CUST0347,279.15,0,Low,,,2026-09-17 07:13:11.327262 UTC
TXN002752,CUST0347,141.0,0,Low,,,2026-09-17 07:13:11.327262 UTC
TXN003849,CUST0347,336.5,0,Low,,,2026-09-17 07:13:11.327262 UTC
TXN004796,CUST0347,15.13,0,Low,,,2026-09-17 07:13:11.327262 UTC
TXN002646,CUST0347,296.4,0,Low,,,2026-09-17 07:13:11.327262 UTC
TXN003038,CUST0347,129.39,0,Low,,,2026-09-17 07:13:11.327262 UTC
TXN003673,CUST0347,179.31,0,Low,,,2026-09-17 07:13:11.327262 UTC
TXN003054,CUST0347,32.73,0,Low,,,2026-09-17 07:13:11.327262 UTC
TXN002305,CUST0013,48.85,0,Low,,,2026-09-17 07:13:11.327262 UTC
TXN000150,CUST0013,360.07,0,Low,,,2026-09-17 07:13:11.327262 UTC
TXN001215,CUST0348,17.06,0,Low,,,2026-09-17 07:13:11.327262 UTC
TXN004564,CUST0348,10.12,0,Low,,,2026-09-17 07:13:11.327262 UTC
TXN000198,CUST0348,22.88,0,Low,,,2026-09-17 07:13:11.327262 UTC
TXN003793,CUST0348,15.07,0,Low,,,2026-09-17 07:13:11.327262 UTC
TXN002457,CUST0348,131.86,0,Low,,,2026-09-17 07:13:11.327262 UTC
TXN004945,CUST0348,15.76,0,Low,,,2026-09-17 07:13:11.327262 UTC
TXN002198,CUST0348,153.24,0,Low,,,2026-09-17 07:13:11.327262 UTC
TXN001969,CUST0348,46.49,0,Low,,,2026-09-17 07:13:11.327262 UTC
TXN000471,CUST0348,30.17,0,Low,,,2026-09-17 07:13:11.327262 UTC
TXN001730,CUST0348,23.56,0,Low,,,2026-09-17 07:13:11.327262 UTC
TXN001611,CUST0348,66.37,0,Low,,,2026-09-17 07:13:11.327262 UTC
TXN002050,CUST0348,33.67,0,Low,,,2026-09-17 07:13:11.327262 UTC
TXN002103,CUST0013,8.59,0,Low,,,2026-09-17 07:13:11.327262 UTC
TXN004385,CUST0013,10.66,0,Low,,,2026-09-17 07:13:11.327262 UTC
TXN003940,CUST0012,17.95,0,Low,,,2026-09-17 07:13:11.327262 UTC
TXN000210,CUST0349,23.42,0,Low,,,2026-09-17 07:13:11.327262 UTC
TXN002284,CUST0349,166.88,0,Low,,,2026-09-17 07:13:11.327262 UTC
TXN004339,CUST0349,254.16,0,Low,,,2026-09-17 07:13:11.327262 UTC
TXN003203,CUST0349,300.73,0,Low,,,2026-09-17 07:13:11.327262 UTC
TXN003619,CUST0349,41.7,0,Low,,,2026-09-17 07:13:11.327262 UTC
TXN001994,CUST0349,29.07,0,Low,,,2026-09-17 07:13:11.327262 UTC
TXN002262,CUST0349,66.43,0,Low,,,2026-09-17 07:13:11.327262 UTC
TXN004696,CUST0349,123.2,0,Low,,,2026-09-17 07:13:11.327262 UTC
TXN002766,CUST0012,39.52,0,Low,,,2026-09-17 07:13:11.327262 UTC
TXN003523,CUST0012,400.06,0,Low,,,2026-09-17 07:13:11.327262 UTC
TXN000884,CUST0350,107.48,0,Low,,,2026-09-17 07:13:11.327262 UTC
TXN003123,CUST0350,19.18,0,Low,,,2026-09-17 07:13:11.327262 UTC
TXN001147,CUST0350,69.69,0,Low,,,2026-09-17 07:13:11.327262 UTC
TXN000481,CUST0350,7.51,0,Low,,,2026-09-17 07:13:11.327262 UTC
TXN004481,CUST0350,78.66,0,Low,,,2026-09-17 07:13:11.327262 UTC
TXN000710,CUST0350,8.96,0,Low,,,2026-09-17 07:13:11.327262 UTC
TXN002541,CUST0350,8.45,0,Low,,,2026-09-17 07:13:11.327262 UTC
TXN001664,CUST0350,128.42,0,Low,,,2026-09-17 07:13:11.327262 UTC
TXN004826,CUST0012,59.39,0,Low,,,2026-09-17 07:13:11.327262 UTC
TXN004830,CUST0012,27.44,0,Low,,,2026-09-17 07:13:11.327262 UTC
TXN000931,CUST0351,31.32,0,Low,,,2026-09-17 07:13:11.327262 UTC
TXN000539,CUST0351,13.28,0,Low,,,2026-09-17 07:13:11.327262 UTC
TXN002490,CUST0351,10.32,0,Low,,,2026-09-17 07:13:11.327262 UTC
TXN001424,CUST0351,135.4,0,Low,,,2026-09-17 07:13:11.327262 UTC
TXN004864,CUST0351,127.37,0,Low,,,2026-09-17 07:13:11.327262 UTC
TXN000262,CUST0351,195.69,0,Low,,,2026-09-17 07:13:11.327262 UTC
TXN001226,CUST0351,9.68,0,Low,,,2026-09-17 07:13:11.327262 UTC
TXN004457,CUST0351,41.56,0,Low,,,2026-09-17 07:13:11.327262 UTC
TXN002369,CUST0351,14.77,0,Low,,,2026-09-17 07:13:11.327262 UTC
TXN001682,CUST0351,12.9,0,Low,,,2026-09-17 07:13:11.327262 UTC
TXN004984,CUST0351,29.08,0,Low,,,2026-09-17 07:13:11.327262 UTC
TXN003962,CUST0351,12.64,0,Low,,,2026-09-17 07:13:11.327262 UTC
TXN003980,CUST0012,11.41,0,Low,,,2026-09-17 07:13:11.327262 UTC
TXN004138,CUST0352,200.09,0,Low,,,2026-09-17 07:13:11.327262 UTC
TXN003799,CUST0352,21.29,0,Low,,,2026-09-17 07:13:11.327262 UTC
TXN004768,CUST0352,16.08,0,Low,,,2026-09-17 07:13:11.327262 UTC
TXN000184,CUST0352,27.15,0,Low,,,2026-09-17 07:13:11.327262 UTC
TXN002506,CUST0352,120.95,0,Low,,,2026-09-17 07:13:11.327262 UTC
TXN000852,CUST0352,66.92,0,Low,,,2026-09-17 07:13:11.327262 UTC
TXN002242,CUST0352,7.8,0,Low,,,2026-09-17 07:13:11.327262 UTC
TXN003923,CUST0012,23.26,0,Low,,,2026-09-17 07:13:11.327262 UTC
TXN000398,CUST0012,9.69,0,Low,,,2026-09-17 07:13:11.327262 UTC
TXN001944,CUST0012,20.35,0,Low,,,2026-09-17 07:13:11.327262 UTC
TXN002361,CUST0011,36.57,0,Low,,,2026-09-17 07:13:11.327262 UTC
TXN000500,CUST0353,29.99,0,Low,,,2026-09-17 07:13:11.327262 UTC
TXN000783,CUST0353,17.8,0,Low,,,2026-09-17 07:13:11.327262 UTC
TXN002291,CUST0353,80.88,0,Low,,,2026-09-17 07:13:11.327262 UTC
TXN000644,CUST0011,50.84,0,Low,,,2026-09-17 07:13:11.327262 UTC
TXN002418,CUST0011,13.73,0,Low,,,2026-09-17 07:13:11.327262 UTC
TXN003382,CUST0354,35.62,0,Low,,,2026-09-17 07:13:11.327262 UTC
TXN002093,CUST0354,13.86,0,Low,,,2026-09-17 07:13:11.327262 UTC
TXN002649,CUST0354,32.51,0,Low,,,2026-09-17 07:13:11.327262 UTC
TXN001355,CUST0354,68.76,0,Low,,,2026-09-17 07:13:11.327262 UTC
TXN002059,CUST0354,12.95,0,Low,,,2026-09-17 07:13:11.327262 UTC
TXN002365,CUST0011,54.35,0,Low,,,2026-09-17 07:13:11.327262 UTC
TXN004805,CUST0011,81.11,0,Low,,,2026-09-17 07:13:11.327262 UTC
TXN000765,CUST0011,193.8,0,Low,,,2026-09-17 07:13:11.327262 UTC
TXN001154,CUST0355,26.4,0,Low,,,2026-09-17 07:13:11.327262 UTC
TXN002028,CUST0355,92.0,0,Low,,,2026-09-17 07:13:11.327262 UTC
TXN003512,CUST0355,116.53,0,Low,,,2026-09-17 07:13:11.327262 UTC
TXN004850,CUST0355,46.16,0,Low,,,2026-09-17 07:13:11.327262 UTC
TXN000331,CUST0355,13.19,0,Low,,,2026-09-17 07:13:11.327262 UTC
TXN004257,CUST0355,40.05,0,Low,,,2026-09-17 07:13:11.327262 UTC
TXN002481,CUST0355,184.42,0,Low,,,2026-09-17 07:13:11.327262 UTC
TXN002683,CUST0355,51.21,0,Low,,,2026-09-17 07:13:11.327262 UTC
TXN002769,CUST0355,122.86,0,Low,,,2026-09-17 07:13:11.327262 UTC
TXN004192,CUST0011,45.76,0,Low,,,2026-09-17 07:13:11.327262 UTC
TXN004181,CUST0011,78.73,0,Low,,,2026-09-17 07:13:11.327262 UTC
TXN000406,CUST0011,88.14,0,Low,,,2026-09-17 07:13:11.327262 UTC
TXN004094,CUST0356,14.99,0,Low,,,2026-09-17 07:13:11.327262 UTC
TXN002264,CUST0356,98.75,0,Low,,,2026-09-17 07:13:11.327262 UTC
TXN003044,CUST0356,11.48,0,Low,,,2026-09-17 07:13:11.327262 UTC
TXN000314,CUST0356,276.72,0,Low,,,2026-09-17 07:13:11.327262 UTC
TXN004274,CUST0356,125.86,0,Low,,,2026-09-17 07:13:11.327262 UTC
TXN000136,CUST0356,56.73,0,Low,,,2026-09-17 07:13:11.327262 UTC
TXN002661,CUST0356,88.15,0,Low,,,2026-09-17 07:13:11.327262 UTC
TXN004959,CUST0356,241.46,0,Low,,,2026-09-17 07:13:11.327262 UTC
TXN004035,CUST0356,251.5,0,Low,,,2026-09-17 07:13:11.327262 UTC
TXN000013,CUST0011,179.16,0,Low,,,2026-09-17 07:13:11.327262 UTC
TXN004067,CUST0011,137.46,0,Low,,,2026-09-17 07:13:11.327262 UTC
TXN000709,CUST0011,87.84,0,Low,,,2026-09-17 07:13:11.327262 UTC
TXN000997,CUST0010,163.3,0,Low,,,2026-09-17 07:13:11.327262 UTC
TXN002682,CUST0357,280.01,0,Low,,,2026-09-17 07:13:11.327262 UTC
TXN004113,CUST0357,12.55,0,Low,,,2026-09-17 07:13:11.327262 UTC
TXN004298,CUST0357,10.71,0,Low,,,2026-09-17 07:13:11.327262 UTC
TXN003227,CUST0357,33.05,0,Low,,,2026-09-17 07:13:11.327262 UTC
TXN002882,CUST0357,134.96,0,Low,,,2026-09-17 07:13:11.327262 UTC
TXN000491,CUST0357,19.37,0,Low,,,2026-09-17 07:13:11.327262 UTC
TXN001568,CUST0357,7.84,0,Low,,,2026-09-17 07:13:11.327262 UTC
TXN001971,CUST0357,262.5,0,Low,,,2026-09-17 07:13:11.327262 UTC
TXN003469,CUST0357,14.4,0,Low,,,2026-09-17 07:13:11.327262 UTC
TXN000647,CUST0357,145.31,0,Low,,,2026-09-17 07:13:11.327262 UTC
TXN003374,CUST0010,18.98,0,Low,,,2026-09-17 07:13:11.327262 UTC
TXN003783,CUST0010,21.61,0,Low,,,2026-09-17 07:13:11.327262 UTC
TXN000236,CUST0358,331.66,0,Low,,,2026-09-17 07:13:11.327262 UTC
TXN004802,CUST0358,49.05,0,Low,,,2026-09-17 07:13:11.327262 UTC
TXN001048,CUST0358,18.02,0,Low,,,2026-09-17 07:13:11.327262 UTC
TXN001093,CUST0358,60.94,0,Low,,,2026-09-17 07:13:11.327262 UTC
TXN004400,CUST0358,344.72,0,Low,,,2026-09-17 07:13:11.327262 UTC
TXN001695,CUST0358,19.06,0,Low,,,2026-09-17 07:13:11.327262 UTC
TXN001174,CUST0358,17.05,0,Low,,,2026-09-17 07:13:11.327262 UTC
TXN002538,CUST0358,15.35,0,Low,,,2026-09-17 07:13:11.327262 UTC
TXN003003,CUST0358,9.48,0,Low,,,2026-09-17 07:13:11.327262 UTC
TXN000971,CUST0358,21.71,0,Low,,,2026-09-17 07:13:11.327262 UTC
TXN001342,CUST0010,9.94,0,Low,,,2026-09-17 07:13:11.327262 UTC
TXN002709,CUST0359,9.21,0,Low,,,2026-09-17 07:13:11.327262 UTC
TXN001347,CUST0359,160.69,0,Low,,,2026-09-17 07:13:11.327262 UTC
TXN001880,CUST0359,133.24,0,Low,,,2026-09-17 07:13:11.327262 UTC
TXN000598,CUST0359,8.05,0,Low,,,2026-09-17 07:13:11.327262 UTC
TXN002758,CUST0359,48.69,0,Low,,,2026-09-17 07:13:11.327262 UTC
TXN003118,CUST0359,67.98,0,Low,,,2026-09-17 07:13:11.327262 UTC
TXN003029,CUST0359,49.4,0,Low,,,2026-09-17 07:13:11.327262 UTC
TXN002185,CUST0359,33.7,0,Low,,,2026-09-17 07:13:11.327262 UTC
TXN003145,CUST0359,67.38,0,Low,,,2026-09-17 07:13:11.327262 UTC
TXN004161,CUST0359,112.88,0,Low,,,2026-09-17 07:13:11.327262 UTC
TXN000371,CUST0359,9.39,0,Low,,,2026-09-17 07:13:11.327262 UTC
TXN001198,CUST0359,50.49,0,Low,,,2026-09-17 07:13:11.327262 UTC
TXN001292,CUST0359,12.18,0,Low,,,2026-09-17 07:13:11.327262 UTC
TXN002224,CUST0010,29.42,0,Low,,,2026-09-17 07:13:11.327262 UTC
TXN000249,CUST0010,59.36,0,Low,,,2026-09-17 07:13:11.327262 UTC
TXN002978,CUST0360,10.81,0,Low,,,2026-09-17 07:13:11.327262 UTC
TXN003776,CUST0360,10.69,0,Low,,,2026-09-17 07:13:11.327262 UTC
TXN001819,CUST0360,32.13,0,Low,,,2026-09-17 07:13:11.327262 UTC
TXN002772,CUST0360,12.93,0,Low,,,2026-09-17 07:13:11.327262 UTC
TXN004692,CUST0360,25.83,0,Low,,,2026-09-17 07:13:11.327262 UTC
TXN004599,CUST0360,28.9,0,Low,,,2026-09-17 07:13:11.327262 UTC
TXN003251,CUST0360,122.94,0,Low,,,2026-09-17 07:13:11.327262 UTC
TXN003739,CUST0360,30.84,0,Low,,,2026-09-17 07:13:11.327262 UTC
TXN002969,CUST0360,7.39,0,Low,,,2026-09-17 07:13:11.327262 UTC
TXN001323,CUST0360,44.4,0,Low,,,2026-09-17 07:13:11.327262 UTC
TXN000611,CUST0360,145.18,0,Low,,,2026-09-17 07:13:11.327262 UTC
TXN004420,CUST0360,8.02,0,Low,,,2026-09-17 07:13:11.327262 UTC
TXN001783,CUST0360,49.69,0,Low,,,2026-09-17 07:13:11.327262 UTC
TXN001071,CUST0010,22.67,0,Low,,,2026-09-17 07:13:11.327262 UTC
TXN002119,CUST0010,30.54,0,Low,,,2026-09-17 07:13:11.327262 UTC
TXN000106,CUST0010,16.63,0,Low,,,2026-09-17 07:13:11.327262 UTC
TXN001809,CUST0361,113.9,0,Low,,,2026-09-17 07:13:11.327262 UTC
TXN003113,CUST0361,31.36,0,Low,,,2026-09-17 07:13:11.327262 UTC
TXN001586,CUST0361,78.93,0,Low,,,2026-09-17 07:13:11.327262 UTC
TXN002530,CUST0361,50.83,0,Low,,,2026-09-17 07:13:11.327262 UTC
TXN004758,CUST0361,16.09,0,Low,,,2026-09-17 07:13:11.327262 UTC
TXN001556,CUST0361,111.36,0,Low,,,2026-09-17 07:13:11.327262 UTC
TXN003351,CUST0361,19.4,0,Low,,,2026-09-17 07:13:11.327262 UTC
TXN001280,CUST0361,320.94,0,Low,,,2026-09-17 07:13:11.327262 UTC
TXN001290,CUST0361,58.01,0,Low,,,2026-09-17 07:13:11.327262 UTC
TXN000946,CUST0361,25.14,0,Low,,,2026-09-17 07:13:11.327262 UTC
TXN002531,CUST0010,9.96,0,Low,,,2026-09-17 07:13:11.327262 UTC
TXN002257,CUST0010,47.1,0,Low,,,2026-09-17 07:13:11.327262 UTC
TXN004038,CUST0010,202.37,0,Low,,,2026-09-17 07:13:11.327262 UTC
TXN001246,CUST0362,75.36,0,Low,,,2026-09-17 07:13:11.327262 UTC
TXN004720,CUST0362,22.64,0,Low,,,2026-09-17 07:13:11.327262 UTC
TXN004235,CUST0362,24.56,0,Low,,,2026-09-17 07:13:11.327262 UTC
TXN000602,CUST0362,258.06,0,Low,,,2026-09-17 07:13:11.327262 UTC
TXN002750,CUST0362,21.96,0,Low,,,2026-09-17 07:13:11.327262 UTC
TXN003812,CUST0362,253.38,0,Low,,,2026-09-17 07:13:11.327262 UTC
TXN003297,CUST0362,10.45,0,Low,,,2026-09-17 07:13:11.327262 UTC
TXN004754,CUST0362,81.16,0,Low,,,2026-09-17 07:13:11.327262 UTC
TXN000322,CUST0362,183.28,0,Low,,,2026-09-17 07:13:11.327262 UTC
TXN000241,CUST0362,324.49,0,Low,,,2026-09-17 07:13:11.327262 UTC
TXN000242,CUST0010,120.34,0,Low,,,2026-09-17 07:13:11.327262 UTC
TXN002342,CUST0363,17.12,0,Low,,,2026-09-17 07:13:11.327262 UTC
TXN001421,CUST0363,7.81,0,Low,,,2026-09-17 07:13:11.327262 UTC
TXN000252,CUST0363,111.35,0,Low,,,2026-09-17 07:13:11.327262 UTC
TXN004841,CUST0363,74.66,0,Low,,,2026-09-17 07:13:11.327262 UTC
TXN004131,CUST0363,92.45,0,Low,,,2026-09-17 07:13:11.327262 UTC
TXN001564,CUST0363,166.35,0,Low,,,2026-09-17 07:13:11.327262 UTC
TXN003797,CUST0363,18.73,0,Low,,,2026-09-17 07:13:11.327262 UTC
TXN001482,CUST0363,71.78,0,Low,,,2026-09-17 07:13:11.327262 UTC
TXN000258,CUST0363,135.17,0,Low,,,2026-09-17 07:13:11.327262 UTC
TXN002667,CUST0363,29.97,0,Low,,,2026-09-17 07:13:11.327262 UTC
TXN004966,CUST0363,15.57,0,Low,,,2026-09-17 07:13:11.327262 UTC
TXN002554,CUST0363,34.51,0,Low,,,2026-09-17 07:13:11.327262 UTC
TXN000782,CUST0363,19.62,0,Low,,,2026-09-17 07:13:11.327262 UTC
TXN003637,CUST0363,160.83,0,Low,,,2026-09-17 07:13:11.327262 UTC
TXN003340,CUST0363,158.53,0,Low,,,2026-09-17 07:13:11.327262 UTC
TXN004587,CUST0363,161.41,0,Low,,,2026-09-17 07:13:11.327262 UTC
TXN003612,CUST0363,8.41,0,Low,,,2026-09-17 07:13:11.327262 UTC
TXN003085,CUST0363,306.38,0,Low,,,2026-09-17 07:13:11.327262 UTC
TXN001108,CUST0363,218.54,0,Low,,,2026-09-17 07:13:11.327262 UTC
TXN001003,CUST0010,79.25,0,Low,,,2026-09-17 07:13:11.327262 UTC
TXN004305,CUST0010,49.79,0,Low,,,2026-09-17 07:13:11.327262 UTC
TXN003873,CUST0010,31.38,0,Low,,,2026-09-17 07:13:11.327262 UTC
TXN003241,CUST0010,17.5,0,Low,,,2026-09-17 07:13:11.327262 UTC
TXN004979,CUST0364,21.85,0,Low,,,2026-09-17 07:13:11.327262 UTC
TXN003901,CUST0364,33.45,0,Low,,,2026-09-17 07:13:11.327262 UTC
TXN004353,CUST0364,55.39,0,Low,,,2026-09-17 07:13:11.327262 UTC
TXN004075,CUST0364,13.61,0,Low,,,2026-09-17 07:13:11.327262 UTC
TXN000256,CUST0364,24.34,0,Low,,,2026-09-17 07:13:11.327262 UTC
TXN002937,CUST0364,82.47,0,Low,,,2026-09-17 07:13:11.327262 UTC
TXN001920,CUST0010,52.55,0,Low,,,2026-09-17 07:13:11.327262 UTC
TXN003146,CUST0009,12.76,0,Low,,,2026-09-17 07:13:11.327262 UTC
TXN004166,CUST0009,38.29,0,Low,,,2026-09-17 07:13:11.327262 UTC
TXN003190,CUST0009,53.93,0,Low,,,2026-09-17 07:13:11.327262 UTC
TXN002633,CUST0365,72.17,0,Low,,,2026-09-17 07:13:11.327262 UTC
TXN001033,CUST0365,38.99,0,Low,,,2026-09-17 07:13:11.327262 UTC
TXN004450,CUST0365,8.08,0,Low,,,2026-09-17 07:13:11.327262 UTC
TXN002642,CUST0365,9.05,0,Low,,,2026-09-17 07:13:11.327262 UTC
TXN000041,CUST0365,125.14,0,Low,,,2026-09-17 07:13:11.327262 UTC
TXN002288,CUST0365,20.44,0,Low,,,2026-09-17 07:13:11.327262 UTC
TXN001894,CUST0365,11.93,0,Low,,,2026-09-17 07:13:11.327262 UTC
TXN000545,CUST0365,69.61,0,Low,,,2026-09-17 07:13:11.327262 UTC
TXN001022,CUST0009,25.41,0,Low,,,2026-09-17 07:13:11.327262 UTC
TXN000642,CUST0009,8.22,0,Low,,,2026-09-17 07:13:11.327262 UTC
TXN003632,CUST0366,9.99,0,Low,,,2026-09-17 07:13:11.327262 UTC
TXN000616,CUST0366,168.94,0,Low,,,2026-09-17 07:13:11.327262 UTC
TXN000354,CUST0366,158.81,0,Low,,,2026-09-17 07:13:11.327262 UTC
TXN004793,CUST0366,9.14,0,Low,,,2026-09-17 07:13:11.327262 UTC
TXN000804,CUST0366,23.43,0,Low,,,2026-09-17 07:13:11.327262 UTC
TXN000803,CUST0366,237.65,0,Low,,,2026-09-17 07:13:11.327262 UTC
TXN003121,CUST0366,34.77,0,Low,,,2026-09-17 07:13:11.327262 UTC
TXN002260,CUST0366,11.63,0,Low,,,2026-09-17 07:13:11.327262 UTC
TXN004562,CUST0009,25.5,0,Low,,,2026-09-17 07:13:11.327262 UTC
TXN003963,CUST0009,69.24,0,Low,,,2026-09-17 07:13:11.327262 UTC
TXN004547,CUST0009,94.38,0,Low,,,2026-09-17 07:13:11.327262 UTC
TXN002652,CUST0009,17.09,0,Low,,,2026-09-17 07:13:11.327262 UTC
TXN004965,CUST0009,21.17,0,Low,,,2026-09-17 07:13:11.327262 UTC
TXN004639,CUST0367,27.61,0,Low,,,2026-09-17 07:13:11.327262 UTC
TXN004531,CUST0367,168.66,0,Low,,,2026-09-17 07:13:11.327262 UTC
TXN002014,CUST0367,18.13,0,Low,,,2026-09-17 07:13:11.327262 UTC
TXN001283,CUST0367,7.55,0,Low,,,2026-09-17 07:13:11.327262 UTC
TXN004004,CUST0367,178.73,0,Low,,,2026-09-17 07:13:11.327262 UTC
TXN003853,CUST0367,46.96,0,Low,,,2026-09-17 07:13:11.327262 UTC
TXN003294,CUST0367,10.7,0,Low,,,2026-09-17 07:13:11.327262 UTC
TXN002039,CUST0367,18.96,0,Low,,,2026-09-17 07:13:11.327262 UTC
TXN001775,CUST0367,32.02,0,Low,,,2026-09-17 07:13:11.327262 UTC
TXN004142,CUST0367,105.83,0,Low,,,2026-09-17 07:13:11.327262 UTC
TXN000133,CUST0009,250.5,0,Low,,,2026-09-17 07:13:11.327262 UTC
TXN004752,CUST0368,71.02,0,Low,,,2026-09-17 07:13:11.327262 UTC
TXN003275,CUST0368,59.61,0,Low,,,2026-09-17 07:13:11.327262 UTC
TXN002115,CUST0368,124.26,0,Low,,,2026-09-17 07:13:11.327262 UTC
TXN004055,CUST0368,12.07,0,Low,,,2026-09-17 07:13:11.327262 UTC
TXN004530,CUST0368,148.24,0,Low,,,2026-09-17 07:13:11.327262 UTC
TXN001952,CUST0368,34.2,0,Low,,,2026-09-17 07:13:11.327262 UTC
TXN003518,CUST0368,8.34,0,Low,,,2026-09-17 07:13:11.327262 UTC
TXN001166,CUST0368,99.22,0,Low,,,2026-09-17 07:13:11.327262 UTC
TXN002111,CUST0368,28.33,0,Low,,,2026-09-17 07:13:11.327262 UTC
TXN004062,CUST0368,49.92,0,Low,,,2026-09-17 07:13:11.327262 UTC
TXN002295,CUST0368,124.9,0,Low,,,2026-09-17 07:13:11.327262 UTC
TXN003443,CUST0368,39.55,0,Low,,,2026-09-17 07:13:11.327262 UTC
TXN000151,CUST0368,195.27,0,Low,,,2026-09-17 07:13:11.327262 UTC
TXN004991,CUST0009,16.31,0,Low,,,2026-09-17 07:13:11.327262 UTC
TXN000383,CUST0009,21.16,0,Low,,,2026-09-17 07:13:11.327262 UTC
TXN000460,CUST0008,9.49,0,Low,,,2026-09-17 07:13:11.327262 UTC
TXN002180,CUST0369,64.5,0,Low,,,2026-09-17 07:13:11.327262 UTC
TXN004778,CUST0369,18.22,0,Low,,,2026-09-17 07:13:11.327262 UTC
TXN001036,CUST0369,286.34,0,Low,,,2026-09-17 07:13:11.327262 UTC
TXN000619,CUST0369,13.37,0,Low,,,2026-09-17 07:13:11.327262 UTC
TXN002488,CUST0369,225.96,0,Low,,,2026-09-17 07:13:11.327262 UTC
TXN002636,CUST0369,152.6,0,Low,,,2026-09-17 07:13:11.327262 UTC
TXN003021,CUST0369,66.04,0,Low,,,2026-09-17 07:13:11.327262 UTC
TXN000798,CUST0369,267.66,0,Low,,,2026-09-17 07:13:11.327262 UTC
TXN003212,CUST0369,349.92,0,Low,,,2026-09-17 07:13:11.327262 UTC
TXN003743,CUST0008,12.02,0,Low,,,2026-09-17 07:13:11.327262 UTC
TXN003606,CUST0008,20.32,0,Low,,,2026-09-17 07:13:11.327262 UTC
TXN002323,CUST0370,74.31,0,Low,,,2026-09-17 07:13:11.327262 UTC
TXN002733,CUST0370,64.84,0,Low,,,2026-09-17 07:13:11.327262 UTC
TXN004300,CUST0370,15.29,0,Low,,,2026-09-17 07:13:11.327262 UTC
TXN003337,CUST0370,65.33,0,Low,,,2026-09-17 07:13:11.327262 UTC
TXN000608,CUST0370,58.42,0,Low,,,2026-09-17 07:13:11.327262 UTC
TXN000903,CUST0370,32.84,0,Low,,,2026-09-17 07:13:11.327262 UTC
TXN002066,CUST0370,154.05,0,Low,,,2026-09-17 07:13:11.327262 UTC
TXN000953,CUST0370,125.09,0,Low,,,2026-09-17 07:13:11.327262 UTC
TXN004753,CUST0370,98.08,0,Low,,,2026-09-17 07:13:11.327262 UTC
TXN004431,CUST0370,31.74,0,Low,,,2026-09-17 07:13:11.327262 UTC
TXN002615,CUST0008,292.07,0,Low,,,2026-09-17 07:13:11.327262 UTC
TXN002895,CUST0008,147.33,0,Low,,,2026-09-17 07:13:11.327262 UTC
TXN000635,CUST0008,24.78,0,Low,,,2026-09-17 07:13:11.327262 UTC
TXN002208,CUST0371,110.18,0,Low,,,2026-09-17 07:13:11.327262 UTC
TXN003107,CUST0371,11.48,0,Low,,,2026-09-17 07:13:11.327262 UTC
TXN001411,CUST0371,12.61,0,Low,,,2026-09-17 07:13:11.327262 UTC
TXN000031,CUST0371,44.02,0,Low,,,2026-09-17 07:13:11.327262 UTC
TXN002290,CUST0371,16.39,0,Low,,,2026-09-17 07:13:11.327262 UTC
TXN003209,CUST0371,31.91,0,Low,,,2026-09-17 07:13:11.327262 UTC
TXN002669,CUST0371,44.53,0,Low,,,2026-09-17 07:13:11.327262 UTC
TXN002655,CUST0371,141.66,0,Low,,,2026-09-17 07:13:11.327262 UTC
TXN003359,CUST0008,56.48,0,Low,,,2026-09-17 07:13:11.327262 UTC
TXN001180,CUST0008,282.77,0,Low,,,2026-09-17 07:13:11.327262 UTC
TXN003946,CUST0008,38.03,0,Low,,,2026-09-17 07:13:11.327262 UTC
TXN003573,CUST0007,12.63,0,Low,,,2026-09-17 07:13:11.327262 UTC
TXN003926,CUST0372,95.72,0,Low,,,2026-09-17 07:13:11.327262 UTC
TXN002197,CUST0372,9.62,0,Low,,,2026-09-17 07:13:11.327262 UTC
TXN003760,CUST0372,18.01,0,Low,,,2026-09-17 07:13:11.327262 UTC
TXN003877,CUST0372,22.11,0,Low,,,2026-09-17 07:13:11.327262 UTC
TXN001321,CUST0372,15.08,0,Low,,,2026-09-17 07:13:11.327262 UTC
TXN002730,CUST0372,38.57,0,Low,,,2026-09-17 07:13:11.327262 UTC
TXN001144,CUST0372,20.35,0,Low,,,2026-09-17 07:13:11.327262 UTC
TXN002874,CUST0372,10.02,0,Low,,,2026-09-17 07:13:11.327262 UTC
TXN004911,CUST0372,156.24,0,Low,,,2026-09-17 07:13:11.327262 UTC
TXN003890,CUST0007,30.47,0,Low,,,2026-09-17 07:13:11.327262 UTC
TXN003857,CUST0007,40.66,0,Low,,,2026-09-17 07:13:11.327262 UTC
TXN000991,CUST0373,46.33,0,Low,,,2026-09-17 07:13:11.327262 UTC
TXN000648,CUST0373,24.0,0,Low,,,2026-09-17 07:13:11.327262 UTC
TXN002765,CUST0373,13.86,0,Low,,,2026-09-17 07:13:11.327262 UTC
TXN003871,CUST0373,21.87,0,Low,,,2026-09-17 07:13:11.327262 UTC
TXN002761,CUST0373,25.67,0,Low,,,2026-09-17 07:13:11.327262 UTC
TXN001698,CUST0373,25.46,0,Low,,,2026-09-17 07:13:11.327262 UTC
TXN001768,CUST0373,43.9,0,Low,,,2026-09-17 07:13:11.327262 UTC
TXN003092,CUST0007,218.01,0,Low,,,2026-09-17 07:13:11.327262 UTC
TXN002221,CUST0007,13.95,0,Low,,,2026-09-17 07:13:11.327262 UTC
TXN002672,CUST0007,9.33,0,Low,,,2026-09-17 07:13:11.327262 UTC
TXN003720,CUST0374,289.75,0,Low,,,2026-09-17 07:13:11.327262 UTC
TXN001417,CUST0374,18.99,0,Low,,,2026-09-17 07:13:11.327262 UTC
TXN002013,CUST0374,38.4,0,Low,,,2026-09-17 07:13:11.327262 UTC
TXN000650,CUST0374,13.9,0,Low,,,2026-09-17 07:13:11.327262 UTC
TXN000232,CUST0374,52.48,0,Low,,,2026-09-17 07:13:11.327262 UTC
TXN000538,CUST0374,16.42,0,Low,,,2026-09-17 07:13:11.327262 UTC
TXN003644,CUST0374,54.11,0,Low,,,2026-09-17 07:13:11.327262 UTC
TXN002781,CUST0374,30.56,0,Low,,,2026-09-17 07:13:11.327262 UTC
TXN004725,CUST0375,30.62,0,Low,,,2026-09-17 07:13:11.327262 UTC
TXN003852,CUST0375,47.44,0,Low,,,2026-09-17 07:13:11.327262 UTC
TXN002949,CUST0375,175.17,0,Low,,,2026-09-17 07:13:11.327262 UTC
TXN000963,CUST0375,18.7,0,Low,,,2026-09-17 07:13:11.327262 UTC
TXN003716,CUST0375,268.72,0,Low,,,2026-09-17 07:13:11.327262 UTC
TXN004354,CUST0375,27.69,0,Low,,,2026-09-17 07:13:11.327262 UTC
TXN003074,CUST0375,35.23,0,Low,,,2026-09-17 07:13:11.327262 UTC
TXN000445,CUST0375,249.03,0,Low,,,2026-09-17 07:13:11.327262 UTC
TXN001561,CUST0007,7.66,0,Low,,,2026-09-17 07:13:11.327262 UTC
TXN003221,CUST0007,15.11,0,Low,,,2026-09-17 07:13:11.327262 UTC
TXN003581,CUST0007,192.39,0,Low,,,2026-09-17 07:13:11.327262 UTC
TXN003225,CUST0007,219.57,0,Low,,,2026-09-17 07:13:11.327262 UTC
TXN002784,CUST0007,243.49,0,Low,,,2026-09-17 07:13:11.327262 UTC
TXN004286,CUST0376,54.96,0,Low,,,2026-09-17 07:13:11.327262 UTC
TXN001263,CUST0376,111.51,0,Low,,,2026-09-17 07:13:11.327262 UTC
TXN000883,CUST0376,111.41,0,Low,,,2026-09-17 07:13:11.327262 UTC
TXN001715,CUST0376,265.23,0,Low,,,2026-09-17 07:13:11.327262 UTC
TXN001614,CUST0376,54.46,0,Low,,,2026-09-17 07:13:11.327262 UTC
TXN001601,CUST0376,133.44,0,Low,,,2026-09-17 07:13:11.327262 UTC
TXN000079,CUST0376,119.29,0,Low,,,2026-09-17 07:13:11.327262 UTC
TXN000696,CUST0376,36.81,0,Low,,,2026-09-17 07:13:11.327262 UTC
TXN002267,CUST0007,242.9,0,Low,,,2026-09-17 07:13:11.327262 UTC
TXN003073,CUST0006,55.41,0,Low,,,2026-09-17 07:13:11.327262 UTC
TXN000308,CUST0377,392.32,0,Low,,,2026-09-17 07:13:11.327262 UTC
TXN003514,CUST0377,42.92,0,Low,,,2026-09-17 07:13:11.327262 UTC
TXN004426,CUST0377,11.6,0,Low,,,2026-09-17 07:13:11.327262 UTC
TXN001933,CUST0377,138.85,0,Low,,,2026-09-17 07:13:11.327262 UTC
TXN001736,CUST0377,381.7,0,Low,,,2026-09-17 07:13:11.327262 UTC
TXN000148,CUST0377,254.98,0,Low,,,2026-09-17 07:13:11.327262 UTC
TXN001079,CUST0377,12.8,0,Low,,,2026-09-17 07:13:11.327262 UTC
TXN002792,CUST0377,14.83,0,Low,,,2026-09-17 07:13:11.327262 UTC
TXN001159,CUST0377,31.27,0,Low,,,2026-09-17 07:13:11.327262 UTC
TXN004914,CUST0378,275.55,0,Low,,,2026-09-17 07:13:11.327262 UTC
TXN001264,CUST0378,71.08,0,Low,,,2026-09-17 07:13:11.327262 UTC
TXN001381,CUST0378,40.57,0,Low,,,2026-09-17 07:13:11.327262 UTC
TXN000189,CUST0378,189.55,0,Low,,,2026-09-17 07:13:11.327262 UTC
TXN001115,CUST0378,101.25,0,Low,,,2026-09-17 07:13:11.327262 UTC
TXN003147,CUST0378,17.48,0,Low,,,2026-09-17 07:13:11.327262 UTC
TXN000810,CUST0378,125.97,0,Low,,,2026-09-17 07:13:11.327262 UTC
TXN002637,CUST0378,12.24,0,Low,,,2026-09-17 07:13:11.327262 UTC
TXN003687,CUST0378,10.32,0,Low,,,2026-09-17 07:13:11.327262 UTC
TXN000461,CUST0378,239.11,0,Low,,,2026-09-17 07:13:11.327262 UTC
TXN002419,CUST0378,23.32,0,Low,,,2026-09-17 07:13:11.327262 UTC
TXN000337,CUST0378,13.74,0,Low,,,2026-09-17 07:13:11.327262 UTC
TXN000515,CUST0378,181.51,0,Low,,,2026-09-17 07:13:11.327262 UTC
TXN000933,CUST0006,71.31,0,Low,,,2026-09-17 07:13:11.327262 UTC
TXN000725,CUST0006,23.12,0,Low,,,2026-09-17 07:13:11.327262 UTC
TXN001631,CUST0006,31.66,0,Low,,,2026-09-17 07:13:11.327262 UTC
TXN004750,CUST0379,122.73,0,Low,,,2026-09-17 07:13:11.327262 UTC
TXN000651,CUST0379,121.74,0,Low,,,2026-09-17 07:13:11.327262 UTC
TXN002984,CUST0379,8.16,0,Low,,,2026-09-17 07:13:11.327262 UTC
TXN004618,CUST0379,134.74,0,Low,,,2026-09-17 07:13:11.327262 UTC
TXN004464,CUST0379,217.7,0,Low,,,2026-09-17 07:13:11.327262 UTC
TXN003603,CUST0379,71.91,0,Low,,,2026-09-17 07:13:11.327262 UTC
TXN002215,CUST0379,41.64,0,Low,,,2026-09-17 07:13:11.327262 UTC
TXN003258,CUST0379,74.66,0,Low,,,2026-09-17 07:13:11.327262 UTC
TXN004528,CUST0379,178.97,0,Low,,,2026-09-17 07:13:11.327262 UTC
TXN002759,CUST0379,69.52,0,Low,,,2026-09-17 07:13:11.327262 UTC
TXN004116,CUST0006,13.14,0,Low,,,2026-09-17 07:13:11.327262 UTC
TXN004475,CUST0380,223.94,0,Low,,,2026-09-17 07:13:11.327262 UTC
TXN002395,CUST0380,12.3,0,Low,,,2026-09-17 07:13:11.327262 UTC
TXN000393,CUST0380,56.57,0,Low,,,2026-09-17 07:13:11.327262 UTC
TXN003540,CUST0380,15.25,0,Low,,,2026-09-17 07:13:11.327262 UTC
TXN000951,CUST0380,256.29,0,Low,,,2026-09-17 07:13:11.327262 UTC
TXN002315,CUST0380,85.49,0,Low,,,2026-09-17 07:13:11.327262 UTC
TXN004585,CUST0005,11.39,0,Low,,,2026-09-17 07:13:11.327262 UTC
TXN002939,CUST0381,117.16,0,Low,,,2026-09-17 07:13:11.327262 UTC
TXN004561,CUST0381,264.87,0,Low,,,2026-09-17 07:13:11.327262 UTC
TXN003705,CUST0381,39.71,0,Low,,,2026-09-17 07:13:11.327262 UTC
TXN004713,CUST0381,13.72,0,Low,,,2026-09-17 07:13:11.327262 UTC
TXN004563,CUST0381,120.63,0,Low,,,2026-09-17 07:13:11.327262 UTC
TXN001678,CUST0381,31.37,0,Low,,,2026-09-17 07:13:11.327262 UTC
TXN001728,CUST0381,17.93,0,Low,,,2026-09-17 07:13:11.327262 UTC
TXN002820,CUST0381,44.56,0,Low,,,2026-09-17 07:13:11.327262 UTC
TXN004925,CUST0381,17.52,0,Low,,,2026-09-17 07:13:11.327262 UTC
TXN002002,CUST0005,39.91,0,Low,,,2026-09-17 07:13:11.327262 UTC
TXN004190,CUST0005,18.66,0,Low,,,2026-09-17 07:13:11.327262 UTC
TXN001113,CUST0005,9.92,0,Low,,,2026-09-17 07:13:11.327262 UTC
TXN000373,CUST0005,18.57,0,Low,,,2026-09-17 07:13:11.327262 UTC
TXN003263,CUST0382,13.41,0,Low,,,2026-09-17 07:13:11.327262 UTC
TXN003482,CUST0382,17.08,0,Low,,,2026-09-17 07:13:11.327262 UTC
TXN004973,CUST0382,8.88,0,Low,,,2026-09-17 07:13:11.327262 UTC
TXN003878,CUST0382,80.18,0,Low,,,2026-09-17 07:13:11.327262 UTC
TXN004799,CUST0382,238.53,0,Low,,,2026-09-17 07:13:11.327262 UTC
TXN002231,CUST0382,17.41,0,Low,,,2026-09-17 07:13:11.327262 UTC
TXN001479,CUST0382,264.53,0,Low,,,2026-09-17 07:13:11.327262 UTC
TXN004349,CUST0382,103.69,0,Low,,,2026-09-17 07:13:11.327262 UTC
TXN000894,CUST0382,382.64,0,Low,,,2026-09-17 07:13:11.327262 UTC
TXN000276,CUST0382,397.36,0,Low,,,2026-09-17 07:13:11.327262 UTC
TXN004822,CUST0382,169.11,0,Low,,,2026-09-17 07:13:11.327262 UTC
TXN004208,CUST0382,9.1,0,Low,,,2026-09-17 07:13:11.327262 UTC
TXN004241,CUST0382,163.75,0,Low,,,2026-09-17 07:13:11.327262 UTC
TXN003134,CUST0005,48.92,0,Low,,,2026-09-17 07:13:11.327262 UTC
TXN001044,CUST0383,16.14,0,Low,,,2026-09-17 07:13:11.327262 UTC
TXN003356,CUST0383,70.35,0,Low,,,2026-09-17 07:13:11.327262 UTC
TXN003863,CUST0383,18.34,0,Low,,,2026-09-17 07:13:11.327262 UTC
TXN003608,CUST0383,19.24,0,Low,,,2026-09-17 07:13:11.327262 UTC
TXN003159,CUST0383,49.81,0,Low,,,2026-09-17 07:13:11.327262 UTC
TXN000639,CUST0383,154.07,0,Low,,,2026-09-17 07:13:11.327262 UTC
TXN002030,CUST0383,304.82,0,Low,,,2026-09-17 07:13:11.327262 UTC
TXN004671,CUST0383,126.87,0,Low,,,2026-09-17 07:13:11.327262 UTC
TXN000170,CUST0383,91.34,0,Low,,,2026-09-17 07:13:11.327262 UTC
TXN001288,CUST0383,29.51,0,Low,,,2026-09-17 07:13:11.327262 UTC
TXN002620,CUST0383,16.22,0,Low,,,2026-09-17 07:13:11.327262 UTC
TXN001314,CUST0005,81.66,0,Low,,,2026-09-17 07:13:11.327262 UTC
TXN001570,CUST0005,59.24,0,Low,,,2026-09-17 07:13:11.327262 UTC
TXN004276,CUST0005,304.82,0,Low,,,2026-09-17 07:13:11.327262 UTC
TXN004438,CUST0384,23.16,0,Low,,,2026-09-17 07:13:11.327262 UTC
TXN001514,CUST0384,166.85,0,Low,,,2026-09-17 07:13:11.327262 UTC
TXN001265,CUST0384,50.08,0,Low,,,2026-09-17 07:13:11.327262 UTC
TXN003750,CUST0384,8.86,0,Low,,,2026-09-17 07:13:11.327262 UTC
TXN000385,CUST0384,8.91,0,Low,,,2026-09-17 07:13:11.327262 UTC
TXN002453,CUST0384,24.89,0,Low,,,2026-09-17 07:13:11.327262 UTC
TXN001237,CUST0384,9.8,0,Low,,,2026-09-17 07:13:11.327262 UTC
TXN001789,CUST0384,82.13,0,Low,,,2026-09-17 07:13:11.327262 UTC
TXN001825,CUST0384,68.28,0,Low,,,2026-09-17 07:13:11.327262 UTC
TXN004198,CUST0384,31.5,0,Low,,,2026-09-17 07:13:11.327262 UTC
TXN004638,CUST0005,20.35,0,Low,,,2026-09-17 07:13:11.327262 UTC
TXN000817,CUST0005,65.28,0,Low,,,2026-09-17 07:13:11.327262 UTC
TXN000506,CUST0005,140.08,0,Low,,,2026-09-17 07:13:11.327262 UTC
TXN002899,CUST0385,68.58,0,Low,,,2026-09-17 07:13:11.327262 UTC
TXN004626,CUST0385,29.75,0,Low,,,2026-09-17 07:13:11.327262 UTC
TXN000495,CUST0385,18.35,0,Low,,,2026-09-17 07:13:11.327262 UTC
TXN002542,CUST0385,11.49,0,Low,,,2026-09-17 07:13:11.327262 UTC
TXN000704,CUST0385,28.16,0,Low,,,2026-09-17 07:13:11.327262 UTC
TXN003256,CUST0385,11.46,0,Low,,,2026-09-17 07:13:11.327262 UTC
TXN004940,CUST0385,144.48,0,Low,,,2026-09-17 07:13:11.327262 UTC
TXN001849,CUST0385,95.57,0,Low,,,2026-09-17 07:13:11.327262 UTC
TXN002163,CUST0005,89.91,0,Low,,,2026-09-17 07:13:11.327262 UTC
TXN003796,CUST0386,36.21,0,Low,,,2026-09-17 07:13:11.327262 UTC
TXN001800,CUST0386,32.54,0,Low,,,2026-09-17 07:13:11.327262 UTC
TXN001905,CUST0386,69.59,0,Low,,,2026-09-17 07:13:11.327262 UTC
TXN000407,CUST0386,8.15,0,Low,,,2026-09-17 07:13:11.327262 UTC
TXN001759,CUST0386,107.07,0,Low,,,2026-09-17 07:13:11.327262 UTC
TXN001326,CUST0386,31.09,0,Low,,,2026-09-17 07:13:11.327262 UTC
TXN004102,CUST0386,42.79,0,Low,,,2026-09-17 07:13:11.327262 UTC
TXN002019,CUST0386,80.85,0,Low,,,2026-09-17 07:13:11.327262 UTC
TXN000866,CUST0386,150.8,0,Low,,,2026-09-17 07:13:11.327262 UTC
TXN004489,CUST0386,9.28,0,Low,,,2026-09-17 07:13:11.327262 UTC
TXN002941,CUST0005,185.32,0,Low,,,2026-09-17 07:13:11.327262 UTC
TXN001671,CUST0005,23.25,0,Low,,,2026-09-17 07:13:11.327262 UTC
TXN002593,CUST0387,135.02,0,Low,,,2026-09-17 07:13:11.327262 UTC
TXN004045,CUST0387,50.28,0,Low,,,2026-09-17 07:13:11.327262 UTC
TXN004851,CUST0387,26.72,0,Low,,,2026-09-17 07:13:11.327262 UTC
TXN004840,CUST0387,115.06,0,Low,,,2026-09-17 07:13:11.327262 UTC
TXN000144,CUST0387,208.12,0,Low,,,2026-09-17 07:13:11.327262 UTC
TXN001222,CUST0387,242.05,0,Low,,,2026-09-17 07:13:11.327262 UTC
TXN000657,CUST0387,9.89,0,Low,,,2026-09-17 07:13:11.327262 UTC
TXN000705,CUST0005,26.06,0,Low,,,2026-09-17 07:13:11.327262 UTC
TXN002858,CUST0004,84.11,0,Low,,,2026-09-17 07:13:11.327262 UTC
TXN001999,CUST0004,63.47,0,Low,,,2026-09-17 07:13:11.327262 UTC
TXN003889,CUST0388,25.99,0,Low,,,2026-09-17 07:13:11.327262 UTC
TXN003582,CUST0388,90.51,0,Low,,,2026-09-17 07:13:11.327262 UTC
TXN004891,CUST0388,8.95,0,Low,,,2026-09-17 07:13:11.327262 UTC
TXN002001,CUST0388,184.2,0,Low,,,2026-09-17 07:13:11.327262 UTC
TXN001026,CUST0388,230.28,0,Low,,,2026-09-17 07:13:11.327262 UTC
TXN004097,CUST0388,74.91,0,Low,,,2026-09-17 07:13:11.327262 UTC
TXN001414,CUST0388,66.84,0,Low,,,2026-09-17 07:13:11.327262 UTC
TXN000277,CUST0004,16.04,0,Low,,,2026-09-17 07:13:11.327262 UTC
TXN004898,CUST0004,86.67,0,Low,,,2026-09-17 07:13:11.327262 UTC
TXN002901,CUST0389,297.31,0,Low,,,2026-09-17 07:13:11.327262 UTC
TXN001170,CUST0389,152.37,0,Low,,,2026-09-17 07:13:11.327262 UTC
TXN002463,CUST0389,22.32,0,Low,,,2026-09-17 07:13:11.327262 UTC
TXN004114,CUST0389,7.71,0,Low,,,2026-09-17 07:13:11.327262 UTC
TXN000612,CUST0389,84.32,0,Low,,,2026-09-17 07:13:11.327262 UTC
TXN004223,CUST0389,45.12,0,Low,,,2026-09-17 07:13:11.327262 UTC
TXN001652,CUST0389,63.93,0,Low,,,2026-09-17 07:13:11.327262 UTC
TXN003480,CUST0389,8.51,0,Low,,,2026-09-17 07:13:11.327262 UTC
TXN002678,CUST0389,191.02,0,Low,,,2026-09-17 07:13:11.327262 UTC
TXN003943,CUST0389,13.79,0,Low,,,2026-09-17 07:13:11.327262 UTC
TXN002796,CUST0389,8.7,0,Low,,,2026-09-17 07:13:11.327262 UTC
TXN003450,CUST0004,8.64,0,Low,,,2026-09-17 07:13:11.327262 UTC
TXN000259,CUST0004,81.83,0,Low,,,2026-09-17 07:13:11.327262 UTC
TXN000476,CUST0390,68.31,0,Low,,,2026-09-17 07:13:11.327262 UTC
TXN004030,CUST0390,22.1,0,Low,,,2026-09-17 07:13:11.327262 UTC
TXN003529,CUST0390,9.56,0,Low,,,2026-09-17 07:13:11.327262 UTC
TXN001289,CUST0390,94.06,0,Low,,,2026-09-17 07:13:11.327262 UTC
TXN001201,CUST0390,21.7,0,Low,,,2026-09-17 07:13:11.327262 UTC
TXN003292,CUST0390,15.72,0,Low,,,2026-09-17 07:13:11.327262 UTC
TXN000068,CUST0390,238.11,0,Low,,,2026-09-17 07:13:11.327262 UTC
TXN003370,CUST0390,105.98,0,Low,,,2026-09-17 07:13:11.327262 UTC
TXN000828,CUST0004,68.29,0,Low,,,2026-09-17 07:13:11.327262 UTC
TXN001100,CUST0004,102.12,0,Low,,,2026-09-17 07:13:11.327262 UTC
TXN000047,CUST0003,72.91,0,Low,,,2026-09-17 07:13:11.327262 UTC
TXN002844,CUST0391,7.85,0,Low,,,2026-09-17 07:13:11.327262 UTC
TXN003274,CUST0391,81.84,0,Low,,,2026-09-17 07:13:11.327262 UTC
TXN003668,CUST0391,119.77,0,Low,,,2026-09-17 07:13:11.327262 UTC
TXN002782,CUST0391,8.11,0,Low,,,2026-09-17 07:13:11.327262 UTC
TXN002778,CUST0391,25.92,0,Low,,,2026-09-17 07:13:11.327262 UTC
TXN004415,CUST0391,213.94,0,Low,,,2026-09-17 07:13:11.327262 UTC
TXN002272,CUST0391,27.2,0,Low,,,2026-09-17 07:13:11.327262 UTC
TXN001932,CUST0391,8.04,0,Low,,,2026-09-17 07:13:11.327262 UTC
TXN002155,CUST0391,127.46,0,Low,,,2026-09-17 07:13:11.327262 UTC
TXN002214,CUST0391,31.58,0,Low,,,2026-09-17 07:13:11.327262 UTC
TXN001699,CUST0391,17.03,0,Low,,,2026-09-17 07:13:11.327262 UTC
TXN000015,CUST0003,41.01,0,Low,,,2026-09-17 07:13:11.327262 UTC
TXN002727,CUST0392,30.25,0,Low,,,2026-09-17 07:13:11.327262 UTC
TXN000126,CUST0392,11.54,0,Low,,,2026-09-17 07:13:11.327262 UTC
TXN003646,CUST0392,34.8,0,Low,,,2026-09-17 07:13:11.327262 UTC
TXN002276,CUST0392,39.8,0,Low,,,2026-09-17 07:13:11.327262 UTC
TXN004195,CUST0392,12.99,0,Low,,,2026-09-17 07:13:11.327262 UTC
TXN004169,CUST0392,9.25,0,Low,,,2026-09-17 07:13:11.327262 UTC
TXN001328,CUST0392,290.74,0,Low,,,2026-09-17 07:13:11.327262 UTC
TXN001369,CUST0392,48.05,0,Low,,,2026-09-17 07:13:11.327262 UTC
TXN003042,CUST0392,59.95,0,Low,,,2026-09-17 07:13:11.327262 UTC
TXN001533,CUST0003,186.63,0,Low,,,2026-09-17 07:13:11.327262 UTC
TXN004226,CUST0003,192.42,0,Low,,,2026-09-17 07:13:11.327262 UTC
TXN000396,CUST0003,9.76,0,Low,,,2026-09-17 07:13:11.327262 UTC
TXN003183,CUST0393,75.3,0,Low,,,2026-09-17 07:13:11.327262 UTC
TXN001846,CUST0393,30.29,0,Low,,,2026-09-17 07:13:11.327262 UTC
TXN003318,CUST0393,25.22,0,Low,,,2026-09-17 07:13:11.327262 UTC
TXN004650,CUST0393,103.98,0,Low,,,2026-09-17 07:13:11.327262 UTC
TXN001596,CUST0393,156.41,0,Low,,,2026-09-17 07:13:11.327262 UTC
TXN000344,CUST0393,33.72,0,Low,,,2026-09-17 07:13:11.327262 UTC
TXN002000,CUST0393,44.95,0,Low,,,2026-09-17 07:13:11.327262 UTC
TXN002435,CUST0393,41.93,0,Low,,,2026-09-17 07:13:11.327262 UTC
TXN000463,CUST0003,294.55,0,Low,,,2026-09-17 07:13:11.327262 UTC
TXN003484,CUST0003,13.41,0,Low,,,2026-09-17 07:13:11.327262 UTC
TXN003353,CUST0003,23.78,0,Low,,,2026-09-17 07:13:11.327262 UTC
TXN002380,CUST0002,82.46,0,Low,,,2026-09-17 07:13:11.327262 UTC
TXN002318,CUST0394,20.22,0,Low,,,2026-09-17 07:13:11.327262 UTC
TXN001838,CUST0394,19.82,0,Low,,,2026-09-17 07:13:11.327262 UTC
TXN002917,CUST0394,8.82,0,Low,,,2026-09-17 07:13:11.327262 UTC
TXN003674,CUST0394,12.23,0,Low,,,2026-09-17 07:13:11.327262 UTC
TXN000402,CUST0394,14.23,0,Low,,,2026-09-17 07:13:11.327262 UTC
TXN003098,CUST0394,340.49,0,Low,,,2026-09-17 07:13:11.327262 UTC
TXN001569,CUST0394,173.6,0,Low,,,2026-09-17 07:13:11.327262 UTC
TXN001806,CUST0394,163.07,0,Low,,,2026-09-17 07:13:11.327262 UTC
TXN002072,CUST0394,27.47,0,Low,,,2026-09-17 07:13:11.327262 UTC
TXN000682,CUST0394,119.04,0,Low,,,2026-09-17 07:13:11.327262 UTC
TXN004577,CUST0002,9.47,0,Low,,,2026-09-17 07:13:11.327262 UTC
TXN004588,CUST0002,324.36,0,Low,,,2026-09-17 07:13:11.327262 UTC
TXN002887,CUST0395,17.48,0,Low,,,2026-09-17 07:13:11.327262 UTC
TXN003915,CUST0395,231.74,0,Low,,,2026-09-17 07:13:11.327262 UTC
TXN001844,CUST0395,163.71,0,Low,,,2026-09-17 07:13:11.327262 UTC
TXN002442,CUST0395,317.62,0,Low,,,2026-09-17 07:13:11.327262 UTC
TXN001774,CUST0395,150.7,0,Low,,,2026-09-17 07:13:11.327262 UTC
TXN002802,CUST0002,151.05,0,Low,,,2026-09-17 07:13:11.327262 UTC
TXN002293,CUST0001,167.76,0,Low,,,2026-09-17 07:13:11.327262 UTC
TXN003204,CUST0001,27.13,0,Low,,,2026-09-17 07:13:11.327262 UTC
TXN000299,CUST0396,143.51,0,Low,,,2026-09-17 07:13:11.327262 UTC
TXN004892,CUST0396,83.84,0,Low,,,2026-09-17 07:13:11.327262 UTC
TXN001392,CUST0396,81.21,0,Low,,,2026-09-17 07:13:11.327262 UTC
TXN000556,CUST0396,281.42,0,Low,,,2026-09-17 07:13:11.327262 UTC
TXN000909,CUST0396,71.74,0,Low,,,2026-09-17 07:13:11.327262 UTC
TXN000746,CUST0396,14.47,0,Low,,,2026-09-17 07:13:11.327262 UTC
TXN002768,CUST0396,35.94,0,Low,,,2026-09-17 07:13:11.327262 UTC
TXN000832,CUST0001,33.03,0,Low,,,2026-09-17 07:13:11.327262 UTC
TXN002671,CUST0001,51.1,0,Low,,,2026-09-17 07:13:11.327262 UTC
TXN002889,CUST0001,13.48,0,Low,,,2026-09-17 07:13:11.327262 UTC
TXN002487,CUST0001,8.31,0,Low,,,2026-09-17 07:13:11.327262 UTC
TXN001175,CUST0397,40.9,0,Low,,,2026-09-17 07:13:11.327262 UTC
TXN002681,CUST0397,11.67,0,Low,,,2026-09-17 07:13:11.327262 UTC
TXN003504,CUST0397,231.98,0,Low,,,2026-09-17 07:13:11.327262 UTC
TXN002213,CUST0397,24.37,0,Low,,,2026-09-17 07:13:11.327262 UTC
TXN004218,CUST0397,150.73,0,Low,,,2026-09-17 07:13:11.327262 UTC
TXN004360,CUST0397,146.57,0,Low,,,2026-09-17 07:13:11.327262 UTC
TXN003284,CUST0397,25.3,0,Low,,,2026-09-17 07:13:11.327262 UTC
TXN002203,CUST0397,70.62,0,Low,,,2026-09-17 07:13:11.327262 UTC
TXN002607,CUST0397,133.03,0,Low,,,2026-09-17 07:13:11.327262 UTC
TXN003328,CUST0397,20.95,0,Low,,,2026-09-17 07:13:11.327262 UTC
TXN002906,CUST0397,136.03,0,Low,,,2026-09-17 07:13:11.327262 UTC
TXN001536,CUST0397,26.75,0,Low,,,2026-09-17 07:13:11.327262 UTC
TXN004680,CUST0001,300.07,0,Low,,,2026-09-17 07:13:11.327262 UTC
TXN000764,CUST0001,78.63,0,Low,,,2026-09-17 07:13:11.327262 UTC
TXN001523,CUST0001,65.79,0,Low,,,2026-09-17 07:13:11.327262 UTC
TXN004008,CUST0398,7.8,0,Low,,,2026-09-17 07:13:11.327262 UTC
TXN000577,CUST0398,22.26,0,Low,,,2026-09-17 07:13:11.327262 UTC
TXN002707,CUST0398,11.23,0,Low,,,2026-09-17 07:13:11.327262 UTC
TXN004156,CUST0398,140.09,0,Low,,,2026-09-17 07:13:11.327262 UTC
TXN002714,CUST0398,9.38,0,Low,,,2026-09-17 07:13:11.327262 UTC
TXN000676,CUST0398,10.64,0,Low,,,2026-09-17 07:13:11.327262 UTC
TXN003885,CUST0398,121.12,0,Low,,,2026-09-17 07:13:11.327262 UTC
TXN002411,CUST0398,131.38,0,Low,,,2026-09-17 07:13:11.327262 UTC
TXN002704,CUST0398,46.38,0,Low,,,2026-09-17 07:13:11.327262 UTC
TXN000779,CUST0398,271.68,0,Low,,,2026-09-17 07:13:11.327262 UTC
TXN000982,CUST0398,16.26,0,Low,,,2026-09-17 07:13:11.327262 UTC
TXN000718,CUST0398,29.71,0,Low,,,2026-09-17 07:13:11.327262 UTC
TXN000338,CUST0398,79.93,0,Low,,,2026-09-17 07:13:11.327262 UTC
TXN001796,CUST0398,324.63,0,Low,,,2026-09-17 07:13:11.327262 UTC
TXN002827,CUST0398,15.82,0,Low,,,2026-09-17 07:13:11.327262 UTC
TXN004239,CUST0398,12.94,0,Low,,,2026-09-17 07:13:11.327262 UTC
TXN002595,CUST0398,165.92,0,Low,,,2026-09-17 07:13:11.327262 UTC
TXN000824,CUST0398,96.06,0,Low,,,2026-09-17 07:13:11.327262 UTC
TXN000125,CUST0001,18.22,0,Low,,,2026-09-17 07:13:11.327262 UTC
TXN003585,CUST0399,28.15,0,Low,,,2026-09-17 07:13:11.327262 UTC
TXN003501,CUST0399,192.18,0,Low,,,2026-09-17 07:13:11.327262 UTC
TXN001620,CUST0399,67.54,0,Low,,,2026-09-17 07:13:11.327262 UTC
TXN001340,CUST0399,166.62,0,Low,,,2026-09-17 07:13:11.327262 UTC
TXN002254,CUST0399,139.2,0,Low,,,2026-09-17 07:13:11.327262 UTC
TXN003068,CUST0399,14.24,0,Low,,,2026-09-17 07:13:11.327262 UTC
TXN002553,CUST0399,12.45,0,Low,,,2026-09-17 07:13:11.327262 UTC
TXN000522,CUST0399,277.15,0,Low,,,2026-09-17 07:13:11.327262 UTC
TXN001549,CUST0399,29.35,0,Low,,,2026-09-17 07:13:11.327262 UTC
TXN000585,CUST0399,164.75,0,Low,,,2026-09-17 07:13:11.327262 UTC
TXN004502,CUST0399,129.55,0,Low,,,2026-09-17 07:13:11.327262 UTC
TXN004947,CUST0399,50.1,0,Low,,,2026-09-17 07:13:11.327262 UTC
TXN002382,CUST0399,348.41,0,Low,,,2026-09-17 07:13:11.327262 UTC
TXN003973,CUST0001,49.08,0,Low,,,2026-09-17 07:13:11.327262 UTC
TXN002580,CUST0400,30.18,0,Low,,,2026-09-17 07:13:11.327262 UTC
TXN001084,CUST0400,26.38,0,Low,,,2026-09-17 07:13:11.327262 UTC
TXN001145,CUST0400,100.77,0,Low,,,2026-09-17 07:13:11.327262 UTC
TXN001692,CUST0400,36.0,0,Low,,,2026-09-17 07:13:11.327262 UTC
TXN004001,CUST0400,28.77,0,Low,,,2026-09-17 07:13:11.327262 UTC
TXN004963,CUST0400,143.62,0,Low,,,2026-09-17 07:13:11.327262 UTC
TXN004104,CUST0400,67.91,0,Low,,,2026-09-17 07:13:11.327262 UTC
TXN000940,CUST0400,20.74,0,Low,,,2026-09-17 07:13:11.327262 UTC
TXN002455,CUST0400,149.66,0,Low,,,2026-09-17 07:13:11.327262 UTC
TXN004788,CUST0199,125.18,0,Low,,,2026-09-17 07:13:11.327262 UTC
TXN000925,CUST0239,8.72,0,Low,,,2026-09-17 07:13:11.327262 UTC